time_s,reference_position_rad,load_torque_nm,true_position_rad,true_speed_rad_s,true_current_a,estimated_position_rad,estimated_speed_rad_s,estimated_current_a,position_estimation_error_rad,speed_estimation_error_rad_s,current_estimation_error_a,normalized_estimation_error_max,requested_voltage_v,applied_voltage_v,saturated
0.0,0.01,0.0,0.0,0.0,0.0,0.0,0.0,0.0,0.0,0.0,0.0,0.0,5.544338217446472,5.544338217446472,0
0.001,0.01,0.0,1.84257983819671e-09,5.522218031745213e-06,0.011077595110381094,1.84257983819671e-09,5.522218031745213e-06,0.011077595110381094,0.0,0.0,0.0,0.0,5.434158247068886,5.434158247068886,0
0.002,0.01,0.0,1.4659941177907248e-08,2.1891106499727285e-05,0.021912917224008885,1.4659941177907248e-08,2.1891106499727285e-05,0.021912917224008885,0.0,0.0,0.0,0.0,5.3257739020265,5.3257739020265,0
0.003,0.01,0.0,4.912464494247496e-08,4.875970323113938e-05,0.032510037851229696,4.912464494247496e-08,4.875970323113938e-05,0.032510037851229696,0.0,0.0,0.0,0.0,5.219158115227179,5.219158115227179,0
0.004,0.01,0.0,1.1556603756396577e-07,8.57885185940223e-05,0.04287296629427801,1.1556603756396577e-07,8.57885185940223e-05,0.04287296629427801,0.0,0.0,0.0,0.0,5.114284212649434,5.114284212649434,0
0.005,0.01,0.0,2.239776554361893e-07,0.00013264539969952353,0.05300565055677608,2.239776554361893e-07,0.00013264539969952353,0.05300565055677608,0.0,0.0,0.0,0.0,5.011125907744026,5.011125907744026,0
0.006,0.01,0.0,3.8402449469778555e-07,0.00018900539685385318,0.06291197824023345,3.8402449469778555e-07,0.00018900539685385318,0.06291197824023345,0.0,0.0,0.0,0.0,4.90965729591448,4.90965729591448,0
0.007,0.01,0.0,6.050501485774148e-07,0.0002545506322247079,0.07259577742773003,6.050501485774148e-07,0.0002545506322247079,0.07259577742773003,0.0,0.0,0.0,0.0,4.809852849075372,4.809852849075372,0
0.008,0.01,0.0,8.960838144981268e-07,0.00032897017068746627,0.08206081755496353,8.960838144981268e-07,0.00032897017068746627,0.08206081755496353,0.0,0.0,0.0,0.0,4.711687410287342,4.711687410287342,0
0.009000000000000001,0.01,0.0,1.2658471731035506e-06,0.0004119598928169828,0.0913108102688399,1.2658471731035506e-06,0.0004119598928169828,0.0913108102688399,0.0,0.0,0.0,0.0,4.615136188467718,4.615136188467718,0
0.01,0.01,0.0,1.722761141334633e-06,0.0005032223699913244,0.10034941027378266,1.722761141334633e-06,0.0005032223699913244,0.10034941027378266,0.0,0.0,0.0,0.0,4.520174753175712,4.520174753175712,0
0.011,0.01,0.0,2.274952501652253e-06,0.0006024667415743011,0.10918021616593457,2.274952501652253e-06,0.0006024667415743011,0.10918021616593457,0.0,0.0,0.0,0.0,4.426779029471145,4.426779029471145,0
0.012,0.01,0.0,2.9302604094681373e-06,0.0007094085941441459,0.11780677125542269,2.9302604094681373e-06,0.0007094085941441459,0.11780677125542269,0.0,0.0,0.0,0.0,4.3349252928456625,4.3349252928456625,0
0.013000000000000001,0.01,0.0,3.6962427808141194e-06,0.0008237698427361902,0.12623256437685557,3.6962427808141194e-06,0.0008237698427361902,0.12623256437685557,0.0,0.0,0.0,0.0,4.244590164225421,4.244590164225421,0
0.014,0.01,0.0,4.58018256224785e-06,0.000945278614067868,0.13446103068821877,4.58018256224785e-06,0.000945278614067868,0.13446103068821877,0.0,0.0,0.0,0.0,4.155750605044261,4.155750605044261,0
0.015,0.01,0.0,5.5890938849616685e-06,0.0010736691317148647,0.14249555245833256,5.5890938849616685e-06,0.0010736691317148647,0.14249555245833256,0.0,0.0,0.0,0.0,4.0683839123863565,4.0683839123863565,0
0.016,0.01,0.0,6.729728105030374e-06,0.0012086816032076944,0.15033945984303385,6.729728105030374e-06,0.0012086816032076944,0.15033945984303385,0.0,0.0,0.0,0.0,3.982467714197387,3.982467714197387,0
0.017,0.01,0.0,8.008579731703165e-06,0.0013500621090184568,0.15799603165024112,8.008579731703165e-06,0.0013500621090184568,0.15799603165024112,0.0,0.0,0.0,0.0,3.8979799645632576,3.8979799645632576,0
0.018000000000000002,0.01,0.0,9.431892245615e-06,0.0014975624934079831,0.16546849609406006,9.431892245615e-06,0.0014975624934079831,0.16546849609406006,0.0,0.0,0.0,0.0,3.8148989390554275,3.8148989390554275,0
0.019,0.01,0.0,1.1005663808763047e-05,0.0016509402571040332,0.1727600315380846,1.1005663808763047e-05,0.0016509402571040332,0.1727600315380846,0.0,0.0,0.0,0.0,3.73320323014191,3.73320323014191,0
0.02,0.01,0.0,1.2735652868064804e-05,0.0018099584517816494,0.179873767228046,1.2735652868064804e-05,0.0018099584517816494,0.179873767228046,0.0,0.0,0.0,0.0,3.6528717426630273,3.6528717426630273,0
0.021,0.01,0.0,1.4627383654285775e-05,0.001974385576317211,0.1868127840139608,1.4627383654285775e-05,0.001974385576317211,0.1868127840139608,0.0,0.0,0.0,0.0,3.5738836893710033,3.5738836893710033,0
0.022,0.01,0.0,1.6686151578096357e-05,0.002143995474788167,0.1935801150619262,1.6686151578096357e-05,0.002143995474788167,0.1935801150619262,0.0,0.0,0.0,0.0,3.4962185865325144,3.4962185865325144,0
0.023,0.01,0.0,1.8917028524989776e-05,0.0023185672361908474,0.20017874655570905,1.8917028524989776e-05,0.0023185672361908474,0.20017874655570905,0.0,0.0,0.0,0.0,3.419856249593298,3.419856249593298,0
0.024,0.01,0.0,2.132486805076555e-05,0.0024978850958491798,0.20661161838827297,2.132486805076555e-05,0.0024978850958491798,0.20661161838827297,0.0,0.0,0.0,0.0,3.34477678890396,3.34477678890396,0
0.025,0.01,0.0,2.3914310479255934e-05,0.0026817383384875352,0.2128816248433858,2.3914310479255934e-05,0.0026817383384875352,0.2128816248433858,0.0,0.0,0.0,0.0,3.2709606055061258,3.2709606055061258,0
0.026000000000000002,0.01,0.0,2.6689787903946274e-05,0.0028699212029413583,0.21899161526744812,2.6689787903946274e-05,0.0028699212029413583,0.21899161526744812,0.0,0.0,0.0,0.0,3.1983883869780727,3.1983883869780727,0
0.027,0.01,0.0,2.9655529095114072e-05,0.0030622327884796104,0.22494439473168057,2.9655529095114072e-05,0.0030622327884796104,0.22494439473168057,0.0,0.0,0.0,0.0,3.12704110333903,3.12704110333903,0
0.028,0.01,0.0,3.281556431408571e-05,0.003258476962713474,0.2307427246848071,3.281556431408571e-05,0.003258476962713474,0.2307427246848071,0.0,0.0,0.0,0.0,3.0569000030113043,3.0569000030113043,0
0.029,0.01,0.0,3.617373003618453e-05,0.00345846227106614,0.23638932359636797,3.617373003618453e-05,0.00345846227106614,0.23638932359636797,0.0,0.0,0.0,0.0,2.987946608839438,2.987946608839438,0
0.03,0.01,0.0,3.973367358391884e-05,0.0036620018477788842,0.24188686759079572,3.973367358391884e-05,0.0036620018477788842,0.24188686759079572,0.0,0.0,0.0,0.0,2.920162714165583,2.920162714165583,0
0.031,0.01,0.0,4.349885767193405e-05,0.0038689133284290304,0.24723799107238453,4.349885767193405e-05,0.0038689133284290304,0.24723799107238453,0.0,0.0,0.0,0.0,2.853530378960316,2.853530378960316,0
0.032,0.01,0.0,4.747256486522861e-05,0.004079018763935748,0.25244528734128197,4.747256486522861e-05,0.004079018763935748,0.25244528734128197,0.0,0.0,0.0,0.0,2.788031926008107,2.788031926008107,0
0.033,0.01,0.0,5.165790195210976e-05,0.004292144536030024,0.25751130920063026,5.165790195210976e-05,0.004292144536030024,0.25751130920063026,0.0,0.0,0.0,0.0,2.7236499371466785,2.7236499371466785,0
0.034,0.01,0.0,5.60578042333417e-05,0.004508121274165476,0.26243856955498246,5.60578042333417e-05,0.004508121274165476,0.26243856955498246,0.0,0.0,0.0,0.0,2.6603672495595037,2.6603672495595037,0
0.035,0.01,0.0,6.067503972891537e-05,0.004726783773847083,0.2672295420001169,6.067503972891537e-05,0.004726783773847083,0.2672295420001169,0.0,0.0,0.0,0.0,2.598166952120689,2.598166952120689,0
0.036000000000000004,0.01,0.0,6.551221330384643e-05,0.004947970916355179,0.271886661404372,6.551221330384643e-05,0.004947970916355179,0.271886661404372,0.0,0.0,0.0,0.0,2.5370323817915117,2.5370323817915117,0
0.037,0.01,0.0,7.057177071438569e-05,0.0051715255898425036,0.2764123244816214,7.057177071438569e-05,0.0051715255898425036,0.2764123244816214,0.0,0.0,0.0,0.0,2.47694712006789,2.47694712006789,0
0.038,0.01,0.0,7.585600257600384e-05,0.005397294611782349,0.28080889035600787,7.585600257600384e-05,0.005397294611782349,0.28080889035600787,0.0,0.0,0.0,0.0,2.4178949894780604,2.4178949894780604,0
0.039,0.01,0.0,8.136704825449099e-05,0.0056251286527462295,0.28507868111855295,8.136704825449099e-05,0.0056251286527462295,0.28507868111855295,0.0,0.0,0.0,0.0,2.359860050129772,2.359860050129772,0
0.04,0.01,0.0,8.71068996814897e-05,0.005854882161489817,0.2892239823757568,8.71068996814897e-05,0.005854882161489817,0.2892239823757568,0.0,0.0,0.0,0.0,2.302826596306296,2.302826596306296,0
0.041,0.01,0.0,9.307740509575936e-05,0.006086413291326227,0.2932470437903029,9.307740509575936e-05,0.006086413291326227,0.2932470437903029,0.0,0.0,0.0,0.0,2.2467791531105554,2.2467791531105554,0
0.042,0.01,0.0,9.928027271144892e-05,0.006319583827766017,0.2971500796139784,9.928027271144892e-05,0.006319583827766017,0.2971500796139784,0.0,0.0,0.0,0.0,2.1917024731567216,2.1917024731567216,0
0.043000000000000003,0.01,0.0,0.00010571707431463453,0.006554259117403628,0.30093526921292085,0.00010571707431463453,0.006554259117403628,0.30093526921292085,0.0,0.0,0.0,0.0,2.137581533308591,2.137581533308591,0
0.044,0.01,0.0,0.00011238924878935847,0.006790307998030269,0.30460475758530076,0.00011238924878935847,0.006790307998030269,0.30460475758530076,0.0,0.0,0.0,0.0,2.0844015314640956,2.0844015314640956,0
0.045,0.01,0.0,0.00011929810557438602,0.0070276027299535845,0.30816065587154606,0.00011929810557438602,0.0070276027299535845,0.30816065587154606,0.0,0.0,0.0,0.0,2.0321478833852953,2.0321478833852953,0
0.046,0.01,0.0,0.00012644482805187725,0.007266018928504706,0.311605041857215,0.00012644482805187725,0.007266018928504706,0.311605041857215,0.0,0.0,0.0,0.0,1.9808062195732208,1.9808062195732208,0
0.047,0.01,0.0,0.0001338304768691517,0.00750543549771364,0.31493996046862177,0.0001338304768691517,0.00750543549771364,0.31493996046862177,0.0,0.0,0.0,0.0,1.9303623821869245,1.9303623821869245,0
0.048,0.01,0.0,0.00014145599319470456,0.007745734565134176,0.318167424261317,0.00014145599319470456,0.007745734565134176,0.318167424261317,0.0,0.0,0.0,0.0,1.8808024220061337,1.8808024220061337,0
0.049,0.01,0.0,0.00014932220190961505,0.007986801417799843,0.32128941390152543,0.00014932220190961505,0.007986801417799843,0.32128941390152543,0.0,0.0,0.0,0.0,1.8321125954368802,1.8321125954368802,0
0.05,0.01,0.0,0.0001574298147354685,0.008228524439292688,0.3243078786406399,0.0001574298147354685,0.008228524439292688,0.3243078786406399,0.0,0.0,0.0,0.0,1.7842793615595118,1.7842793615595118,0
0.051000000000000004,0.01,0.0,0.00016577943329989622,0.008470795047906942,0.32722473678287056,0.00016577943329989622,0.008470795047906942,0.32722473678287056,0.0,0.0,0.0,0.0,1.7372893792184874,1.7372893792184874,0
0.052000000000000005,0.01,0.0,0.0001743715521408192,0.008713507635889938,0.3300418761461463,0.0001743715521408192,0.008713507635889938,0.3300418761461463,0.0,0.0,0.0,0.0,1.691129504153369,1.691129504153369,0
0.053,0.01,0.0,0.0001832065616504638,0.008956559509742867,0.33276115451636407,0.0001832065616504638,0.008956559509742867,0.33276115451636407,0.0,0.0,0.0,0.0,1.645786786170432,1.645786786170432,0
0.054,0.01,0.0,0.00019228475096020125,0.009199850831564268,0.3353844000950812,0.00019228475096020125,0.009199850831564268,0.3353844000950812,0.0,0.0,0.0,0.0,1.6012484663543236,1.6012484663543236,0
0.055,0.01,0.0,0.000201606310767245,0.00944328456141941,0.33791341194074254,0.000201606310767245,0.00944328456141941,0.33791341194074254,0.0,0.0,0.0,0.0,1.5575019743192056,1.5575019743192056,0
0.056,0.01,0.0,0.00021117133610422324,0.009686766400718954,0.34034996040353555,0.00021117133610422324,0.009686766400718954,0.34034996040353555,0.0,0.0,0.0,0.0,1.514534925498829,1.514534925498829,0
0.057,0.01,0.0,0.00022097982905262798,0.009930204736590552,0.3426957875539629,0.00022097982905262798,0.009930204736590552,0.3426957875539629,0.0,0.0,0.0,0.0,1.472335118474989,1.472335118474989,0
0.058,0.01,0.0,0.0002310317014011257,0.010173510587227328,0.3449526076052224,0.0002310317014011257,0.010173510587227328,0.3449526076052224,0.0,0.0,0.0,0.0,1.4308905323438328,1.4308905323438328,0
0.059000000000000004,0.01,0.0,0.0002413267772496979,0.010416597548197366,0.34712210732948157,0.0002413267772496979,0.010416597548197366,0.34712210732948157,0.0,0.0,0.0,0.0,1.3901893241194676,1.3901893241194676,0
0.06,0.01,0.0,0.0002518647955605657,0.010659381739698636,0.3492059464681344,0.0002518647955605657,0.010659381739698636,0.3492059464681344,0.0,0.0,0.0,0.0,1.3502198261743672,1.3502198261743672,0
0.061,0.01,0.0,0.000262645412656835,0.010901781754743996,0.3512057581361251,0.000262645412656835,0.010901781754743996,0.3512057581361251,0.0,0.0,0.0,0.0,1.3109705437160475,1.3109705437160475,0
0.062,0.01,0.0,0.00027366820466978613,0.011143718608261147,0.35312314922042365,0.00027366820466978613,0.011143718608261147,0.35312314922042365,0.0,0.0,0.0,0.0,1.2724301522994983,1.2724301522994983,0
0.063,0.01,0.0,0.0002849326699357139,0.011385115687092683,0.3549597007727357,0.0002849326699357139,0.011385115687092683,0.3549597007727357,0.0,0.0,0.0,0.0,1.2345874953748828,1.2345874953748828,0
0.064,0.01,0.0,0.00029643823134321216,0.011625898700881557,0.3567169683965296,0.00029643823134321216,0.011625898700881557,0.3567169683965296,0.0,0.0,0.0,0.0,1.1974315818699903,1.1974315818699903,0
0.065,0.01,0.0,0.00030818423863178076,0.011865995633827548,0.35839648262846047,0.00030818423863178076,0.011865995633827548,0.35839648262846047,0.0,0.0,0.0,0.0,1.160951583806976,1.160951583806976,0
0.066,0.01,0.0,0.0003201699706426177,0.012105336697300543,0.3599997493142715,0.0003201699706426177,0.012105336697300543,0.3599997493142715,0.0,0.0,0.0,0.0,1.125136833952884,1.125136833952884,0
0.067,0.01,0.0,0.00033239463752244793,0.012343854283296625,0.36152824997925087,0.00033239463752244793,0.012343854283296625,0.36152824997925087,0.0,0.0,0.0,0.0,1.0899768235034877,1.0899768235034877,0
0.068,0.01,0.0,0.0003448573828812236,0.01258148291872322,0.36298344219332196,0.0003448573828812236,0.01258148291872322,0.36298344219332196,0.0,0.0,0.0,0.0,1.055461199799991,1.055461199799991,0
0.069,0.01,0.0,0.00035755728590451804,0.012818159220499758,0.3643667599308425,0.00035755728590451804,0.012818159220499758,0.3643667599308425,0.0,0.0,0.0,0.0,1.0215797640781021,1.0215797640781021,0
0.07,0.01,0.0,0.00037049336342142333,0.013053821851460477,0.36567961392518883,0.00037049336342142333,0.013053821851460477,0.36567961392518883,0.0,0.0,0.0,0.0,0.9883224692490522,0.9883224692490522,0
0.07100000000000001,0.01,0.0,0.00038366457192874544,0.013288411477046267,0.3669233920181988,0.00038366457192874544,0.013288411477046267,0.3669233920181988,0.0,0.0,0.0,0.0,0.9556794177120889,0.9556794177120889,0
0.07200000000000001,0.01,0.0,0.0003970698095722809,0.013521870722772618,0.3680994595045467,0.0003970698095722809,0.013521870722772618,0.3680994595045467,0.0,0.0,0.0,0.0,0.9236408591980156,0.9236408591980156,0
0.073,0.01,0.0,0.00041070791808594387,0.013754144132460929,0.3692091594711226,0.00041070791808594387,0.013754144132460929,0.3692091594711226,0.0,0.0,0.0,0.0,0.8921971886433306,0.8921971886433306,0
0.074,0.01,0.0,0.0004245776846895011,0.013985178127220652,0.37025381313148664,0.0004245776846895011,0.013985178127220652,0.37025381313148664,0.0,0.0,0.0,0.0,0.8613389440945394,0.8613389440945394,0
0.075,0.01,0.0,0.0004386778439456593,0.014214920965169943,0.3712347201554689,0.0004386778439456593,0.014214920965169943,0.3712347201554689,0.0,0.0,0.0,0.0,0.8310568046422251,0.8310568046422251,0
0.076,0.01,0.0,0.00045300707957723744,0.014443322701882687,0.37215315899398366,0.00045300707957723744,0.014443322701882687,0.37215315899398366,0.0,0.0,0.0,0.0,0.8013415883844353,0.8013415883844353,0
0.077,0.01,0.0,0.0004675640262451438,0.014670335151549889,0.37301038719912666,0.0004675640262451438,0.014670335151549889,0.37301038719912666,0.0,0.0,0.0,0.0,0.7721842504189942,0.7721842504189942,0
0.078,0.01,0.0,0.0004823472712878675,0.014895911848843734,0.3738076417396216,0.0004823472712878675,0.014895911848843734,0.3738076417396216,0.0,0.0,0.0,0.0,0.7435758808643325,0.7435758808643325,0
0.079,0.01,0.0,0.0004973553564231796,0.01512000801147268,0.37454613931168346,0.0004973553564231796,0.01512000801147268,0.37454613931168346,0.0,0.0,0.0,0.0,0.7155077029084111,0.7155077029084111,0
0.08,0.01,0.0,0.0005125867794127311,0.015342580503416189,0.3752270766453624,0.0005125867794127311,0.015342580503416189,0.3752270766453624,0.0,0.0,0.0,0.0,0.687971070885375,0.687971070885375,0
0.081,0.01,0.0,0.00052803999569022,0.015563587798827896,0.3758516308064344,0.00052803999569022,0.015563587798827896,0.3758516308064344,0.0,0.0,0.0,0.0,0.660957468379519,0.660957468379519,0
0.082,0.01,0.0,0.0005437134199537913,0.01578298994659613,0.3764209594939003,0.0005437134199537913,0.01578298994659613,0.3764209594939003,0.0,0.0,0.0,0.0,0.6344585063562054,0.6344585063562054,0
0.083,0.01,0.0,0.0005596054277233221,0.016000748535550915,0.37693620133315714,0.0005596054277233221,0.016000748535550915,0.37693620133315714,0.0,0.0,0.0,0.0,0.6084659213193317,0.6084659213193317,0
0.084,0.01,0.0,0.0005757143568632318,0.016216826660306778,0.37739847616490313,0.0005757143568632318,0.016216826660306778,0.37739847616490313,0.0,0.0,0.0,0.0,0.5829715734949898,0.5829715734949898,0
0.085,0.01,0.0,0.0005920385090714495,0.016431188887730767,0.37780888532983664,0.0005920385090714495,0.016431188887730767,0.37780888532983664,0.0,0.0,0.0,0.0,0.5579674450409451,0.5579674450409451,0
0.08600000000000001,0.01,0.0,0.0006085761513351563,0.016643801224025343,0.37816851194921,0.0006085761513351563,0.016643801224025343,0.37816851194921,0.0,0.0,0.0,0.0,0.5334456382815658,0.5334456382815658,0
0.08700000000000001,0.01,0.0,0.0006253255173539152,0.016854631082415927,0.3784784212012964,0.0006253255173539152,0.016854631082415927,0.3784784212012964,0.0,0.0,0.0,0.0,0.5093983739678523,0.5093983739678523,0
0.088,0.01,0.0,0.0006422848089307859,0.01706364725143304,0.3787396605938289,0.0006422848089307859,0.01706364725143304,0.3787396605938289,0.0,0.0,0.0,0.0,0.4858179895622081,0.4858179895622081,0
0.089,0.01,0.0,0.0006594521973320148,0.01727081986377912,0.37895326023246856,0.0006594521973320148,0.01727081986377912,0.37895326023246856,0.0,0.0,0.0,0.0,0.462696937547606,0.462696937547606,0
0.09,0.01,0.0,0.0006768258246158805,0.01747612036577035,0.37912023308535836,0.0006768258246158805,0.01747612036577035,0.37912023308535836,0.0,0.0,0.0,0.0,0.4400277837608044,0.4400277837608044,0
0.091,0.01,0.0,0.0006944038049312641,0.017679521487343794,0.37924157524381913,0.0006944038049312641,0.017679521487343794,0.37924157524381913,0.0,0.0,0.0,0.0,0.41780320574927643,0.41780320574927643,0
0.092,0.01,0.0,0.0007121842257865063,0.017880997212620518,0.37931826617924225,0.0007121842257865063,0.017880997212620518,0.37931826617924225,0.0,0.0,0.0,0.0,0.3960159911515202,0.3960159911515202,0
0.093,0.01,0.0,0.0007301651492891001,0.018080522751015328,0.3793512689962337,0.0007301651492891001,0.018080522751015328,0.3793512689962337,0.0,0.0,0.0,0.0,0.3746590361004092,0.3746590361004092,0
0.094,0.01,0.0,0.000748344613356765,0.018278074508884027,0.3793415306820625,0.000748344613356765,0.018278074508884027,0.3793415306820625,0.0,0.0,0.0,0.0,0.35372534364928043,0.35372534364928043,0
0.095,0.01,0.0,0.0007667206329004311,0.018473630061699168,0.3792899823524666,0.0007667206329004311,0.018473630061699168,0.3792899823524666,0.0,0.0,0.0,0.0,0.33320802222041923,0.33320802222041923,0
0.096,0.01,0.0,0.0007852912009796612,0.018667168126745456,0.37919753949386864,0.0007852912009796612,0.018667168126745456,0.37919753949386864,0.0,0.0,0.0,0.0,0.3131002840756283,0.3131002840756283,0
0.097,0.01,0.0,0.000804054289931024,0.018858668536326076,0.37906510220205236,0.000804054289931024,0.018858668536326076,0.37906510220205236,0.0,0.0,0.0,0.0,0.29339544380858484,0.29339544380858484,0
0.098,0.01,0.0,0.0008230078524699248,0.019048112211471378,0.37889355541735015,0.0008230078524699248,0.019048112211471378,0.37889355541735015,0.0,0.0,0.0,0.0,0.2740869168586606,0.2740869168586606,0
0.099,0.01,0.0,0.0008421498227663939,0.01923548113614146,0.37868376915639196,0.0008421498227663939,0.01923548113614146,0.37868376915639196,0.0,0.0,0.0,0.0,0.25516821804591316,0.25516821804591316,0
0.1,0.01,0.0,0.0008614781174953198,0.019420758331914357,0.37843659874046487,0.0008614781174953198,0.019420758331914357,0.37843659874046487,0.0,0.0,0.0,0.0,0.23663296012694346,0.23663296012694346,0
0.101,0.01,0.0,0.0008809906368616108,0.01960392783315161,0.3781528850205311,0.0008809906368616108,0.01960392783315161,0.3781528850205311,0.0,0.0,0.0,0.0,0.21847485237133668,0.21847485237133668,0
0.10200000000000001,0.01,0.0,0.0009006852656007566,0.019784974662633237,0.37783345459895284,0.0009006852656007566,0.019784974662633237,0.37783345459895284,0.0,0.0,0.0,0.0,0.20068769915837592,0.20068769915837592,0
0.10300000000000001,0.01,0.0,0.0009205598739552576,0.01996388480765412,0.37747912004797074,0.0009205598739552576,0.01996388480765412,0.37747912004797074,0.0,0.0,0.0,0.0,0.1832653985937709,0.1832653985937709,0
0.10400000000000001,0.01,0.0,0.000940612318627377,0.020140645196574016,0.37709068012498265,0.000940612318627377,0.020140645196574016,0.37709068012498265,0.0,0.0,0.0,0.0,0.16620194114609088,0.16620194114609088,0
0.105,0.01,0.0,0.0009608404437086669,0.020315243675813586,0.3766689199846683,0.0009608404437086669,0.020315243675813586,0.3766689199846683,0.0,0.0,0.0,0.0,0.14949140830264263,0.14949140830264263,0
0.106,0.01,0.0,0.0009812420815867098,0.020487668987288772,0.37621461138800477,0.0009812420815867098,0.020487668987288772,0.37621461138800477,0.0,0.0,0.0,0.0,0.1331279712445168,0.1331279712445168,0
0.107,0.01,0.0,0.0010018150538295115,0.0206579107462762,0.37572851290821807,0.0010018150538295115,0.0206579107462762,0.37572851290821807,0.0,0.0,0.0,0.0,0.11710588954052348,0.11710588954052348,0
0.108,0.01,0.0,0.0010225571720479708,0.020825959419702195,0.3752113701337136,0.0010225571720479708,0.020825959419702195,0.3752113701337136,0.0,0.0,0.0,0.0,0.10141950985976234,0.10141950985976234,0
0.109,0.01,0.0,0.0010434662387368478,0.020991806304848332,0.3746639158680295,0.0010434662387368478,0.020991806304848332,0.3746639158680295,0.0,0.0,0.0,0.0,0.08606326470255432,0.08606326470255432,0
0.11,0.01,0.0,0.0010645400480946432,0.021155443508466296,0.3740868703268556,0.0010645400480946432,0.021155443508466296,0.3740868703268556,0.0,0.0,0.0,0.0,0.07103167114947961,0.07103167114947961,0
0.111,0.01,0.0,0.0010857763868227935,0.021316863926295174,0.37348094133215926,0.0010857763868227935,0.021316863926295174,0.37348094133215926,0.0,0.0,0.0,0.0,0.05631932962827513,0.05631932962827513,0
0.112,0.01,0.0,0.0011071730349045809,0.021476061222974307,0.3728468245034602,0.0011071730349045809,0.021476061222974307,0.3728468245034602,0.0,0.0,0.0,0.0,0.041920922698320595,0.041920922698320595,0
0.113,0.01,0.0,0.0011287277663641546,0.021633029812344894,0.37218520344629497,0.0011287277663641546,0.021633029812344894,0.37218520344629497,0.0,0.0,0.0,0.0,0.027831213852484993,0.027831213852484993,0
0.114,0.01,0.0,0.001150438350006041,0.021787764838133782,0.3714967499379116,0.001150438350006041,0.021787764838133782,0.3714967499379116,0.0,0.0,0.0,0.0,0.0140450463360704,0.0140450463360704,0
0.115,0.01,0.0,0.0011723025501355292,0.021940262155012834,0.37078212411023326,0.0011723025501355292,0.021940262155012834,0.37078212411023326,0.0,0.0,0.0,0.0,0.000557341982635684,0.000557341982635684,0
0.116,0.01,0.0,0.001194318127260299,0.022090518310027504,0.37004197463013133,0.001194318127260299,0.022090518310027504,0.37004197463013133,0.0,0.0,0.0,0.0,-0.012636899933573531,-0.012636899933573531,0
0.117,0.01,0.0,0.001216482838773661,0.02223853052438821,0.36927693887704527,0.001216482838773661,0.02223853052438821,0.36927693887704527,0.0,0.0,0.0,0.0,-0.025542603828780486,-0.025542603828780486,0
0.11800000000000001,0.01,0.0,0.0012387944396197654,0.02238429667561834,0.36848764311798843,0.0012387944396197654,0.02238429667561834,0.36848764311798843,0.0,0.0,0.0,0.0,-0.038164618924689364,-0.038164618924689364,0
0.11900000000000001,0.01,0.0,0.0012612506829411353,0.022527815280052755,0.36767470267997643,0.0012612506829411353,0.022527815280052755,0.36767470267997643,0.0,0.0,0.0,0.0,-0.05050772034755635,-0.05050772034755635,0
0.12,0.01,0.0,0.0012838493207088715,0.022669085475680705,0.36683872211991536,0.0012838493207088715,0.022669085475680705,0.36683872211991536,0.0,0.0,0.0,0.0,-0.06257661021155148,-0.06257661021155148,0
0.121,0.01,0.0,0.00130658810433587,0.022808107005327264,0.3659802953919867,0.00130658810433587,0.022808107005327264,0.3659802953919867,0.0,0.0,0.0,0.0,-0.07437591868663951,-0.07437591868663951,0
0.122,0.01,0.0,0.0013294647852733865,0.022944880200167442,0.365100006012564,0.0013294647852733865,0.022944880200167442,0.365100006012564,0.0,0.0,0.0,0.0,-0.08591020505118951,-0.08591020505118951,0
0.123,0.01,0.0,0.0013524771155912804,0.023079405963567223,0.3641984272226978,0.0013524771155912804,0.023079405963567223,0.3641984272226978,0.0,0.0,0.0,0.0,-0.09718395872953511,-0.09718395872953511,0
0.124,0.01,0.0,0.0013756228485422603,0.023211685755245837,0.3632761221482029,0.0013756228485422603,0.023211685755245837,0.3632761221482029,0.0,0.0,0.0,0.0,-0.10820160031469328,-0.10820160031469328,0
0.125,0.01,0.0,0.0013988997391104502,0.02334172157575377,0.36233364395738243,0.0013988997391104502,0.02334172157575377,0.36233364395738243,0.0,0.0,0.0,0.0,-0.11896748257645395,-0.11896748257645395,0
0.126,0.01,0.0,0.0014223055445445893,0.023469515951260962,0.3613715360164237,0.0014223055445445893,0.023469515951260962,0.3613715360164237,0.0,0.0,0.0,0.0,-0.12948589145505096,-0.12948589145505096,0
0.127,0.01,0.0,0.0014458380248761722,0.02359507191864987,0.3603903320424975,0.0014458380248761722,0.02359507191864987,0.3603903320424975,0.0,0.0,0.0,0.0,-0.1397610470406061,-0.1397610470406061,0
0.128,0.01,0.0,0.0014694949434228336,0.02371839301090805,0.35939055625459576,0.0014694949434228336,0.02371839301090805,0.35939055625459576,0.0,0.0,0.0,0.0,-0.14979710453855866,-0.14979710453855866,0
0.129,0.01,0.0,0.0014932740672772727,0.023839483242815065,0.3583727235221387,0.0014932740672772727,0.023839483242815065,0.3583727235221387,0.0,0.0,0.0,0.0,-0.15959815522128018,-0.15959815522128018,0
0.13,0.01,0.0,0.001517173167782009,0.023958347096918582,0.35733733951138436,0.001517173167782009,0.023958347096918582,0.35733733951138436,0.0,0.0,0.0,0.0,-0.16916822736605486,-0.16916822736605486,0
0.131,0.01,0.0,0.0015411900209902564,0.0240749895097946,0.35628490082967107,0.0015411900209902564,0.0240749895097946,0.35628490082967107,0.0,0.0,0.0,0.0,-0.17851128717962972,-0.17851128717962972,0
0.132,0.01,0.0,0.0015653224081132002,0.024189415858586874,0.35521589516752594,0.0015653224081132002,0.024189415858586874,0.35521589516752594,0.0,0.0,0.0,0.0,-0.18763123970953366,-0.18763123970953366,0
0.133,0.01,0.0,0.0015895681159539465,0.02430163194782059,0.3541308014386677,0.0015895681159539465,0.02430163194782059,0.3541308014386677,0.0,0.0,0.0,0.0,-0.19653192974232336,-0.19653192974232336,0
0.134,0.01,0.0,0.0016139249373284246,0.024411643996485554,0.35303008991793605,0.0016139249373284246,0.024411643996485554,0.35303008991793605,0.0,0.0,0.0,0.0,-0.20521714268897195,-0.20521714268897195,0
0.135,0.01,0.0,0.0016383906714735035,0.024519458625384103,0.3519142223771765,0.0016383906714735035,0.024519458625384103,0.3519142223771765,0.0,0.0,0.0,0.0,-0.2136906054575629,-0.2136906054575629,0
0.136,0.01,0.0,0.0016629631244425864,0.024625082844739108,0.35078365221911034,0.0016629631244425864,0.024625082844739108,0.35078365221911034,0.0,0.0,0.0,0.0,-0.22195598731347843,-0.22195598731347843,0
0.137,0.01,0.0,0.0016876401094889427,0.024728524042057526,0.3496388246092185,0.0016876401094889427,0.024728524042057526,0.3496388246092185,0.0,0.0,0.0,0.0,-0.23001690072725012,-0.23001690072725012,0
0.138,0.01,0.0,0.0017124194474370275,0.02482978997024491,0.3484801766056686,0.0017124194474370275,0.02482978997024491,0.3484801766056686,0.0,0.0,0.0,0.0,-0.23787690221025937,-0.23787690221025937,0
0.139,0.01,0.0,0.0017372989670420417,0.02492888873596655,0.3473081372873124,0.0017372989670420417,0.02492888873596655,0.3473081372873124,0.0,0.0,0.0,0.0,-0.24553949313844203,-0.24553949313844203,0
0.14,0.01,0.0,0.0017622765053379725,0.025025828788250798,0.3461231278797825,0.0017622765053379725,0.025025828788250798,0.3461231278797825,0.0,0.0,0.0,0.0,-0.2530081205641892,-0.2530081205641892,0
0.14100000000000001,0.01,0.0,0.001787349907974358,0.025120618907330354,0.3449255618797146,0.001787349907974358,0.025120618907330354,0.3449255618797146,0.0,0.0,0.0,0.0,-0.26028617801658616,-0.26028617801658616,0
0.14200000000000002,0.01,0.0,0.0018125170295420086,0.025213268193717244,0.34371584517712334,0.0018125170295420086,0.025213268193717244,0.34371584517712334,0.0,0.0,0.0,0.0,-0.26737700629017525,-0.26737700629017525,0
0.14300000000000002,0.01,0.0,0.0018377757338879216,0.025303786057507365,0.34249437617595757,0.0018377757338879216,0.025303786057507365,0.34249437617595757,0.0,0.0,0.0,0.0,-0.2742838942223944,-0.2742838942223944,0
0.14400000000000002,0.01,0.0,0.0018631238944196095,0.02539218220791053,0.34126154591286206,0.0018631238944196095,0.02539218220791053,0.34126154591286206,0.0,0.0,0.0,0.0,-0.2810100794598531,-0.2810100794598531,0
0.145,0.01,0.0,0.0018885593943990724,0.025478466643001945,0.3400177381741707,0.0018885593943990724,0.025478466643001945,0.3400177381741707,0.0,0.0,0.0,0.0,-0.28755874921360824,-0.28755874921360824,0
0.146,0.01,0.0,0.0019140801272266304,0.025562649639691255,0.3387633296111572,0.0019140801272266304,0.025562649639691255,0.3387633296111572,0.0,0.0,0.0,0.0,-0.2939330410035872,-0.2939330410035872,0
0.147,0.01,0.0,0.00193968399671483,0.025644741743905162,0.33749868985356846,0.00193968399671483,0.025644741743905162,0.33749868985356846,0.0,0.0,0.0,0.0,-0.30013604339232014,-0.30013604339232014,0
0.148,0.01,0.0,0.001965368917352642,0.025724753760979886,0.3362241816214654,0.001965368917352642,0.025724753760979886,0.3362241816214654,0.0,0.0,0.0,0.0,-0.3061707967081313,-0.3061707967081313,0
0.149,0.01,0.0,0.001991132814560153,0.025802696746259665,0.33494016083539524,0.001991132814560153,0.025802696746259665,0.33494016083539524,0.0,0.0,0.0,0.0,-0.3120402937579305,-0.3120402937579305,0
0.15,0.01,0.0,0.002016973624933954,0.025878581995897616,0.33364697672491994,0.002016973624933954,0.025878581995897616,0.33364697672491994,0.0,0.0,0.0,0.0,-0.31774748052976065,-0.31774748052976065,0
0.151,0.01,0.0,0.0020428892964834376,0.02595242103785528,0.3323449719355244,0.0020428892964834376,0.02595242103785528,0.3323449719355244,0.0,0.0,0.0,0.0,-0.3232952568852543,-0.3232952568852543,0
0.152,0.01,0.0,0.0020688777888581847,0.02602422562309734,0.3310344826339274,0.0020688777888581847,0.02602422562309734,0.3310344826339274,0.0,0.0,0.0,0.0,-0.3286864772421145,-0.3286864772421145,0
0.153,0.01,0.0,0.002094937073566645,0.02609400771697792,0.3297158386118186,0.002094937073566645,0.02609400771697792,0.3297158386118186,0.0,0.0,0.0,0.0,-0.3339239512467902,-0.3339239512467902,0
0.154,0.01,0.0,0.0021210651341862993,0.026161779490815072,0.3283893633880452,0.0021210651341862993,0.026161779490815072,0.3283893633880452,0.0,0.0,0.0,0.0,-0.3390104444374735,-0.3390104444374735,0
0.155,0.01,0.0,0.002147259966565487,0.02622755331364998,0.3270553743092691,0.002147259966565487,0.02622755331364998,0.3270553743092691,0.0,0.0,0.0,0.0,-0.3439486788975499,-0.3439486788975499,0
0.156,0.01,0.0,0.0021735195790170835,0.026291341744187596,0.3257141826491179,0.0021735195790170835,0.026291341744187596,0.3257141826491179,0.0,0.0,0.0,0.0,-0.34874133389965234,-0.34874133389965234,0
0.157,0.01,0.0,0.0021998419925042113,0.026353157522915352,0.32436609370585073,0.0021998419925042113,0.026353157522915352,0.32436609370585073,0.0,0.0,0.0,0.0,-0.35339104654042863,-0.35339104654042863,0
0.158,0.01,0.0,0.002226225240818153,0.026413013564396782,0.3230114068985619,0.002226225240818153,0.026413013564396782,0.3230114068985619,0.0,0.0,0.0,0.0,-0.35790041236618997,-0.35790041236618997,0
0.159,0.01,0.0,0.0022526673707486456,0.026470922949736794,0.32165041586194104,0.0022526673707486456,0.026470922949736794,0.32165041586194104,0.0,0.0,0.0,0.0,-0.36227198598952626,-0.36227198598952626,0
0.16,0.01,0.0,0.0022791664422467267,0.026526898919215516,0.32028340853961296,0.0022791664422467267,0.026526898919215516,0.32028340853961296,0.0,0.0,0.0,0.0,-0.36650828169704663,-0.36650828169704663,0
0.161,0.01,0.0,0.0023057205285802935,0.02658095486508759,0.3189106672760767,0.0023057205285802935,0.02658095486508759,0.3189106672760767,0.0,0.0,0.0,0.0,-0.3706117740483714,-0.3706117740483714,0
0.162,0.01,0.0,0.0023323277164825464,0.026633104324543928,0.31753246890726416,0.0023323277164825464,0.026633104324543928,0.31753246890726416,0.0,0.0,0.0,0.0,-0.374584898466475,-0.374584898466475,0
0.163,0.01,0.0,0.002358986106293472,0.02668336097283294,0.31614908484973847,0.002358986106293472,0.02668336097283294,0.31614908484973847,0.0,0.0,0.0,0.0,-0.3784300518195307,-0.3784300518195307,0
0.164,0.01,0.0,0.0023856938120945257,0.026731738616538245,0.3147607811885517,0.0023856938120945257,0.026731738616538245,0.3147607811885517,0.0,0.0,0.0,0.0,-0.3821495929943568,-0.3821495929943568,0
0.165,0.01,0.0,0.0024124489618366726,0.026778251187010074,0.31336781876378156,0.0024124489618366726,0.026778251187010074,0.31336781876378156,0.0,0.0,0.0,0.0,-0.3857458434616001,-0.3857458434616001,0
0.166,0.01,0.0,0.0024392496974619303,0.026822912733947473,0.31197045325576594,0.0024392496974619303,0.026822912733947473,0.31197045325576594,0.0,0.0,0.0,0.0,-0.389221087832758,-0.389221087832758,0
0.167,0.01,0.0,0.0024660941750185707,0.026865737419128538,0.3105689352690544,0.0024660941750185707,0.026865737419128538,0.3105689352690544,0.0,0.0,0.0,0.0,-0.39257757440916574,-0.39257757440916574,0
0.168,0.01,0.0,0.002492980564770126,0.026906739510285934,0.3091635104150951,0.002492980564770126,0.026906739510285934,0.3091635104150951,0.0,0.0,0.0,0.0,-0.39581751572306345,-0.39581751572306345,0
0.169,0.01,0.0,0.00251990705129834,0.026945933375125013,0.307754419393676,0.00251990705129834,0.026945933375125013,0.307754419393676,0.0,0.0,0.0,0.0,-0.3989430890708494,-0.3989430890708494,0
0.17,0.01,0.0,0.002546871833600209,0.02698333347548186,0.30634189807313716,0.002546871833600209,0.02698333347548186,0.30634189807313716,0.0,0.0,0.0,0.0,-0.40195643703862416,-0.40195643703862416,0
0.171,0.01,0.0,0.0025738731251792463,0.02701895436161871,0.3049261775693739,0.0025738731251792463,0.02701895436161871,0.3049261775693739,0.0,0.0,0.0,0.0,-0.4048596680201637,-0.4048596680201637,0
0.17200000000000001,0.01,0.0,0.002600909154131116,0.02705281066665409,0.3035074843236464,0.002600909154131116,0.02705281066665409,0.3035074843236464,0.0,0.0,0.0,0.0,-0.40765485672738677,-0.40765485672738677,0
0.17300000000000001,0.01,0.0,0.002627978163223757,0.02708491710112528,0.3020860401792146,0.002627978163223757,0.02708491710112528,0.3020860401792146,0.0,0.0,0.0,0.0,-0.4103440446934652,-0.4103440446934652,0
0.17400000000000002,0.01,0.0,0.002655078409972138,0.027115288447680495,0.3006620624568146,0.002655078409972138,0.027115288447680495,0.3006620624568146,0.0,0.0,0.0,0.0,-0.41292924076864157,-0.41292924076864157,0
0.17500000000000002,0.01,0.0,0.0026822081667077675,0.02714393955589846,0.29923576402899404,0.0026822081667077675,0.02714393955589846,0.29923576402899404,0.0,0.0,0.0,0.0,-0.41541242160890324,-0.41541242160890324,0
0.176,0.01,0.0,0.0027093657206430873,0.027170885337232907,0.29780735339332226,0.0027093657206430873,0.027170885337232907,0.29780735339332226,0.0,0.0,0.0,0.0,-0.41779553215756327,-0.41779553215756327,0
0.177,0.01,0.0,0.002736549373930869,0.02719614076007967,0.29637703474449223,0.002736549373930869,0.02719614076007967,0.29637703474449223,0.0,0.0,0.0,0.0,-0.42008048611989235,-0.42008048611989235,0
0.178,0.01,0.0,0.00276375744371874,0.027219720844964063,0.29494500804533047,0.00276375744371874,0.027219720844964063,0.29494500804533047,0.0,0.0,0.0,0.0,-0.4222691664308771,-0.4222691664308771,0
0.179,0.01,0.0,0.0027909882621989595,0.02724164065984629,0.29351146909673026,0.0027909882621989595,0.02724164065984629,0.29351146909673026,0.0,0.0,0.0,0.0,-0.42436342571621033,-0.42436342571621033,0
0.18,0.01,0.0,0.002818240176653549,0.027261915315542576,0.2920766096065244,0.002818240176653549,0.027261915315542576,0.2920766096065244,0.0,0.0,0.0,0.0,-0.4263650867466051,-0.4263650867466051,0
0.181,0.01,0.0,0.002845511549494911,0.027280559961259908,0.29064061725731244,0.002845511549494911,0.027280559961259908,0.29064061725731244,0.0,0.0,0.0,0.0,-0.4282759428855325,-0.4282759428855325,0
0.182,0.01,0.0,0.0028728007583020305,0.02729758978024215,0.28920367577325834,0.0028728007583020305,0.02729758978024215,0.28920367577325834,0.0,0.0,0.0,0.0,-0.4300977585304686,-0.4300977585304686,0
0.183,0.01,0.0,0.002900106195852382,0.027313019985525468,0.2877659649858727,0.002900106195852382,0.027313019985525468,0.2877659649858727,0.0,0.0,0.0,0.0,-0.431832269547761,-0.431832269547761,0
0.184,0.01,0.0,0.002927426270149644,0.027326865815800926,0.2863276608987951,0.002927426270149644,0.027326865815800926,0.2863276608987951,0.0,0.0,0.0,0.0,-0.4334811837011783,-0.4334811837011783,0
0.185,0.01,0.0,0.0029547594044473293,0.027339142531382216,0.28488893575159047,0.0029547594044473293,0.027339142531382216,0.28488893575159047,0.0,0.0,0.0,0.0,-0.43504618107425763,-0.43504618107425763,0
0.186,0.01,0.0,0.002982104037268434,0.027349865410276526,0.28344995808257484,0.002982104037268434,0.027349865410276526,0.28344995808257484,0.0,0.0,0.0,0.0,-0.43652891448652387,-0.43652891448652387,0
0.187,0.01,0.0,0.0030094586224212096,0.02735904974435651,0.2820108927906833,0.0030094586224212096,0.02735904974435651,0.2820108927906833,0.0,0.0,0.0,0.0,-0.4379310099036742,-0.4379310099036742,0
0.188,0.01,0.0,0.0030368216290111547,0.027366710835631455,0.28057190119639536,0.0030368216290111547,0.027366710835631455,0.28057190119639536,0.0,0.0,0.0,0.0,-0.439254066841805,-0.439254066841805,0
0.189,0.01,0.0,0.003064191541449327,0.027372863992615713,0.279133141101731,0.003064191541449327,0.027372863992615713,0.279133141101731,0.0,0.0,0.0,0.0,-0.4404996587657868,-0.4404996587657868,0
0.19,0.01,0.0,0.0030915668594570767,0.02737752452679249,0.2776947668493307,0.0030915668594570767,0.02737752452679249,0.2776947668493307,0.0,0.0,0.0,0.0,-0.44166933348184045,-0.44166933348184045,0
0.191,0.01,0.0,0.003118946098067281,0.027380707749171174,0.2762569293806334,0.003118946098067281,0.027380707749171174,0.2762569293806334,0.0,0.0,0.0,0.0,-0.44276461352442453,-0.44276461352442453,0
0.192,0.01,0.0,0.00314632778762219,0.02738242896693635,0.2748197762931649,0.00314632778762219,0.02738242896693635,0.2748197762931649,0.0,0.0,0.0,0.0,-0.4437869965374972,-0.4437869965374972,0
0.193,0.01,0.0,0.0031737104737679643,0.027382703480186735,0.2733834518969507,0.0031737104737679643,0.027382703480186735,0.2733834518969507,0.0,0.0,0.0,0.0,-0.4447379556502389,-0.4447379556502389,0
0.194,0.01,0.0,0.0032010927174459945,0.027381546578762263,0.271948097270065,0.0032010927174459945,0.027381546578762263,0.271948097270065,0.0,0.0,0.0,0.0,-0.4456189398473276,-0.4456189398473276,0
0.195,0.01,0.0,0.003228473094881091,0.027378973539157563,0.27051385031332914,0.003228473094881091,0.027378973539157563,0.27051385031332914,0.0,0.0,0.0,0.0,-0.4464313743338044,-0.4464313743338044,0
0.196,0.01,0.0,0.0032558501975666334,0.027374999621520204,0.2690808458041717,0.0032558501975666334,0.027374999621520204,0.2690808458041717,0.0,0.0,0.0,0.0,-0.447176660894665,-0.447176660894665,0
0.197,0.01,0.0,0.0032832226322467547,0.027369640066731937,0.26764921544966286,0.0032832226322467547,0.027369640066731937,0.26764921544966286,0.0,0.0,0.0,0.0,-0.44785617824919566,-0.44785617824919566,0
0.198,0.01,0.0,0.003310589020895651,0.027362910093571384,0.26621908793873467,0.003310589020895651,0.027362910093571384,0.26621908793873467,0.0,0.0,0.0,0.0,-0.4484712824001731,-0.4484712824001731,0
0.199,0.01,0.0,0.0033379480006940944,0.027354824895956503,0.26479058899359925,0.0033379480006940944,0.027354824895956503,0.26479058899359925,0.0,0.0,0.0,0.0,-0.4490233069779679,-0.4490233069779679,0
0.2,0.01,0.0,0.003365298224003224,0.02734539964026524,0.26336384142037705,0.003365298224003224,0.02734539964026524,0.26336384142037705,0.0,0.0,0.0,0.0,-0.4495135635796421,-0.4495135635796421,0
0.201,0.01,0.0,0.0033926383583356996,0.027334649462732865,0.2619389651589464,0.0033926383583356996,0.027334649462732865,0.2619389651589464,0.0,0.0,0.0,0.0,-0.4499433421031185,-0.4499433421031185,0
0.202,0.01,0.0,0.003419967086324289,0.027322589466924403,0.26051607733202553,0.003419967086324289,0.027322589466924403,0.26051607733202553,0.0,0.0,0.0,0.0,-0.45031391107646535,-0.45031391107646535,0
0.203,0.01,0.0,0.003447283105687964,0.027309234721280665,0.2590952922934993,0.003447283105687964,0.027309234721280665,0.2590952922934993,0.0,0.0,0.0,0.0,-0.45062651798239717,-0.45062651798239717,0
0.20400000000000001,0.01,0.0,0.0034745851291955792,0.027294600256736447,0.2576767216760005,0.0034745851291955792,0.027294600256736447,0.2576767216760005,0.0,0.0,0.0,0.0,-0.4508823895780383,-0.4508823895780383,0
0.20500000000000002,0.01,0.0,0.0035018718846272067,0.027278701064409366,0.25626047443775735,0.0035018718846272067,0.027278701064409366,0.25626047443775735,0.0,0.0,0.0,0.0,-0.45108273221002815,-0.45108273221002815,0
0.20600000000000002,0.01,0.0,0.003529142114733189,0.027261552093357958,0.2548466569087183,0.003529142114733189,0.027261552093357958,0.2548466569087183,0.0,0.0,0.0,0.0,-0.451228732125025,-0.451228732125025,0
0.20700000000000002,0.01,0.0,0.0035563945771909895,0.027243168248407654,0.25343537283596373,0.0035563945771909895,0.027243168248407654,0.25343537283596373,0.0,0.0,0.0,0.0,-0.45132155577568867,-0.45132155577568867,0
0.20800000000000002,0.01,0.0,0.0035836280445599,0.02722356438804318,0.25202672342841576,0.0035836280445599,0.02722356438804318,0.25202672342841576,0.0,0.0,0.0,0.0,-0.45136235012218684,-0.45136235012218684,0
0.209,0.01,0.0,0.003610841304233673,0.02720275532236609,0.2506208074008566,0.003610841304233673,0.02720275532236609,0.2506208074008566,0.0,0.0,0.0,0.0,-0.45135224292930953,-0.45135224292930953,0
0.21,0.01,0.0,0.0036380331583911424,0.027180755811116078,0.24921772101726547,0.0036380331583911424,0.027180755811116078,0.24921772101726547,0.0,0.0,0.0,0.0,-0.45129234305923926,-0.45129234305923926,0
0.211,0.01,0.0,0.0036652024239449015,0.027157580561754772,0.24781755813348336,0.0036652024239449015,0.027157580561754772,0.24781755813348336,0.0,0.0,0.0,0.0,-0.4511837407600483,-0.4511837407600483,0
0.212,0.01,0.0,0.00369234793248809,0.02713324422761071,0.24642041023921676,0.00369234793248809,0.02713324422761071,0.24642041023921676,0.0,0.0,0.0,0.0,-0.45102750794996993,-0.45102750794996993,0
0.213,0.01,0.0,0.0037194685302393603,0.027107761406084233,0.24502636649938936,0.0037194685302393603,0.027107761406084233,0.24502636649938936,0.0,0.0,0.0,0.0,-0.45082469849753437,-0.45082469849753437,0
0.214,0.01,0.0,0.0037465630779860734,0.027081146636911097,0.24363551379485138,0.0037465630779860734,0.027081146636911097,0.24363551379485138,0.0,0.0,0.0,0.0,-0.45057634849758266,-0.45057634849758266,0
0.215,0.01,0.0,0.0037736304510257927,0.027053414400483512,0.2422479367624562,0.0037736304510257927,0.027053414400483512,0.2422479367624562,0.0,0.0,0.0,0.0,-0.45028347654326595,-0.45028347654326595,0
0.216,0.01,0.0,0.0038006695391061235,0.02702457911622749,0.2408637178345135,0.0038006695391061235,0.02702457911622749,0.2408637178345135,0.0,0.0,0.0,0.0,-0.44994708399405425,-0.44994708399405425,0
0.217,0.01,0.0,0.003827679246362959,0.026994655141035252,0.239482937277628,0.003827679246362959,0.026994655141035252,0.239482937277628,0.0,0.0,0.0,0.0,-0.4495681552398212,-0.4495681552398212,0
0.218,0.01,0.0,0.0038546584912571846,0.02696365676775162,0.23810567323093323,0.0038546584912571846,0.02696365676775162,0.23810567323093323,0.0,0.0,0.0,0.0,-0.4491476579610634,-0.4491476579610634,0
0.219,0.01,0.0,0.0038816062065098952,0.026931598223713177,0.23673200174372874,0.0038816062065098952,0.026931598223713177,0.23673200174372874,0.0,0.0,0.0,0.0,-0.4486865433853158,-0.4486865433853158,0
0.22,0.01,0.0,0.00390852133903618,0.02689849366933914,0.23536199681252998,0.00390852133903618,0.02689849366933914,0.23536199681252998,0.0,0.0,0.0,0.0,-0.4481857465397958,-0.4481857465397958,0
0.221,0.01,0.0,0.003935402849877521,0.02686435719677282,0.2339957304175394,0.003935402849877521,0.02686435719677282,0.2339957304175394,0.0,0.0,0.0,0.0,-0.44764618650035715,-0.44764618650035715,0
0.222,0.01,0.0,0.003962249714132856,0.026829202828572627,0.2326332725585473,0.003962249714132856,0.026829202828572627,0.2326332725585473,0.0,0.0,0.0,0.0,-0.4470687666367894,-0.4470687666367894,0
0.223,0.01,0.0,0.003989060920888363,0.0267930445164515,0.2312746912902707,0.003989060920888363,0.0267930445164515,0.2312746912902707,0.0,0.0,0.0,0.0,-0.4464543748545111,-0.4464543748545111,0
0.224,0.01,0.0,0.004015835473146003,0.026755896140063816,0.2299200527571391,0.004015835473146003,0.026755896140063816,0.2299200527571391,0.0,0.0,0.0,0.0,-0.4458038838327383,-0.4458038838327383,0
0.225,0.01,0.0,0.0040425723877508726,0.026717771505838664,0.2285694212275344,0.0040425723877508726,0.026717771505838664,0.2285694212275344,0.0,0.0,0.0,0.0,-0.4451181512591251,-0.4451181512591251,0
0.226,0.01,0.0,0.004069270695317418,0.02667868434585857,0.2272228591274941,0.004069270695317418,0.02667868434585857,0.2272228591274941,0.0,0.0,0.0,0.0,-0.44439802006099693,-0.44439802006099693,0
0.227,0.01,0.0,0.004095929440154543,0.026638648316782622,0.22588042707388475,0.004095929440154543,0.026638648316782622,0.22588042707388475,0.0,0.0,0.0,0.0,-0.44364431863315,-0.44364431863315,0
0.228,0.01,0.0,0.004122547680189666,0.02659767699881306,0.22454218390705444,0.004122547680189666,0.02659767699881306,0.22454218390705444,0.0,0.0,0.0,0.0,-0.4428578610623308,-0.4428578610623308,0
0.229,0.01,0.0,0.0041491244868917644,0.02655578389470441,0.22320818672297105,0.0041491244868917644,0.02655578389470441,0.22320818672297105,0.0,0.0,0.0,0.0,-0.44203944734840395,-0.44203944734840395,0
0.23,0.01,0.0,0.00417565894519345,0.02651298242881417,0.22187849090485495,0.00417565894519345,0.02651298242881417,0.22187849090485495,0.0,0.0,0.0,0.0,-0.4411898636222684,-0.4411898636222684,0
0.231,0.01,0.0,0.004202150153412114,0.026469285946194177,0.22055315015431276,0.004202150153412114,0.026469285946194177,0.22055315015431276,0.0,0.0,0.0,0.0,-0.4403098823605731,-0.4403098823605731,0
0.232,0.01,0.0,0.004228597223170181,0.02642470771172177,0.21923221652197994,0.004228597223170181,0.02642470771172177,0.21923221652197994,0.0,0.0,0.0,0.0,-0.4394002625972684,-0.4394002625972684,0
0.233,0.01,0.0,0.004254999279314518,0.026379260909269817,0.21791574043767967,0.004254999279314518,0.026379260909269817,0.21791574043767967,0.0,0.0,0.0,0.0,-0.4384617501320385,-0.4384617501320385,0
0.234,0.01,0.0,0.004281355459835034,0.026332958640914787,0.21660377074010495,0.004281355459835034,0.026332958640914787,0.21660377074010495,0.0,0.0,0.0,0.0,-0.4374950777356803,-0.4374950777356803,0
0.23500000000000001,0.01,0.0,0.004307664915782498,0.026285813926181997,0.21529635470603098,0.004307664915782498,0.026285813926181997,0.21529635470603098,0.0,0.0,0.0,0.0,-0.43650096535243676,-0.43650096535243676,0
0.23600000000000002,0.01,0.0,0.004333926811185627,0.026237839701327214,0.21399353807906504,0.004333926811185627,0.026237839701327214,0.21399353807906504,0.0,0.0,0.0,0.0,-0.435480120299367,-0.435480120299367,0
0.23700000000000002,0.01,0.0,0.004360140322967475,0.026189048818653773,0.2126953650979406,0.004360140322967475,0.026189048818653773,0.2126953650979406,0.0,0.0,0.0,0.0,-0.4344332374627582,-0.4344332374627582,0
0.23800000000000002,0.01,0.0,0.00438630464086115,0.026139454045864426,0.21140187852436237,0.00438630464086115,0.026139454045864426,0.21140187852436237,0.0,0.0,0.0,0.0,-0.43336099949165696,-0.43336099949165696,0
0.23900000000000002,0.01,0.0,0.004412418967324909,0.02608906806544713,0.21011311967040924,0.004412418967324909,0.02608906806544713,0.21011311967040924,0.0,0.0,0.0,0.0,-0.4322640769885382,-0.4322640769885382,0
0.24,0.01,0.0,0.004438482517456641,0.02603790347409397,0.20882912842550122,0.004438482517456641,0.02603790347409397,0.20882912842550122,0.0,0.0,0.0,0.0,-0.4311431286971521,-0.4311431286971521,0
0.241,0.01,0.0,0.004464494518907801,0.025985972782152526,0.20754994328293758,0.004464494518907801,0.025985972782152526,0.20754994328293758,0.0,0.0,0.0,0.0,-0.4299988016876126,-0.4299988016876126,0
0.242,0.01,0.0,0.004490454211796804,0.025933288413108855,0.20627560136601183,0.004490454211796804,0.025933288413108855,0.20627560136601183,0.0,0.0,0.0,0.0,-0.42883173153873866,-0.42883173153873866,0
0.243,0.01,0.0,0.0045163608486219154,0.02587986270310142,0.2050061384537105,0.0045163608486219154,0.02587986270310142,0.2050061384537105,0.0,0.0,0.0,0.0,-0.4276425425177086,-0.4276425425177086,0
0.244,0.01,0.0,0.004542213694173675,0.0258257079004652,0.2037415890060013,0.004542213694173675,0.0258257079004652,0.2037415890060013,0.0,0.0,0.0,0.0,-0.42643184775704857,-0.42643184775704857,0
0.245,0.01,0.0,0.004568012025446874,0.025770836165305313,0.20248198618871752,0.004568012025446874,0.025770836165305313,0.20248198618871752,0.0,0.0,0.0,0.0,-0.42520024942901546,-0.42520024942901546,0
0.246,0.01,0.0,0.004593755131552131,0.025715259569099456,0.20122736189804394,0.004593755131552131,0.025715259569099456,0.20122736189804394,0.0,0.0,0.0,0.0,-0.42394833891739303,-0.42394833891739303,0
0.247,0.01,0.0,0.004619442313627071,0.02565899009432842,0.1999777467846109,0.004619442313627071,0.02565899009432842,0.1999777467846109,0.0,0.0,0.0,0.0,-0.42267669698674126,-0.42267669698674126,0
0.248,0.01,0.0,0.004645072884747159,0.02560203963413412,0.19873317027720186,0.004645072884747159,0.02560203963413412,0.19873317027720186,0.0,0.0,0.0,0.0,-0.4213858939491457,-0.4213858939491457,0
0.249,0.01,0.0,0.004670646169836199,0.025544419992004398,0.19749366060608042,0.004670646169836199,0.025544419992004398,0.19749366060608042,0.0,0.0,0.0,0.0,-0.42007648982849055,-0.42007648982849055,0
0.25,0.01,0.0,0.004696161505576534,0.025486142881483976,0.19625924482594279,0.004696161505576534,0.025486142881483976,0.19625924482594279,0.0,0.0,0.0,0.0,-0.41874903452230505,-0.41874903452230505,0
0.251,0.01,0.0,0.004721618240318971,0.025427219925910974,0.1950299488385006,0.004721618240318971,0.025427219925910974,0.1950299488385006,0.0,0.0,0.0,0.0,-0.417404067961197,-0.417404067961197,0
0.252,0.01,0.0,0.0047470157339924495,0.025367662658178303,0.19380579741470053,0.0047470157339924495,0.025367662658178303,0.19380579741470053,0.0,0.0,0.0,0.0,-0.416042120265935,-0.416042120265935,0
0.253,0.01,0.0,0.00477235335801349,0.025307482520519384,0.19258681421658524,0.00477235335801349,0.025307482520519384,0.19258681421658524,0.0,0.0,0.0,0.0,-0.41466371190218787,-0.41466371190218787,0
0.254,0.01,0.0,0.004797630495195437,0.02524669086431757,0.19137302181880192,0.004797630495195437,0.02524669086431757,0.19137302181880192,0.0,0.0,0.0,0.0,-0.41326935383297414,-0.41326935383297414,0
0.255,0.01,0.0,0.004822846539657521,0.025185298949938695,0.1901644417297628,0.004822846539657521,0.025185298949938695,0.1901644417297628,0.0,0.0,0.0,0.0,-0.41185954766884514,-0.41185954766884514,0
0.256,0.01,0.0,0.00484800089673377,0.025123317946586152,0.18896109441246373,0.00484800089673377,0.025123317946586152,0.18896109441246373,0.0,0.0,0.0,0.0,-0.41043478581582704,-0.41043478581582704,0
0.257,0.01,0.0,0.004873092982881779,0.025060758932178,0.18776299930496523,0.004873092982881779,0.025060758932178,0.18776299930496523,0.0,0.0,0.0,0.0,-0.4089955516211825,-0.4089955516211825,0
0.258,0.01,0.0,0.00489812222559138,0.024997632893245476,0.1865701748405417,0.00489812222559138,0.024997632893245476,0.1865701748405417,0.0,0.0,0.0,0.0,-0.40754231951698294,-0.40754231951698294,0
0.259,0.01,0.0,0.004923088063293204,0.02493395072485241,0.18538263846750336,0.004923088063293204,0.02493395072485241,0.18538263846750336,0.0,0.0,0.0,0.0,-0.4060755551615589,-0.4060755551615589,0
0.26,0.01,0.0,0.004947989945267188,0.024869723230535004,0.18420040666869592,0.004947989945267188,0.024869723230535004,0.18420040666869592,0.0,0.0,0.0,0.0,-0.40459571557883756,-0.40459571557883756,0
0.261,0.01,0.0,0.0049728273315510245,0.024804961122261462,0.18302349498068293,0.0049728273315510245,0.024804961122261462,0.18302349498068293,0.0,0.0,0.0,0.0,-0.4031032492956088,-0.4031032492956088,0
0.262,0.01,0.0,0.004997599692848578,0.024739675020410946,0.18185191801261572,0.004997599692848578,0.024739675020410946,0.18185191801261572,0.0,0.0,0.0,0.0,-0.40159859647673635,-0.40159859647673635,0
0.263,0.01,0.0,0.0050223065104383,0.024673875453771355,0.18068568946479518,0.0050223065104383,0.024673875453771355,0.18068568946479518,0.0,0.0,0.0,0.0,-0.40008218905836834,-0.40008218905836834,0
0.264,0.01,0.0,0.005046947276081637,0.02460757285955547,0.17952482214693063,0.005046947276081637,0.02460757285955547,0.17952482214693063,0.0,0.0,0.0,0.0,-0.3985544508791481,-0.3985544508791481,0
0.265,0.01,0.0,0.005071521491931475,0.02454077758343493,0.17836932799609964,0.005071521491931475,0.02454077758343493,0.17836932799609964,0.0,0.0,0.0,0.0,-0.3970157978094697,-0.3970157978094697,0
0.266,0.01,0.0,0.005096028670440623,0.02447349987959161,0.1772192180944142,0.005096028670440623,0.02447349987959161,0.1772192180944142,0.0,0.0,0.0,0.0,-0.39546663787880565,-0.39546663787880565,0
0.267,0.01,0.0,0.005120468334270352,0.02440574991078592,0.17607450268639682,0.005120468334270352,0.02440574991078592,0.17607450268639682,0.0,0.0,0.0,0.0,-0.3939073714011352,-0.3939073714011352,0
0.268,0.01,0.0,0.005144840016199021,0.02433753774844155,0.17493519119607137,0.005144840016199021,0.02433753774844155,0.17493519119607137,0.0,0.0,0.0,0.0,-0.39233839109848656,-0.39233839109848656,0
0.269,0.01,0.0,0.0051691432590307805,0.024268873372746285,0.17380129224377308,0.0051691432590307805,0.024268873372746285,0.17380129224377308,0.0,0.0,0.0,0.0,-0.390760082222644,-0.390760082222644,0
0.27,0.01,0.0,0.005193377615504405,0.024199766672768342,0.17267281366268172,0.005193377615504405,0.024199766672768342,0.17267281366268172,0.0,0.0,0.0,0.0,-0.38917282267503417,-0.38917282267503417,0
0.271,0.01,0.0,0.0052175426482022275,0.024130227446587927,0.17154976251508208,0.0052175426482022275,0.024130227446587927,0.17154976251508208,0.0,0.0,0.0,0.0,-0.38757698312480393,-0.38757698312480393,0
0.272,0.01,0.0,0.005241637929459228,0.024060265401443487,0.17043214510835622,0.005241637929459228,0.024060265401443487,0.17043214510835622,0.0,0.0,0.0,0.0,-0.38597292712514353,-0.38597292712514353,0
0.273,0.01,0.0,0.005265663041272271,0.023989890153892298,0.1693199670107112,0.005265663041272271,0.023989890153892298,0.1693199670107112,0.0,0.0,0.0,0.0,-0.3843610112278668,-0.3843610112278668,0
0.274,0.01,0.0,0.005289617575209509,0.023919111229984982,0.1682132330666466,0.005289617575209509,0.023919111229984982,0.1682132330666466,0.0,0.0,0.0,0.0,-0.3827415850962623,-0.3827415850962623,0
0.275,0.01,0.0,0.005313501132319972,0.023847938065453544,0.1671119474121655,0.005313501132319972,0.023847938065453544,0.1671119474121655,0.0,0.0,0.0,0.0,-0.38111499161626217,-0.38111499161626217,0
0.276,0.01,0.0,0.005337313323043343,0.023776380005912544,0.16601611348973308,0.005337313323043343,0.023776380005912544,0.16601611348973308,0.0,0.0,0.0,0.0,-0.37948156700594016,-0.37948156700594016,0
0.277,0.01,0.0,0.005361053767119951,0.02370444630707304,0.16492573406298652,0.005361053767119951,0.02370444630707304,0.16492573406298652,0.0,0.0,0.0,0.0,-0.37784164092336514,-0.37784164092336514,0
0.278,0.01,0.0,0.0053847220935009776,0.023632146134968904,0.16384081123119992,0.0053847220935009776,0.023632146134968904,0.16384081123119992,0.0,0.0,0.0,0.0,-0.37619553657283067,-0.37619553657283067,0
0.279,0.01,0.0,0.0054083179402588995,0.023559488566195157,0.16276134644350815,0.0054083179402588995,0.023559488566195157,0.16276134644350815,0.0,0.0,0.0,0.0,-0.37454357080949485,-0.37454357080949485,0
0.28,0.01,0.0,0.005431840954498171,0.02348648258815798,0.1616873405128933,0.005431840954498171,0.02348648258815798,0.1616873405128933,0.0,0.0,0.0,0.0,-0.3728860542424428,-0.3728860542424428,0
0.281,0.01,0.0,0.005455290792266168,0.02341313709933604,0.160618793629937,0.005455290792266168,0.02341313709933604,0.160618793629937,0.0,0.0,0.0,0.0,-0.3712232913361966,-0.3712232913361966,0
0.28200000000000003,0.01,0.0,0.005478667118464395,0.02333946090955276,0.15955570537634267,0.005478667118464395,0.02333946090955276,0.15955570537634267,0.0,0.0,0.0,0.0,-0.36955558051069826,-0.36955558051069826,0
0.28300000000000003,0.01,0.0,0.005501969606759967,0.023265462740259236,0.15849807473823097,0.005501969606759967,0.023265462740259236,0.15849807473823097,0.0,0.0,0.0,0.0,-0.367883214239793,-0.367883214239793,0
0.28400000000000003,0.01,0.0,0.005525197939497387,0.023191151224827473,0.15744590011921175,0.005525197939497387,0.023191151224827473,0.15744590011921175,0.0,0.0,0.0,0.0,-0.3662064791482118,-0.3662064791482118,0
0.28500000000000003,0.01,0.0,0.005548351807610617,0.023116534908853577,0.15639917935323625,0.005548351807610617,0.023116534908853577,0.15639917935323625,0.0,0.0,0.0,0.0,-0.3645256561071166,-0.3645256561071166,0
0.28600000000000003,0.01,0.0,0.005571430910535458,0.023041622250470618,0.15535790971723262,0.005571430910535458,0.023041622250470618,0.15535790971723262,0.0,0.0,0.0,0.0,-0.3628410203281742,-0.3628410203281742,0
0.28700000000000003,0.01,0.0,0.005594434956122245,0.02296642162067085,0.15432208794352834,0.005594434956122245,0.02296642162067085,0.15432208794352834,0.0,0.0,0.0,0.0,-0.3611528414562377,-0.3611528414562377,0
0.28800000000000003,0.01,0.0,0.005617363660548871,0.02289094130363697,0.15329171023206256,0.005617363660548871,0.02289094130363697,0.15329171023206256,0.0,0.0,0.0,0.0,-0.3594613836606051,-0.3594613836606051,0
0.289,0.01,0.0,0.005640216748234151,0.02281518949708216,0.15226677226239166,0.005640216748234151,0.02281518949708216,0.15226677226239166,0.0,0.0,0.0,0.0,-0.3577669057249171,-0.3577669057249171,0
0.29,0.01,0.0,0.005662993951751522,0.02273917431259853,0.1512472692054913,0.005662993951751522,0.02273917431259853,0.1512472692054913,0.0,0.0,0.0,0.0,-0.3560696611356837,-0.3560696611356837,0
0.291,0.01,0.0,0.005685695011743101,0.02266290377601381,0.15023319573535798,0.005685695011743101,0.02266290377601381,0.15023319573535798,0.0,0.0,0.0,0.0,-0.3543698981694705,-0.3543698981694705,0
0.292,0.01,0.0,0.0057083196768341025,0.022586385827755875,0.14922454604041305,0.0057083196768341025,0.022586385827755875,0.14922454604041305,0.0,0.0,0.0,0.0,-0.3526678599787747,-0.3526678599787747,0
0.293,0.01,0.0,0.0057308677035476235,0.022509628323224944,0.14822131383471265,0.0057308677035476235,0.022509628323224944,0.14822131383471265,0.0,0.0,0.0,0.0,-0.35096378467659317,-0.35096378467659317,0
0.294,0.01,0.0,0.0057533388562198045,0.02243263903317309,0.14722349236896612,0.0057533388562198045,0.02243263903317309,0.14722349236896612,0.0,0.0,0.0,0.0,-0.349257905419706,-0.349257905419706,0
0.295,0.01,0.0,0.005775732906915376,0.022355425644090876,0.1462310744413658,0.005775732906915376,0.022355425644090876,0.1462310744413658,0.0,0.0,0.0,0.0,-0.3475504504907052,-0.3475504504907052,0
0.296,0.01,0.0,0.00579804963534359,0.022277995758600812,0.14524405240823166,0.00579804963534359,0.022277995758600812,0.14524405240823166,0.0,0.0,0.0,0.0,-0.3458416433787672,-0.3458416433787672,0
0.297,0.01,0.0,0.005820288828774557,0.022200356895857407,0.14426241819447297,0.005820288828774557,0.022200356895857407,0.14426241819447297,0.0,0.0,0.0,0.0,-0.34413170285921435,-0.34413170285921435,0
0.298,0.01,0.0,0.005842450281955973,0.022122516491953546,0.14328616330387034,0.005842450281955973,0.022122516491953546,0.14328616330387034,0.0,0.0,0.0,0.0,-0.3424208430718503,-0.3424208430718503,0
0.299,0.01,0.0,0.005864533797030271,0.022044481900332966,0.14231527882918038,0.005864533797030271,0.022044481900332966,0.14231527882918038,0.0,0.0,0.0,0.0,-0.34070927359811076,-0.34070927359811076,0
0.3,0.01,0.0,0.005886539183452175,0.021966260392208635,0.14134975546206632,0.005886539183452175,0.021966260392208635,0.14134975546206632,0.0,0.0,0.0,0.0,-0.33899719953705,-0.33899719953705,0
0.301,0.01,0.0,0.005908466257906683,0.021887859156986694,0.14038958350285685,0.005908466257906683,0.021887859156986694,0.14038958350285685,0.0,0.0,0.0,0.0,-0.3372848215801527,-0.3372848215801527,0
0.302,0.01,0.0,0.005930314844227476,0.02180928530269587,0.1394347528701359,0.005930314844227476,0.02180928530269587,0.1394347528701359,0.0,0.0,0.0,0.0,-0.3355723360850238,-0.3355723360850238,0
0.303,0.01,0.0,0.005952084773315756,0.021730545856422045,0.13848525311016616,0.005952084773315756,0.021730545856422045,0.13848525311016616,0.0,0.0,0.0,0.0,-0.333859935147939,-0.333859935147939,0
0.304,0.01,0.0,0.005973775883059519,0.02165164776474779,0.13754107340614863,0.005973775883059519,0.02165164776474779,0.13754107340614863,0.0,0.0,0.0,0.0,-0.33214780667529986,-0.33214780667529986,0
0.305,0.01,0.0,0.005995388018253282,0.021572597894196684,0.13660220258732111,0.005995388018253282,0.021572597894196684,0.13660220258732111,0.0,0.0,0.0,0.0,-0.3304361344539952,-0.3304361344539952,0
0.306,0.01,0.0,0.00601692103051824,0.021493403031682165,0.1356686291378977,0.00601692103051824,0.021493403031682165,0.1356686291378977,0.0,0.0,0.0,0.0,-0.3287250982206853,-0.3287250982206853,0
0.307,0.01,0.0,0.006038374778222884,0.02141406988496073,0.13474034120585224,0.006038374778222884,0.02141406988496073,0.13474034120585224,0.0,0.0,0.0,0.0,-0.32701487373002713,-0.32701487373002713,0
0.308,0.01,0.0,0.006059749126404075,0.021334605083089323,0.13381732661154758,0.006059749126404075,0.021334605083089323,0.13381732661154758,0.0,0.0,0.0,0.0,-0.3253056328218591,-0.3253056328218591,0
0.309,0.01,0.0,0.006081043946688574,0.021255015176886622,0.13289957285621362,0.006081043946688574,0.021255015176886622,0.13289957285621362,0.0,0.0,0.0,0.0,-0.3235975434873595,-0.3235975434873595,0
0.31,0.01,0.0,0.0061022591172150325,0.021175306639398157,0.13198706713027614,0.0061022591172150325,0.021175306639398157,0.13198706713027614,0.0,0.0,0.0,0.0,-0.3218907699341793,-0.3218907699341793,0
0.311,0.01,0.0,0.006123394522556458,0.021095485866364977,0.1310797963215388,0.006123394522556458,0.021095485866364977,0.1310797963215388,0.0,0.0,0.0,0.0,-0.3201854726505964,-0.3201854726505964,0
0.312,0.01,0.0,0.006144450053643145,0.021015559176695744,0.13017774702322063,0.006144450053643145,0.021015559176695744,0.13017774702322063,0.0,0.0,0.0,0.0,-0.31848180846866736,-0.31848180846866736,0
0.313,0.01,0.0,0.006165425607686074,0.020935532812942043,0.12928090554185126,0.006165425607686074,0.020935532812942043,0.12928090554185126,0.0,0.0,0.0,0.0,-0.31677993062641896,-0.31677993062641896,0
0.314,0.01,0.0,0.006186321088100801,0.020855412941776747,0.12838925790502617,0.006186321088100801,0.020855412941776747,0.12838925790502617,0.0,0.0,0.0,0.0,-0.31507998882908783,-0.31507998882908783,0
0.315,0.01,0.0,0.0062071364044318155,0.02077520565447528,0.127502789869024,0.0062071364044318155,0.02077520565447528,0.127502789869024,0.0,0.0,0.0,0.0,-0.31338212930940745,-0.31338212930940745,0
0.316,0.01,0.0,0.006227871472277385,0.020694916967399613,0.12662148692628822,0.006227871472277385,0.020694916967399613,0.12662148692628822,0.0,0.0,0.0,0.0,-0.3116864948869793,-0.3116864948869793,0
0.317,0.01,0.0,0.006248526213214885,0.020614552822484776,0.12574533431277518,0.006248526213214885,0.020614552822484776,0.12574533431277518,0.0,0.0,0.0,0.0,-0.3099932250267239,-0.3099932250267239,0
0.318,0.01,0.0,0.006269100554726615,0.020534119087727846,0.12487431701517074,0.006269100554726615,0.020534119087727846,0.12487431701517074,0.0,0.0,0.0,0.0,-0.3083024558964347,-0.3083024558964347,0
0.319,0.01,0.0,0.006289594430126109,0.020453621557679116,0.12400841977797745,0.006289594430126109,0.020453621557679116,0.12400841977797745,0.0,0.0,0.0,0.0,-0.3066143204234413,-0.3066143204234413,0
0.32,0.01,0.0,0.006310007778484933,0.020373065953935416,0.12314762711047433,0.006310007778484933,0.020373065953935416,0.12314762711047433,0.0,0.0,0.0,0.0,-0.3049289483504003,-0.3049289483504003,0
0.321,0.01,0.0,0.006330340544559977,0.020292457925635346,0.12229192329355129,0.006330340544559977,0.020292457925635346,0.12229192329355129,0.0,0.0,0.0,0.0,-0.303246466290231,-0.303246466290231,0
0.322,0.01,0.0,0.006350592678721251,0.02021180304995636,0.1214412923864201,0.006350592678721251,0.02021180304995636,0.1214412923864201,0.0,0.0,0.0,0.0,-0.3015669977801858,-0.3015669977801858,0
0.323,0.01,0.0,0.006370764136880167,0.0201311068326135,0.12059571823320395,0.006370764136880167,0.0201311068326135,0.12059571823320395,0.0,0.0,0.0,0.0,-0.2998906633351064,-0.2998906633351064,0
0.324,0.01,0.0,0.006390854880418331,0.02005037470835966,0.11975518446940737,0.006390854880418331,0.02005037470835966,0.11975518446940737,0.0,0.0,0.0,0.0,-0.2982175804998404,-0.2982175804998404,0
0.325,0.01,0.0,0.006410864876116829,0.019969612041487266,0.11891967452826854,0.006410864876116829,0.019969612041487266,0.11891967452826854,0.0,0.0,0.0,0.0,-0.2965478639008481,-0.2965478639008481,0
0.326,0.01,0.0,0.006430794096086018,0.019888824126331223,0.11808917164699577,0.006430794096086018,0.019888824126331223,0.11808917164699577,0.0,0.0,0.0,0.0,-0.294881625297017,-0.294881625297017,0
0.327,0.01,0.0,0.006450642517695822,0.01980801618777299,0.11726365887288992,0.006450642517695822,0.01980801618777299,0.11726365887288992,0.0,0.0,0.0,0.0,-0.2932189736296822,-0.2932189736296822,0
0.328,0.01,0.0,0.006470410123506531,0.019727193381745695,0.11644311906935477,0.006470410123506531,0.019727193381745695,0.11644311906935477,0.0,0.0,0.0,0.0,-0.29156001507187046,-0.29156001507187046,0
0.329,0.01,0.0,0.006490096901200103,0.019646360795740146,0.11562753492179682,0.006490096901200103,0.019646360795740146,0.11562753492179682,0.0,0.0,0.0,0.0,-0.2899048530767834,-0.2899048530767834,0
0.33,0.01,0.0,0.006509702843511978,0.019565523449311624,0.11481688894341657,0.006509702843511978,0.019565523449311624,0.11481688894341657,0.0,0.0,0.0,0.0,-0.28825358842552085,-0.28825358842552085,0
0.331,0.01,0.0,0.006529227948163394,0.019484686294587324,0.1140111634808928,0.006529227948163394,0.019484686294587324,0.1140111634808928,0.0,0.0,0.0,0.0,-0.28660631927406843,-0.28660631927406843,0
0.332,0.01,0.0,0.006548672217794213,0.019403854216774378,0.11321034071996154,0.006548672217794213,0.019403854216774378,0.11321034071996154,0.0,0.0,0.0,0.0,-0.2849631411995457,-0.2849631411995457,0
0.333,0.01,0.0,0.006568035659896261,0.019323032034668296,0.11241440269089162,0.006568035659896261,0.019323032034668296,0.11241440269089162,0.0,0.0,0.0,0.0,-0.2833241472457475,-0.2833241472457475,0
0.334,0.01,0.0,0.006587318286747159,0.019242224501161788,0.11162333127385816,0.006587318286747159,0.019242224501161788,0.11162333127385816,0.0,0.0,0.0,0.0,-0.2816894279679518,-0.2816894279679518,0
0.335,0.01,0.0,0.006606520115344685,0.01916143630375375,0.11083710820421587,0.006606520115344685,0.01916143630375375,0.11083710820421587,0.0,0.0,0.0,0.0,-0.2800590714770541,-0.2800590714770541,0
0.336,0.01,0.0,0.00662564116734163,0.019080672065058455,0.1100557150776735,0.00662564116734163,0.019080672065058455,0.1100557150776735,0.0,0.0,0.0,0.0,-0.2784331634829931,-0.2784331634829931,0
0.337,0.01,0.0,0.006644681468981171,0.018999936343314736,0.10927913335537137,0.006644681468981171,0.018999936343314736,0.10927913335537137,0.0,0.0,0.0,0.0,-0.27681178733750667,-0.27681178733750667,0
0.338,0.01,0.0,0.006663641051032745,0.018919233632895115,0.10850734436886307,0.006663641051032745,0.018919233632895115,0.10850734436886307,0.0,0.0,0.0,0.0,-0.2751950240762149,-0.2751950240762149,0
0.339,0.01,0.0,0.0066825199487284435,0.01883856836481479,0.10774032932500341,0.0066825199487284435,0.01883856836481479,0.10774032932500341,0.0,0.0,0.0,0.0,-0.2735829524600488,-0.2735829524600488,0
0.34,0.01,0.0,0.006701318201699905,0.018757944907240347,0.10697806931074354,0.006701318201699905,0.018757944907240347,0.10697806931074354,0.0,0.0,0.0,0.0,-0.271975649016019,-0.271975649016019,0
0.341,0.01,0.0,0.006720035853915723,0.018677367565998172,0.10622054529783519,0.006720035853915723,0.018677367565998172,0.10622054529783519,0.0,0.0,0.0,0.0,-0.2703731880773601,-0.2703731880773601,0
0.342,0.01,0.0,0.006738672953619357,0.018596840585082406,0.10546773814744524,0.006738672953619357,0.018596840585082406,0.10546773814744524,0.0,0.0,0.0,0.0,-0.26877564182303004,-0.26877564182303004,0
0.343,0.01,0.0,0.0067572295532675585,0.01851636814716242,0.10471962861468216,0.0067572295532675585,0.01851636814716242,0.10471962861468216,0.0,0.0,0.0,0.0,-0.2671830803165971,-0.2671830803165971,0
0.34400000000000003,0.01,0.0,0.006775705709469297,0.01843595437408968,0.10397619735303566,0.006775705709469297,0.01843595437408968,0.10397619735303566,0.0,0.0,0.0,0.0,-0.26559557154450975,-0.26559557154450975,0
0.34500000000000003,0.01,0.0,0.0067941014829251915,0.018355603327403963,0.10323742491873106,0.0067941014829251915,0.018355603327403963,0.10323742491873106,0.0,0.0,0.0,0.0,-0.26401318145377317,-0.26401318145377317,0
0.34600000000000003,0.01,0.0,0.006812416938367461,0.01827531900883881,0.10250329177499959,0.006812416938367461,0.01827531900883881,0.10250329177499959,0.0,0.0,0.0,0.0,-0.2624359739890174,-0.2624359739890174,0
0.34700000000000003,0.01,0.0,0.006830652144500363,0.018195105360826164,0.10177377829626616,0.006830652144500363,0.018195105360826164,0.10177377829626616,0.0,0.0,0.0,0.0,-0.26086401112899527,-0.26086401112899527,0
0.34800000000000003,0.01,0.0,0.006848807173941145,0.01811496626700013,0.10104886477225579,0.006848807173941145,0.01811496626700013,0.10104886477225579,0.0,0.0,0.0,0.0,-0.25929735292248957,-0.25929735292248957,0
0.34900000000000003,0.01,0.0,0.006866882103161499,0.01803490555269973,0.1003285314120201,0.006866882103161499,0.01803490555269973,0.1003285314120201,0.0,0.0,0.0,0.0,-0.2577360575236689,-0.2577360575236689,0
0.35000000000000003,0.01,0.0,0.006884877012429521,0.01795492698547066,0.09961275834788509,0.006884877012429521,0.01795492698547066,0.09961275834788509,0.0,0.0,0.0,0.0,-0.2561801812268687,-0.2561801812268687,0
0.35100000000000003,0.01,0.0,0.006902791985752162,0.017875034275565922,0.09890152563932156,0.006902791985752162,0.017875034275565922,0.09890152563932156,0.0,0.0,0.0,0.0,-0.25462977850083135,-0.25462977850083135,0
0.352,0.01,0.0,0.0069206271108181875,0.017795231076445307,0.09819481327673929,0.0069206271108181875,0.017795231076445307,0.09819481327673929,0.0,0.0,0.0,0.0,-0.2530849020224002,-0.2530849020224002,0
0.353,0.01,0.0,0.006938382478941635,0.01771552098527361,0.09749260118520646,0.006938382478941635,0.01771552098527361,0.09749260118520646,0.0,0.0,0.0,0.0,-0.25154560270967696,-0.25154560270967696,0
0.354,0.01,0.0,0.006956058185005766,0.017635907543417616,0.0967948692280952,0.006956058185005766,0.017635907543417616,0.0967948692280952,0.0,0.0,0.0,0.0,-0.2500119297546535,-0.2500119297546535,0
0.355,0.01,0.0,0.006973654327407516,0.017556394236941643,0.09610159721065481,0.006973654327407516,0.017556394236941643,0.09610159721065481,0.0,0.0,0.0,0.0,-0.2484839306553317,-0.2484839306553317,0
0.356,0.01,0.0,0.006991171008002441,0.017476984497101757,0.09541276488351354,0.006991171008002441,0.017476984497101757,0.09541276488351354,0.0,0.0,0.0,0.0,-0.24696165124731895,-0.24696165124731895,0
0.357,0.01,0.0,0.007008608332050151,0.01739768170083848,0.0947283519461103,0.007008608332050151,0.01739768170083848,0.0947283519461103,0.0,0.0,0.0,0.0,-0.24544513573492832,-0.24544513573492832,0
0.358,0.01,0.0,0.007025966408160247,0.01731848917126797,0.09404833805005734,0.007025966408160247,0.01731848917126797,0.09404833805005734,0.0,0.0,0.0,0.0,-0.24393442672178534,-0.24393442672178534,0
0.359,0.01,0.0,0.007043245348238736,0.017239410178171655,0.09337270280243504,0.007043245348238736,0.017239410178171655,0.09337270280243504,0.0,0.0,0.0,0.0,-0.24242956524093806,-0.24242956524093806,0
0.36,0.01,0.0,0.007060445267434944,0.0171604479384842,0.09270142576901999,0.007060445267434944,0.0171604479384842,0.09270142576901999,0.0,0.0,0.0,0.0,-0.24093059078449564,-0.24093059078449564,0
0.361,0.01,0.0,0.007077566284088911,0.017081605616779825,0.09203448647744734,0.007077566284088911,0.017081605616779825,0.09203448647744734,0.0,0.0,0.0,0.0,-0.2394375413327774,-0.2394375413327774,0
0.362,0.01,0.0,0.00709460851967927,0.017002886325756913,0.09137186442030863,0.00709460851967927,0.017002886325756913,0.09137186442030863,0.0,0.0,0.0,0.0,-0.23795045338301524,-0.23795045338301524,0
0.363,0.01,0.0,0.0071115720987716185,0.016924293126720797,0.09071353905818601,0.0071115720987716185,0.016924293126720797,0.09071353905818601,0.0,0.0,0.0,0.0,-0.23646936197757906,-0.23646936197757906,0
0.364,0.01,0.0,0.007128457148967363,0.016845829030064784,0.09005948982262407,0.007128457148967363,0.016845829030064784,0.09005948982262407,0.0,0.0,0.0,0.0,-0.2349943007317563,-0.2349943007317563,0
0.365,0.01,0.0,0.007145263800853047,0.01676749699574928,0.08940969611904018,0.007145263800853047,0.01676749699574928,0.08940969611904018,0.0,0.0,0.0,0.0,-0.23352530186108655,-0.23352530186108655,0
0.366,0.01,0.0,0.007161992187950156,0.016689299933779045,0.08876413732957436,0.007161992187950156,0.016689299933779045,0.08876413732957436,0.0,0.0,0.0,0.0,-0.23206239620824842,-0.23206239620824842,0
0.367,0.01,0.0,0.007178642446665401,0.016611240704678478,0.0881227928158798,0.007178642446665401,0.016611240704678478,0.0881227928158798,0.0,0.0,0.0,0.0,-0.23060561326952822,-0.23060561326952822,0
0.368,0.01,0.0,0.007195214716241475,0.01653332211996493,0.08748564192185483,0.007195214716241475,0.01653332211996493,0.08748564192185483,0.0,0.0,0.0,0.0,-0.22915498122084177,-0.22915498122084177,0
0.369,0.01,0.0,0.007211709138708281,0.016455546942620015,0.08685266397631754,0.007211709138708281,0.016455546942620015,0.08685266397631754,0.0,0.0,0.0,0.0,-0.2277105269433557,-0.2277105269433557,0
0.37,0.01,0.0,0.007228125858834631,0.01637791788755883,0.08622383829562366,0.007228125858834631,0.01637791788755883,0.08622383829562366,0.0,0.0,0.0,0.0,-0.22627227604867794,-0.22627227604867794,0
0.371,0.01,0.0,0.007244465024080413,0.016300437622097118,0.08559914418622916,0.007244465024080413,0.016300437622097118,0.08559914418622916,0.0,0.0,0.0,0.0,-0.2248402529036575,-0.2248402529036575,0
0.372,0.01,0.0,0.007260726784549228,0.01622310876641628,0.08497856094719787,0.007260726784549228,0.01622310876641628,0.08497856094719787,0.0,0.0,0.0,0.0,-0.22341448065476754,-0.22341448065476754,0
0.373,0.01,0.0,0.00727691129294148,0.01614593389402623,0.08436206787265556,0.00727691129294148,0.01614593389402623,0.08436206787265556,0.0,0.0,0.0,0.0,-0.2219949812521005,-0.2219949812521005,0
0.374,0.01,0.0,0.00729301870450794,0.016068915532226082,0.0837496442541911,0.00729301870450794,0.016068915532226082,0.0837496442541911,0.0,0.0,0.0,0.0,-0.22058177547296864,-0.22058177547296864,0
0.375,0.01,0.0,0.007309049177003767,0.0159920561625626,0.08314126938320565,0.007309049177003767,0.0159920561625626,0.08314126938320565,0.0,0.0,0.0,0.0,-0.21917488294513543,-0.21917488294513543,0
0.376,0.01,0.0,0.007325002870642979,0.015915358221286396,0.08253692255321078,0.007325002870642979,0.015915358221286396,0.08253692255321078,0.0,0.0,0.0,0.0,-0.21777432216964687,-0.21777432216964687,0
0.377,0.01,0.0,0.007340879948053385,0.015838824099805856,0.08193658306207625,0.007340879948053385,0.015838824099805856,0.08193658306207625,0.0,0.0,0.0,0.0,-0.21638011054330342,-0.21638011054330342,0
0.378,0.01,0.0,0.007356680574231968,0.015762456145138753,0.08134023021422859,0.007356680574231968,0.015762456145138753,0.08134023021422859,0.0,0.0,0.0,0.0,-0.21499226438076935,-0.21499226438076935,0
0.379,0.01,0.0,0.007372404916500726,0.015686256660361553,0.08074784332280092,0.007372404916500726,0.015686256660361553,0.08074784332280092,0.0,0.0,0.0,0.0,-0.2136107989363074,-0.2136107989363074,0
0.38,0.01,0.0,0.0073880531444629445,0.015610227905056331,0.08015940171173515,0.0073880531444629445,0.015610227905056331,0.08015940171173515,0.0,0.0,0.0,0.0,-0.21223572842517413,-0.21223572842517413,0
0.381,0.01,0.0,0.00740362542995993,0.015534372095755342,0.07957488471783712,0.00740362542995993,0.015534372095755342,0.07957488471783712,0.0,0.0,0.0,0.0,-0.21086706604464833,-0.21086706604464833,0
0.382,0.01,0.0,0.007419121947028182,0.015458691406383169,0.07899427169278576,0.007419121947028182,0.015458691406383169,0.07899427169278576,0.0,0.0,0.0,0.0,-0.2095048239947248,-0.2095048239947248,0
0.383,0.01,0.0,0.007434542871857004,0.01538318796869645,0.07841754200509675,0.007434542871857004,0.01538318796869645,0.07841754200509675,0.0,0.0,0.0,0.0,-0.2081490134984696,-0.2081490134984696,0
0.384,0.01,0.0,0.0074498883827465515,0.015307863872721175,0.0778446750420416,0.0074498883827465515,0.015307863872721175,0.0778446750420416,0.0,0.0,0.0,0.0,-0.20679964482203328,-0.20679964482203328,0
0.385,0.01,0.0,0.007465158660066327,0.0152327211671875,0.07727565021152297,0.007465158660066327,0.0152327211671875,0.07727565021152297,0.0,0.0,0.0,0.0,-0.20545672729433928,-0.20545672729433928,0
0.386,0.01,0.0,0.007480353886214092,0.0151577618599621,0.07671044694390684,0.007480353886214092,0.0151577618599621,0.07671044694390684,0.0,0.0,0.0,0.0,-0.2041202693264479,-0.2041202693264479,0
0.387,0.01,0.0,0.007495474245575223,0.015082987918478001,0.07614904469381231,0.007495474245575223,0.015082987918478001,0.07614904469381231,0.0,0.0,0.0,0.0,-0.20279027843059705,-0.20279027843059705,0
0.388,0.01,0.0,0.007510519924482489,0.015008401270161908,0.07559142294185983,0.007510519924482489,0.015008401270161908,0.07559142294185983,0.0,0.0,0.0,0.0,-0.20146676123893048,-0.20146676123893048,0
0.389,0.01,0.0,0.007525491111176264,0.014934003802859001,0.07503756119637843,0.007525491111176264,0.014934003802859001,0.07503756119637843,0.0,0.0,0.0,0.0,-0.2001497235219203,-0.2001497235219203,0
0.39,0.01,0.0,0.007540387995765147,0.01485979736525518,0.07448743899507276,0.007540387995765147,0.01485979736525518,0.07448743899507276,0.0,0.0,0.0,0.0,-0.198839170206476,-0.198839170206476,0
0.391,0.01,0.0,0.007555210770187025,0.01478578376729674,0.07394103590665072,0.007555210770187025,0.01478578376729674,0.07394103590665072,0.0,0.0,0.0,0.0,-0.19753510539375618,-0.19753510539375618,0
0.392,0.01,0.0,0.007569959628170528,0.014711964780607482,0.07339833153241199,0.007569959628170528,0.014711964780607482,0.07339833153241199,0.0,0.0,0.0,0.0,-0.1962375323766894,-0.1962375323766894,0
0.393,0.01,0.0,0.0075846347651969265,0.014638342138903233,0.07285930550779861,0.0075846347651969265,0.014638342138903233,0.07285930550779861,0.0,0.0,0.0,0.0,-0.194946453657189,-0.194946453657189,0
0.394,0.01,0.0,0.007599236378462423,0.014564917538403754,0.07232393750390795,0.007599236378462423,0.014564917538403754,0.07232393750390795,0.0,0.0,0.0,0.0,-0.19366187096310394,-0.19366187096310394,0
0.395,0.01,0.0,0.007613764666840862,0.014491692638242052,0.07179220722896879,0.007613764666840862,0.014491692638242052,0.07179220722896879,0.0,0.0,0.0,0.0,-0.1923837852648589,-0.1923837852648589,0
0.396,0.01,0.0,0.007628219830846848,0.014418669060871069,0.0712640944297812,0.007628219830846848,0.014418669060871069,0.0712640944297812,0.0,0.0,0.0,0.0,-0.19111219679184366,-0.19111219679184366,0
0.397,0.01,0.0,0.007642602072599266,0.014345848392467723,0.0707395788931208,0.007642602072599266,0.014345848392467723,0.0707395788931208,0.0,0.0,0.0,0.0,-0.18984710504850266,-0.18984710504850266,0
0.398,0.01,0.0,0.007656911595785207,0.014273232183334324,0.07021864044710803,0.007656911595785207,0.014273232183334324,0.07021864044710803,0.0,0.0,0.0,0.0,-0.18858850883017286,-0.18858850883017286,0
0.399,0.01,0.0,0.0076711486056242955,0.014200821948297339,0.0697012589625431,0.0076711486056242955,0.014200821948297339,0.0697012589625431,0.0,0.0,0.0,0.0,-0.18733640623865266,-0.18733640623865266,0
0.4,0.01,0.0,0.007685313308833408,0.014128619167103496,0.06918741435420707,0.007685313308833408,0.014128619167103496,0.06918741435420707,0.0,0.0,0.0,0.0,-0.18609079469749634,-0.18609079469749634,0
0.401,0.01,0.0,0.00769940591359179,0.014056625284813223,0.0686770865821298,0.00769940591359179,0.014056625284813223,0.0686770865821298,0.0,0.0,0.0,0.0,-0.184851670967066,-0.184851670967066,0
0.402,0.01,0.0,0.007713426629506572,0.013984841712191429,0.06817025565282533,0.007713426629506572,0.013984841712191429,0.06817025565282533,0.0,0.0,0.0,0.0,-0.1836190311593242,-0.1836190311593242,0
0.403,0.01,0.0,0.00772737566757866,0.013913269826095599,0.06766690162049517,0.00772737566757866,0.013913269826095599,0.06766690162049517,0.0,0.0,0.0,0.0,-0.18239287075237165,-0.18239287075237165,0
0.404,0.01,0.0,0.007741253240169024,0.01384191096986121,0.06716700458820012,0.007741253240169024,0.01384191096986121,0.06716700458820012,0.0,0.0,0.0,0.0,-0.1811731846047433,-0.1811731846047433,0
0.405,0.01,0.0,0.007755059560965369,0.013770766453684469,0.06667054470900126,0.007755059560965369,0.013770766453684469,0.06667054470900126,0.0,0.0,0.0,0.0,-0.17995996696946825,-0.17995996696946825,0
0.406,0.01,0.0,0.007768794844949187,0.01369983755500236,0.0661775021870705,0.007768794844949187,0.01369983755500236,0.0661775021870705,0.0,0.0,0.0,0.0,-0.1787532115078747,-0.1787532115078747,0
0.40700000000000003,0.01,0.0,0.007782459308363183,0.013629125518869991,0.0656878572787713,0.007782459308363183,0.013629125518869991,0.0656878572787713,0.0,0.0,0.0,0.0,-0.1775529113031764,-0.1775529113031764,0
0.40800000000000003,0.01,0.0,0.007796053168679082,0.013558631558335267,0.0652015902937101,0.007796053168679082,0.013558631558335267,0.0652015902937101,0.0,0.0,0.0,0.0,-0.17635905887381043,-0.17635905887381043,0
0.40900000000000003,0.01,0.0,0.007809576644565807,0.013488356854810838,0.0647186815957591,0.007809576644565807,0.013488356854810838,0.0647186815957591,0.0,0.0,0.0,0.0,-0.17517164618657244,-0.17517164618657244,0
0.41000000000000003,0.01,0.0,0.007823029955858036,0.013418302558443387,0.06423911160405046,0.007823029955858036,0.013418302558443387,0.06423911160405046,0.0,0.0,0.0,0.0,-0.17399066466950153,-0.17399066466950153,0
0.41100000000000003,0.01,0.0,0.007836413323525105,0.013348469788480173,0.06376286079394315,0.007836413323525105,0.013348469788480173,0.06376286079394315,0.0,0.0,0.0,0.0,-0.17281610522455537,-0.17281610522455537,0
0.41200000000000003,0.01,0.0,0.007849726969640305,0.013278859633632924,0.06328990969796222,0.007849726969640305,0.013278859633632924,0.06328990969796222,0.0,0.0,0.0,0.0,-0.17164795824006873,-0.17164795824006873,0
0.41300000000000003,0.01,0.0,0.007862971117350522,0.013209473152438995,0.06282023890671141,0.007862971117350522,0.013209473152438995,0.06282023890671141,0.0,0.0,0.0,0.0,-0.17048621360299787,-0.17048621360299787,0
0.41400000000000003,0.01,0.0,0.007876145990846238,0.013140311373619835,0.0623538290697595,0.007876145990846238,0.013140311373619835,0.0623538290697595,0.0,0.0,0.0,0.0,-0.1693308607109527,-0.1693308607109527,0
0.41500000000000004,0.01,0.0,0.007889251815331897,0.013071375296436769,0.0618906608965008,0.007889251815331897,0.013071375296436769,0.0618906608965008,0.0,0.0,0.0,0.0,-0.1681818884840176,-0.1681818884840176,0
0.41600000000000004,0.01,0.0,0.007902288816996629,0.013002665891044077,0.061430715156990244,0.007902288816996629,0.013002665891044077,0.061430715156990244,0.0,0.0,0.0,0.0,-0.1670392853763749,-0.1670392853763749,0
0.417,0.01,0.0,0.007915257222985299,0.012934184098839363,0.06097397268275373,0.007915257222985299,0.012934184098839363,0.06097397268275373,0.0,0.0,0.0,0.0,-0.16590303938771989,-0.16590303938771989,0
0.418,0.01,0.0,0.007928157261369946,0.012865930832811259,0.060520414367573876,0.007928157261369946,0.012865930832811259,0.060520414367573876,0.0,0.0,0.0,0.0,-0.16477313807448812,-0.16477313807448812,0
0.419,0.01,0.0,0.00794098916112153,0.012797906977884414,0.06007002116825185,0.00794098916112153,0.012797906977884414,0.06007002116825185,0.0,0.0,0.0,0.0,-0.16364956856087076,-0.16364956856087076,0
0.42,0.01,0.0,0.007953753152082054,0.012730113391261818,0.059622774105345624,0.007953753152082054,0.012730113391261818,0.059622774105345624,0.0,0.0,0.0,0.0,-0.16253231754965825,-0.16253231754965825,0
0.421,0.01,0.0,0.007966449464936997,0.012662550902764426,0.059178654263885126,0.007966449464936997,0.012662550902764426,0.059178654263885126,0.0,0.0,0.0,0.0,-0.16142137133287981,-0.16142137133287981,0
0.422,0.01,0.0,0.007979078331188114,0.01259522031516811,0.05873764279406465,0.007979078331188114,0.01259522031516811,0.05873764279406465,0.0,0.0,0.0,0.0,-0.16031671580225915,-0.16031671580225915,0
0.423,0.01,0.0,0.007991639983126549,0.012528122404537937,0.058299720911912996,0.007991639983126549,0.012528122404537937,0.058299720911912996,0.0,0.0,0.0,0.0,-0.15921833645949324,-0.15921833645949324,0
0.424,0.01,0.0,0.008004134653806297,0.012461257920559781,0.057864869899941766,0.008004134653806297,0.012461257920559781,0.057864869899941766,0.0,0.0,0.0,0.0,-0.15812621842634922,-0.15812621842634922,0
0.425,0.01,0.0,0.008016562577017985,0.012394627586869255,0.05743307110777215,0.008016562577017985,0.012394627586869255,0.05743307110777215,0.0,0.0,0.0,0.0,-0.15704034645457465,-0.15704034645457465,0
0.426,0.01,0.0,0.008028923987262985,0.012328232101377994,0.057004305952740614,0.008028923987262985,0.012328232101377994,0.057004305952740614,0.0,0.0,0.0,0.0,-0.1559607049356444,-0.1559607049356444,0
0.427,0.01,0.0,0.008041219119727857,0.012262072136597291,0.056578555920484004,0.008041219119727857,0.012262072136597291,0.056578555920484004,0.0,0.0,0.0,0.0,-0.15488727791032897,-0.15488727791032897,0
0.428,0.01,0.0,0.008053448210259103,0.012196148339959065,0.05615580256550425,0.008053448210259103,0.012196148339959065,0.05615580256550425,0.0,0.0,0.0,0.0,-0.15382004907809765,-0.15382004907809765,0
0.429,0.01,0.0,0.008065611495338253,0.012130461334134205,0.05573602751171322,0.008065611495338253,0.012130461334134205,0.05573602751171322,0.0,0.0,0.0,0.0,-0.1527590018063485,-0.1527590018063485,0
0.43,0.01,0.0,0.008077709212057254,0.012065011717348275,0.05531921245295798,0.008077709212057254,0.012065011717348275,0.05531921245295798,0.0,0.0,0.0,0.0,-0.1517041191394819,-0.1517041191394819,0
0.431,0.01,0.0,0.008089741598094191,0.011999800063694577,0.054905339153526925,0.008089741598094191,0.011999800063694577,0.054905339153526925,0.0,0.0,0.0,0.0,-0.15065538380780374,-0.15065538380780374,0
0.432,0.01,0.0,0.008101708891689307,0.011934826923444615,0.054494389448637055,0.008101708891689307,0.011934826923444615,0.054494389448637055,0.0,0.0,0.0,0.0,-0.1496127782362846,-0.1496127782362846,0
0.433,0.01,0.0,0.008113611331621326,0.011870092823355933,0.05408634524490281,0.008113611331621326,0.011870092823355933,0.05408634524490281,0.0,0.0,0.0,0.0,-0.14857628455313865,-0.14857628455313865,0
0.434,0.01,0.0,0.008125449157184108,0.01180559826697734,0.0536811885207868,0.008125449157184108,0.01180559826697734,0.0536811885207868,0.0,0.0,0.0,0.0,-0.147545884598272,-0.147545884598272,0
0.435,0.01,0.0,0.008137222608163582,0.01174134373495156,0.05327890132703275,0.008137222608163582,0.01174134373495156,0.05327890132703275,0.0,0.0,0.0,0.0,-0.1465215599315668,-0.1465215599315668,0
0.436,0.01,0.0,0.00814893192481499,0.011677329685315268,0.05287946578708103,0.00814893192481499,0.011677329685315268,0.05287946578708103,0.0,0.0,0.0,0.0,-0.14550329184101862,-0.14550329184101862,0
0.437,0.01,0.0,0.008160577347840432,0.01161355655379657,0.05248286409746707,0.008160577347840432,0.01161355655379657,0.05248286409746707,0.0,0.0,0.0,0.0,-0.14449106135072576,-0.14449106135072576,0
0.438,0.01,0.0,0.008172159118366702,0.011550024754109881,0.05208907852820305,0.008172159118366702,0.011550024754109881,0.05208907852820305,0.0,0.0,0.0,0.0,-0.1434848492287326,-0.1434848492287326,0
0.439,0.01,0.0,0.00818367747792343,0.011486734678248272,0.05169809142314309,0.00818367747792343,0.011486734678248272,0.05169809142314309,0.0,0.0,0.0,0.0,-0.1424846359947436,-0.1424846359947436,0
0.44,0.01,0.0,0.008195132668421496,0.011423686696773244,0.051309885200332396,0.008195132668421496,0.011423686696773244,0.051309885200332396,0.0,0.0,0.0,0.0,-0.14149040192767348,-0.14149040192767348,0
0.441,0.01,0.0,0.008206524932131745,0.011360881159101959,0.05092444235234047,0.008206524932131745,0.011360881159101959,0.05092444235234047,0.0,0.0,0.0,0.0,-0.1405021270730824,-0.1405021270730824,0
0.442,0.01,0.0,0.008217854511663984,0.011298318393791943,0.05054174544657891,0.008217854511663984,0.011298318393791943,0.05054174544657891,0.0,0.0,0.0,0.0,-0.13951979125045888,-0.13951979125045888,0
0.443,0.01,0.0,0.00822912164994627,0.011235998708823273,0.050161777125604,0.00822912164994627,0.011235998708823273,0.050161777125604,0.0,0.0,0.0,0.0,-0.13854337406037676,-0.13854337406037676,0
0.444,0.01,0.0,0.008240326590204461,0.011173922391878224,0.04978452010740433,0.008240326590204461,0.011173922391878224,0.04978452010740433,0.0,0.0,0.0,0.0,-0.1375728548915287,-0.1375728548915287,0
0.445,0.01,0.0,0.008251469575942074,0.011112089710618438,0.04940995718567385,0.008251469575942074,0.011112089710618438,0.04940995718567385,0.0,0.0,0.0,0.0,-0.1366082129276096,-0.1366082129276096,0
0.446,0.01,0.0,0.008262550850920381,0.011050500912959586,0.0490380712300706,0.008262550850920381,0.011050500912959586,0.0490380712300706,0.0,0.0,0.0,0.0,-0.13564942715408623,-0.13564942715408623,0
0.447,0.01,0.0,0.00827357065913882,0.010989156227343554,0.04866884518646134,0.00827357065913882,0.010989156227343554,0.04866884518646134,0.0,0.0,0.0,0.0,-0.13469647636485238,-0.13469647636485238,0
0.448,0.01,0.0,0.00828452924481564,0.01092805586300815,0.04830226207715252,0.00828452924481564,0.01092805586300815,0.04830226207715252,0.0,0.0,0.0,0.0,-0.13374933916872855,-0.13374933916872855,0
0.449,0.01,0.0,0.008295426852368839,0.010867200010254357,0.047938305001107615,0.008295426852368839,0.010867200010254357,0.047938305001107615,0.0,0.0,0.0,0.0,-0.13280799399587462,-0.13280799399587462,0
0.45,0.01,0.0,0.008306263726397357,0.010806588840711137,0.04757695713415135,0.008306263726397357,0.010806588840711137,0.04757695713415135,0.0,0.0,0.0,0.0,-0.131872419104063,-0.131872419104063,0
0.451,0.01,0.0,0.00831704011166254,0.010746222507597792,0.047218201729160955,0.00831704011166254,0.010746222507597792,0.047218201729160955,0.0,0.0,0.0,0.0,-0.13094259258484087,-0.13094259258484087,0
0.452,0.01,0.0,0.008327756253069852,0.0106861011459839,0.046862022116244656,0.008327756253069852,0.0106861011459839,0.046862022116244656,0.0,0.0,0.0,0.0,-0.13001849236956975,-0.13001849236956975,0
0.453,0.01,0.0,0.008338412395650864,0.01062622487304684,0.0465084017029078,0.008338412395650864,0.01062622487304684,0.0465084017029078,0.0,0.0,0.0,0.0,-0.12910009623536833,-0.12910009623536833,0
0.454,0.01,0.0,0.00834900878454548,0.010566593788326901,0.04615732397420673,0.00834900878454548,0.010566593788326901,0.04615732397420673,0.0,0.0,0.0,0.0,-0.12818738181091582,-0.12818738181091582,0
0.455,0.01,0.0,0.008359545664984435,0.010507207973980023,0.045808772492890795,0.008359545664984435,0.010507207973980023,0.045808772492890795,0.0,0.0,0.0,0.0,-0.12728032658218158,-0.12728032658218158,0
0.456,0.01,0.0,0.00837002328227203,0.010448067495028135,0.04546273089953258,0.00837002328227203,0.010448067495028135,0.04546273089953258,0.0,0.0,0.0,0.0,-0.12637890789800554,-0.12637890789800554,0
0.457,0.01,0.0,0.008380441881769122,0.010389172399607143,0.04511918291264675,0.008380441881769122,0.010389172399607143,0.04511918291264675,0.0,0.0,0.0,0.0,-0.12548310297560494,-0.12548310297560494,0
0.458,0.01,0.0,0.00839080170887637,0.010330522719212547,0.04477811232879764,0.00839080170887637,0.010330522719212547,0.04477811232879764,0.0,0.0,0.0,0.0,-0.12459288890595932,-0.12459288890595932,0
0.459,0.01,0.0,0.008401103009017705,0.010272118468942734,0.044439503022695837,0.008401103009017705,0.010272118468942734,0.044439503022695837,0.0,0.0,0.0,0.0,-0.12370824265909963,-0.12370824265909963,0
0.46,0.01,0.0,0.008411346027624058,0.010213959647739922,0.04410333894728408,0.008411346027624058,0.010213959647739922,0.04410333894728408,0.0,0.0,0.0,0.0,-0.12282914108928544,-0.12282914108928544,0
0.461,0.01,0.0,0.008421531010117325,0.01015604623862881,0.04376960413381253,0.008421531010117325,0.01015604623862881,0.04376960413381253,0.0,0.0,0.0,0.0,-0.12195556094009419,-0.12195556094009419,0
0.462,0.01,0.0,0.008431658201894567,0.010098378208952891,0.04343828269190378,0.008431658201894567,0.010098378208952891,0.04343828269190378,0.0,0.0,0.0,0.0,-0.12108747884941096,-0.12108747884941096,0
0.463,0.01,0.0,0.008441727848312444,0.010040955510608513,0.04310935880960779,0.008441727848312444,0.010040955510608513,0.04310935880960779,0.0,0.0,0.0,0.0,-0.12022487135430548,-0.12022487135430548,0
0.464,0.01,0.0,0.008451740194671889,0.00998377808027662,0.042782816753446876,0.008451740194671889,0.00998377808027662,0.042782816753446876,0.0,0.0,0.0,0.0,-0.1193677148958372,-0.1193677148958372,0
0.465,0.01,0.0,0.008461695486203,0.009926845839652263,0.042458640868451074,0.008461695486203,0.009926845839652263,0.042458640868451074,0.0,0.0,0.0,0.0,-0.11851598582375278,-0.11851598582375278,0
0.466,0.01,0.0,0.008471593968050172,0.00987015869567183,0.042136815578184036,0.008471593968050172,0.00987015869567183,0.042136815578184036,0.0,0.0,0.0,0.0,-0.11766966040108784,-0.11766966040108784,0
0.467,0.01,0.0,0.008481435885257453,0.00981371654073805,0.041817325384759636,0.008481435885257453,0.00981371654073805,0.041817325384759636,0.0,0.0,0.0,0.0,-0.11682871480869395,-0.11682871480869395,0
0.468,0.01,0.0,0.00849122148275412,0.009757519252942775,0.04150015486884953,0.00849122148275412,0.009757519252942775,0.04150015486884953,0.0,0.0,0.0,0.0,-0.11599312514965732,-0.11599312514965732,0
0.46900000000000003,0.01,0.0,0.008500951005340476,0.009701566696287531,0.041185288689681854,0.008500951005340476,0.009701566696287531,0.041185288689681854,0.0,0.0,0.0,0.0,-0.11516286745364734,-0.11516286745364734,0
0.47000000000000003,0.01,0.0,0.008510624697673873,0.009645858720901885,0.04087271158503123,0.008510624697673873,0.009645858720901885,0.04087271158503123,0.0,0.0,0.0,0.0,-0.11433791768116297,-0.11433791768116297,0
0.47100000000000003,0.01,0.0,0.008520242804254948,0.009590395163259621,0.04056240837120033,0.008520242804254948,0.009590395163259621,0.04056240837120033,0.0,0.0,0.0,0.0,-0.11351825172770802,-0.11351825172770802,0
0.47200000000000003,0.01,0.0,0.008529805569414071,0.009535175846392735,0.040254363942993074,0.008529805569414071,0.009535175846392735,0.040254363942993074,0.0,0.0,0.0,0.0,-0.11270384542787415,-0.11270384542787415,0
0.47300000000000003,0.01,0.0,0.008539313237298009,0.009480200580103283,0.03994856327367977,0.008539313237298009,0.009480200580103283,0.03994856327367977,0.0,0.0,0.0,0.0,-0.11189467455934032,-0.11189467455934032,0
0.47400000000000003,0.01,0.0,0.00854876605185681,0.009425469161173063,0.03964499141495433,0.00854876605185681,0.009425469161173063,0.03964499141495433,0.0,0.0,0.0,0.0,-0.11109071484680388,-0.11109071484680388,0
0.47500000000000003,0.01,0.0,0.008558164256830876,0.009370981373571194,0.03934363349688366,0.008558164256830876,0.009370981373571194,0.03934363349688366,0.0,0.0,0.0,0.0,-0.11029194196582015,-0.11029194196582015,0
0.47600000000000003,0.01,0.0,0.008567508095738259,0.009316736988659537,0.03904447472784953,0.008567508095738259,0.009316736988659537,0.03904447472784953,0.0,0.0,0.0,0.0,-0.1094983315465603,-0.1094983315465603,0
0.47700000000000004,0.01,0.0,0.008576797811862153,0.009262735765396048,0.03874750039448305,0.008576797811862153,0.009262735765396048,0.03874750039448305,0.0,0.0,0.0,0.0,-0.10870985917750886,-0.10870985917750886,0
0.47800000000000004,0.01,0.0,0.008586033648238593,0.009208977450536017,0.03845269586159179,0.008586033648238593,0.009208977450536017,0.03845269586159179,0.0,0.0,0.0,0.0,-0.10792650040907414,-0.10792650040907414,0
0.47900000000000004,0.01,0.0,0.008595215847644347,0.009155461778831229,0.038160046572080004,0.008595215847644347,0.009155461778831229,0.038160046572080004,0.0,0.0,0.0,0.0,-0.10714823075711966,-0.10714823075711966,0
0.48,0.01,0.0,0.008604344652585024,0.009102188473227071,0.03786953804686176,0.008604344652585024,0.009102188473227071,0.03786953804686176,0.0,0.0,0.0,0.0,-0.10637502570643953,-0.10637502570643953,0
0.481,0.01,0.0,0.008613420305283346,0.00904915724505758,0.03758115588476744,0.008613420305283346,0.00904915724505758,0.03758115588476744,0.0,0.0,0.0,0.0,-0.10560686071413716,-0.10560686071413716,0
0.482,0.01,0.0,0.008622443047667652,0.008996367794238453,0.0372948857624436,0.008622443047667652,0.008996367794238453,0.0372948857624436,0.0,0.0,0.0,0.0,-0.10484371121296476,-0.10484371121296476,0
0.483,0.01,0.0,0.008631413121360563,0.008943819809458044,0.03701071343424639,0.008631413121360563,0.008943819809458044,0.03701071343424639,0.0,0.0,0.0,0.0,-0.10408555261456076,-0.10408555261456076,0
0.484,0.01,0.0,0.008640330767667856,0.008891512968366334,0.036728624732128665,0.008640330767667856,0.008891512968366334,0.036728624732128665,0.0,0.0,0.0,0.0,-0.10333236031264192,-0.10333236031264192,0
0.485,0.01,0.0,0.008649196227567517,0.008839446937761924,0.03644860556552101,0.008649196227567517,0.008839446937761924,0.03644860556552101,0.0,0.0,0.0,0.0,-0.10258410968611731,-0.10258410968611731,0
0.486,0.01,0.0,0.008658009741698976,0.008787621373777036,0.03617064192120671,0.008658009741698976,0.008787621373777036,0.03617064192120671,0.0,0.0,0.0,0.0,-0.10184077610213738,-0.10184077610213738,0
0.487,0.01,0.0,0.008666771550352548,0.00873603592206054,0.035894719863190934,0.008666771550352548,0.00873603592206054,0.035894719863190934,0.0,0.0,0.0,0.0,-0.10110233491908449,-0.10110233491908449,0
0.488,0.01,0.0,0.008675481893459023,0.008684690217959043,0.03562082553256414,0.008675481893459023,0.008684690217959043,0.03562082553256414,0.0,0.0,0.0,0.0,-0.10036876148948704,-0.10036876148948704,0
0.489,0.01,0.0,0.008684141010579462,0.008633583886696024,0.03534894514735998,0.008684141010579462,0.008633583886696024,0.03534894514735998,0.0,0.0,0.0,0.0,-0.09964003116288733,-0.09964003116288733,0
0.49,0.01,0.0,0.008692749140895168,0.008582716543549047,0.03507906500240772,0.008692749140895168,0.008582716543549047,0.03507906500240772,0.0,0.0,0.0,0.0,-0.09891611928862609,-0.09891611928862609,0
0.491,0.01,0.0,0.008701306523197816,0.008532087794025063,0.034811171469179426,0.008701306523197816,0.008532087794025063,0.034811171469179426,0.0,0.0,0.0,0.0,-0.09819700121859132,-0.09819700121859132,0
0.492,0.01,0.0,0.008709813395879775,0.008481697234033811,0.03454525099563192,0.008709813395879775,0.008481697234033811,0.03454525099563192,0.0,0.0,0.0,0.0,-0.09748265230988373,-0.09748265230988373,0
0.493,0.01,0.0,0.008718269996924601,0.008431544450059334,0.03428129010604371,0.008718269996924601,0.008431544450059334,0.03428129010604371,0.0,0.0,0.0,0.0,-0.09677304792744135,-0.09677304792744135,0
0.494,0.01,0.0,0.008726676563897686,0.008381629019329621,0.034019275400847086,0.008726676563897686,0.008381629019329621,0.034019275400847086,0.0,0.0,0.0,0.0,-0.09606816344659119,-0.09606816344659119,0
0.495,0.01,0.0,0.008735033333937095,0.0083319505099844,0.03375919355645535,0.008735033333937095,0.0083319505099844,0.03375919355645535,0.0,0.0,0.0,0.0,-0.09536797425555932,-0.09536797425555932,0
0.496,0.01,0.0,0.00874334054374456,0.008282508481241076,0.03350103132508542,0.00874334054374456,0.008282508481241076,0.03350103132508542,0.0,0.0,0.0,0.0,-0.09467245575791328,-0.09467245575791328,0
0.497,0.01,0.0,0.008751598429576636,0.008233302483558847,0.0332447755345759,0.008751598429576636,0.008233302483558847,0.0332447755345759,0.0,0.0,0.0,0.0,-0.09398158337495666,-0.09398158337495666,0
0.498,0.01,0.0,0.008759807227236025,0.008184332058801006,0.032990413088200735,0.008759807227236025,0.008184332058801006,0.032990413088200735,0.0,0.0,0.0,0.0,-0.09329533254806144,-0.09329533254806144,0
0.499,0.01,0.0,0.00876796717206306,0.00813559674039543,0.032737930964478544,0.00876796717206306,0.00813559674039543,0.032737930964478544,0.0,0.0,0.0,0.0,-0.09261367874095683,-0.09261367874095683,0
0.5,0.01,0.0,0.008776078498927352,0.008087096053493285,0.0324873162169778,0.008776078498927352,0.008087096053493285,0.0324873162169778,0.0,0.0,0.0,0.0,-0.09193659744196037,-0.09193659744196037,0
0.501,0.01,0.0,0.008784141442219591,0.008038829515125964,0.0322385559741179,0.008784141442219591,0.008038829515125964,0.0322385559741179,0.0,0.0,0.0,0.0,-0.09126406416616017,-0.09126406416616017,0
0.502,0.01,0.0,0.008792156235843503,0.007990796634360251,0.031991637438966304,0.008792156235843503,0.007990796634360251,0.031991637438966304,0.0,0.0,0.0,0.0,-0.09059605445754304,-0.09059605445754304,0
0.503,0.01,0.0,0.00880012311320796,0.007942996912451752,0.03174654788903177,0.00880012311320796,0.007942996912451752,0.03174654788903177,0.0,0.0,0.0,0.0,-0.08993254389107719,-0.08993254389107719,0
0.504,0.01,0.0,0.008808042307219252,0.007895429842996569,0.031503274676053926,0.008808042307219252,0.007895429842996569,0.031503274676053926,0.0,0.0,0.0,0.0,-0.08927350807474532,-0.08927350807474532,0
0.505,0.01,0.0,0.008815914050273493,0.007848094912081278,0.031261805225789106,0.008815914050273493,0.007848094912081278,0.031261805225789106,0.0,0.0,0.0,0.0,-0.08861892265152704,-0.08861892265152704,0
0.506,0.01,0.0,0.008823738574249193,0.0078009915984311885,0.031022127037792693,0.008823738574249193,0.0078009915984311885,0.031022127037792693,0.0,0.0,0.0,0.0,-0.08796876330133863,-0.08796876330133863,0
0.507,0.01,0.0,0.00883151611049997,0.007754119373556906,0.03078422768519803,0.00883151611049997,0.007754119373556906,0.03078422768519803,0.0,0.0,0.0,0.0,-0.08732300574291951,-0.08732300574291951,0
0.508,0.01,0.0,0.008839246889847401,0.007707477701899223,0.030548094814491975,0.008839246889847401,0.007707477701899223,0.030548094814491975,0.0,0.0,0.0,0.0,-0.0866816257356815,-0.0866816257356815,0
0.509,0.01,0.0,0.008846931142574031,0.007661066040972336,0.030313716145287224,0.008846931142574031,0.007661066040972336,0.030313716145287224,0.0,0.0,0.0,0.0,-0.0860445990815144,-0.0860445990815144,0
0.51,0.01,0.0,0.008854569098416518,0.007614883841505415,0.03008107947009146,0.008854569098416518,0.007614883841505415,0.03008107947009146,0.0,0.0,0.0,0.0,-0.08541190162653134,-0.08541190162653134,0
0.511,0.01,0.0,0.008862160986558908,0.007568930547582531,0.029850172654073494,0.008862160986558908,0.007568930547582531,0.029850172654073494,0.0,0.0,0.0,0.0,-0.08478350926279177,-0.08478350926279177,0
0.512,0.01,0.0,0.008869707035626074,0.007523205596780955,0.02962098363482642,0.008869707035626074,0.007523205596780955,0.02962098363482642,0.0,0.0,0.0,0.0,-0.08415939792997307,-0.08415939792997307,0
0.513,0.01,0.0,0.008877207473677264,0.007477708420307847,0.029393500422127884,0.008877207473677264,0.007477708420307847,0.029393500422127884,0.0,0.0,0.0,0.0,-0.08353954361699234,-0.08353954361699234,0
0.514,0.01,0.0,0.008884662528199805,0.007432438443135343,0.029167711097697627,0.008884662528199805,0.007432438443135343,0.029167711097697627,0.0,0.0,0.0,0.0,-0.08292392236360424,-0.08292392236360424,0
0.515,0.01,0.0,0.008892072426102939,0.0073873950841340545,0.02894360381495227,0.008892072426102939,0.0073873950841340545,0.02894360381495227,0.0,0.0,0.0,0.0,-0.0823125102619473,-0.0823125102619473,0
0.516,0.01,0.0,0.008899437393711778,0.007342577756204998,0.02872116679875755,0.008899437393711778,0.007342577756204998,0.02872116679875755,0.0,0.0,0.0,0.0,-0.08170528345805117,-0.08170528345805117,0
0.517,0.01,0.0,0.008906757656761407,0.007297985866409963,0.02850038834517797,0.008906757656761407,0.007297985866409963,0.02850038834517797,0.0,0.0,0.0,0.0,-0.08110221815330476,-0.08110221815330476,0
0.518,0.01,0.0,0.008914033440391104,0.007253618816100327,0.02828125682122409,0.008914033440391104,0.007253618816100327,0.02828125682122409,0.0,0.0,0.0,0.0,-0.08050329060589778,-0.08050329060589778,0
0.519,0.01,0.0,0.0089212649691387,0.007209476001044342,0.028063760664597377,0.0089212649691387,0.007209476001044342,0.028063760664597377,0.0,0.0,0.0,0.0,-0.07990847713220361,-0.07990847713220361,0
0.52,0.01,0.0,0.008928452466935055,0.0071655568115529,0.027847888383432832,0.008928452466935055,0.0071655568115529,0.027847888383432832,0.0,0.0,0.0,0.0,-0.07931775410814801,-0.07931775410814801,0
0.521,0.01,0.0,0.008935596157098661,0.007121860632603788,0.02763362855603938,0.008935596157098661,0.007121860632603788,0.02763362855603938,0.0,0.0,0.0,0.0,-0.07873109797052535,-0.07873109797052535,0
0.522,0.01,0.0,0.008942696262330371,0.007078386843964441,0.02742096983063817,0.008942696262330371,0.007078386843964441,0.02742096983063817,0.0,0.0,0.0,0.0,-0.0781484852182821,-0.0781484852182821,0
0.523,0.01,0.0,0.008949753004708256,0.0070351348203132255,0.027209900925098784,0.008949753004708256,0.0070351348203132255,0.027209900925098784,0.0,0.0,0.0,0.0,-0.07756989241377799,-0.07756989241377799,0
0.524,0.01,0.0,0.008956766605682566,0.006992103931359239,0.0270004106266735,0.008956766605682566,0.006992103931359239,0.0270004106266735,0.0,0.0,0.0,0.0,-0.07699529618399037,-0.07699529618399037,0
0.525,0.01,0.0,0.008963737286070828,0.006949293541960666,0.026792487791729658,0.008963737286070828,0.006949293541960666,0.026792487791729658,0.0,0.0,0.0,0.0,-0.07642467322171065,-0.07642467322171065,0
0.526,0.01,0.0,0.008970665266053049,0.006906703012241677,0.026586121345480163,0.008970665266053049,0.006906703012241677,0.026586121345480163,0.0,0.0,0.0,0.0,-0.07585800028668555,-0.07585800028668555,0
0.527,0.01,0.0,0.00897755076516704,0.006864331697707897,0.026381300281712244,0.00897755076516704,0.006864331697707897,0.026381300281712244,0.0,0.0,0.0,0.0,-0.07529525420673888,-0.07529525420673888,0
0.528,0.01,0.0,0.008984394002303858,0.006822178949360465,0.026178013662514512,0.008984394002303858,0.006822178949360465,0.026178013662514512,0.0,0.0,0.0,0.0,-0.07473641187885605,-0.07473641187885605,0
0.529,0.01,0.0,0.008991195195703357,0.006780244113808673,0.02597625061800242,0.008991195195703357,0.006780244113808673,0.02597625061800242,0.0,0.0,0.0,0.0,-0.07418145027024448,-0.07418145027024448,0
0.53,0.01,0.0,0.008997954562949847,0.006738526533381216,0.0257760003460421,0.008997954562949847,0.006738526533381216,0.0257760003460421,0.0,0.0,0.0,0.0,-0.07363034641934885,-0.07363034641934885,0
0.531,0.01,0.0,0.009004672320967874,0.006697025546236062,0.025577252111972773,0.009004672320967874,0.006697025546236062,0.025577252111972773,0.0,0.0,0.0,0.0,-0.07308307743684939,-0.07308307743684939,0
0.532,0.01,0.0,0.009011348686018106,0.006655740486468949,0.02537999524832767,0.009011348686018106,0.006655740486468949,0.02537999524832767,0.0,0.0,0.0,0.0,-0.07253962050662999,-0.07253962050662999,0
0.533,0.01,0.0,0.009017983873693312,0.00661467068422052,0.025184219154553617,0.009017983873693312,0.00661467068422052,0.025184219154553617,0.0,0.0,0.0,0.0,-0.07199995288670635,-0.07199995288670635,0
0.534,0.01,0.0,0.009024578098914477,0.006573815465782121,0.024989913296729296,0.009024578098914477,0.006573815465782121,0.024989913296729296,0.0,0.0,0.0,0.0,-0.07146405191013905,-0.07146405191013905,0
0.535,0.01,0.0,0.00903113157592699,0.00653317415370026,0.024797067207282253,0.00903113157592699,0.00653317415370026,0.024797067207282253,0.0,0.0,0.0,0.0,-0.07093189498590569,-0.07093189498590569,0
0.536,0.01,0.0,0.009037644518296957,0.006492746066879745,0.024605670484704717,0.009037644518296957,0.006492746066879745,0.024605670484704717,0.0,0.0,0.0,0.0,-0.07040345959975536,-0.07040345959975536,0
0.537,0.01,0.0,0.009044117138907615,0.006452530520685511,0.024415712793268297,0.009044117138907615,0.006452530520685511,0.024415712793268297,0.0,0.0,0.0,0.0,-0.0698787233150373,-0.0698787233150373,0
0.538,0.01,0.0,0.009050549649955835,0.006412526827043152,0.024227183862737568,0.009050549649955835,0.006412526827043152,0.024227183862737568,0.0,0.0,0.0,0.0,-0.06935766377348784,-0.06935766377348784,0
0.539,0.01,0.0,0.009056942262948738,0.00637273429453817,0.024040073488082677,0.009056942262948738,0.00637273429453817,0.024040073488082677,0.0,0.0,0.0,0.0,-0.06884025869601285,-0.06884025869601285,0
0.54,0.01,0.0,0.009063295188700395,0.006333152228513939,0.023854371529190937,0.009063295188700395,0.006333152228513939,0.023854371529190937,0.0,0.0,0.0,0.0,-0.06832648588342582,-0.06832648588342582,0
0.541,0.01,0.0,0.009069608637328646,0.006293779931168423,0.02367006791057753,0.009069608637328646,0.006293779931168423,0.02367006791057753,0.0,0.0,0.0,0.0,-0.0678163232171709,-0.0678163232171709,0
0.542,0.01,0.0,0.009075882818251994,0.0062546167016496275,0.023487152621095353,0.009075882818251994,0.0062546167016496275,0.023487152621095353,0.0,0.0,0.0,0.0,-0.06730974866002093,-0.06730974866002093,0
0.543,0.01,0.0,0.009082117940186605,0.00621566183614982,0.023305615713644028,0.009082117940186605,0.00621566183614982,0.023305615713644028,0.0,0.0,0.0,0.0,-0.06680674025674804,-0.06680674025674804,0
0.544,0.01,0.0,0.009088314211143395,0.0061769146279985285,0.023125447304878165,0.009088314211143395,0.0061769146279985285,0.023125447304878165,0.0,0.0,0.0,0.0,-0.06630727613477205,-0.06630727613477205,0
0.545,0.01,0.0,0.009094471838425221,0.006138374367754308,0.0229466375749149,0.009094471838425221,0.006138374367754308,0.0229466375749149,0.0,0.0,0.0,0.0,-0.0658113345047866,-0.0658113345047866,0
0.546,0.01,0.0,0.00910059102862415,0.006100040343295319,0.022769176767040773,0.00910059102862415,0.006100040343295319,0.022769176767040773,0.0,0.0,0.0,0.0,-0.0653188936613569,-0.0653188936613569,0
0.547,0.01,0.0,0.00910667198761882,0.006061911839908706,0.02259305518741799,0.00910667198761882,0.006061911839908706,0.02259305518741799,0.0,0.0,0.0,0.0,-0.06482993198350773,-0.06482993198350773,0
0.548,0.01,0.0,0.009112714920571903,0.006023988140378789,0.02241826320479011,0.009112714920571903,0.006023988140378789,0.02241826320479011,0.0,0.0,0.0,0.0,-0.0643444279352714,-0.0643444279352714,0
0.549,0.01,0.0,0.009118720031927636,0.005986268525074097,0.02224479125018719,0.009118720031927636,0.005986268525074097,0.02224479125018719,0.0,0.0,0.0,0.0,-0.06386236006623314,-0.06386236006623314,0
0.55,0.01,0.0,0.009124687525409455,0.005948752272033228,0.022072629816630464,0.009124687525409455,0.005948752272033228,0.022072629816630464,0.0,0.0,0.0,0.0,-0.06338370701204088,-0.06338370701204088,0
0.551,0.01,0.0,0.009130617604017701,0.005911438657049571,0.021901769458836578,0.009130617604017701,0.005911438657049571,0.021901769458836578,0.0,0.0,0.0,0.0,-0.06290844749489732,-0.06290844749489732,0
0.552,0.01,0.0,0.009136510470027429,0.0058743269537548815,0.021732200792921423,0.009136510470027429,0.0058743269537548815,0.021732200792921423,0.0,0.0,0.0,0.0,-0.06243656032404665,-0.06243656032404665,0
0.553,0.01,0.0,0.009142366324986271,0.005837416433701743,0.021563914496103592,0.009142366324986271,0.005837416433701743,0.021563914496103592,0.0,0.0,0.0,0.0,-0.06196802439621063,-0.06196802439621063,0
0.554,0.01,0.0,0.00914818536971241,0.005800706366444899,0.021396901306407562,0.00914818536971241,0.005800706366444899,0.021396901306407562,0.0,0.0,0.0,0.0,-0.06150281869603624,-0.06150281869603624,0
0.555,0.01,0.0,0.009153967804292616,0.005764196019621489,0.02123115202236657,0.009153967804292616,0.005764196019621489,0.02123115202236657,0.0,0.0,0.0,0.0,-0.061040922296507816,-0.061040922296507816,0
0.556,0.01,0.0,0.009159713828080373,0.0057278846590301915,0.02106665750272525,0.009159713828080373,0.0057278846590301915,0.02106665750272525,0.0,0.0,0.0,0.0,-0.06058231435933781,-0.06058231435933781,0
0.557,0.01,0.0,0.009165423639694074,0.005691771548709271,0.020903408666142084,0.009165423639694074,0.005691771548709271,0.020903408666142084,0.0,0.0,0.0,0.0,-0.060126974135352285,-0.060126974135352285,0
0.558,0.01,0.0,0.009171097437015309,0.005655855951013569,0.020741396490891698,0.009171097437015309,0.005655855951013569,0.020741396490891698,0.0,0.0,0.0,0.0,-0.05967488096485063,-0.05967488096485063,0
0.559,0.01,0.0,0.009176735417187202,0.005620137126690423,0.020580612014566985,0.009176735417187202,0.005620137126690423,0.020580612014566985,0.0,0.0,0.0,0.0,-0.059226014277940386,-0.059226014277940386,0
0.56,0.01,0.0,0.00918233777661286,0.005584614334954535,0.020421046333781206,0.00918233777661286,0.005584614334954535,0.020421046333781206,0.0,0.0,0.0,0.0,-0.05878035359486944,-0.05878035359486944,0
0.561,0.01,0.0,0.009187904710953865,0.005549286833561799,0.020262690603869992,0.009187904710953865,0.005549286833561799,0.020262690603869992,0.0,0.0,0.0,0.0,-0.05833787852632977,-0.05833787852632977,0
0.562,0.01,0.0,0.009193436415128861,0.005514153878882098,0.020105536038593334,0.009193436415128861,0.005514153878882098,0.020105536038593334,0.0,0.0,0.0,0.0,-0.05789856877375055,-0.05789856877375055,0
0.5630000000000001,0.01,0.0,0.009198933083312192,0.00547921472597108,0.01994957390983757,0.009198933083312192,0.00547921472597108,0.01994957390983757,0.0,0.0,0.0,0.0,-0.05746240412957171,-0.05746240412957171,0
0.5640000000000001,0.01,0.0,0.009204394908932635,0.0054444686286409215,0.01979479554731747,0.009204394908932635,0.0054444686286409215,0.01979479554731747,0.0,0.0,0.0,0.0,-0.057029364477503286,-0.057029364477503286,0
0.5650000000000001,0.01,0.0,0.009209822084672185,0.005409914839530094,0.01964119233827832,0.009209822084672185,0.005409914839530094,0.01964119233827832,0.0,0.0,0.0,0.0,-0.05659942979276522,-0.05659942979276522,0
0.5660000000000001,0.01,0.0,0.009215214802464919,0.005375552610172138,0.0194887557271982,0.009215214802464919,0.005375552610172138,0.0194887557271982,0.0,0.0,0.0,0.0,-0.056172580142319184,-0.056172580142319184,0
0.5670000000000001,0.01,0.0,0.009220573253495918,0.005341381191063454,0.019337477215490326,0.009220573253495918,0.005341381191063454,0.019337477215490326,0.0,0.0,0.0,0.0,-0.05574879568507818,-0.05574879568507818,0
0.5680000000000001,0.01,0.0,0.009225897628200275,0.0053073998317301274,0.019187348361205607,0.009225897628200275,0.0053073998317301274,0.019187348361205607,0.0,0.0,0.0,0.0,-0.05532805667210372,-0.05532805667210372,0
0.5690000000000001,0.01,0.0,0.009231188116262147,0.0052736077807937895,0.019038360778735386,0.009231188116262147,0.0052736077807937895,0.019038360778735386,0.0,0.0,0.0,0.0,-0.0549103434467888,-0.0549103434467888,0
0.5700000000000001,0.01,0.0,0.00923644490661389,0.00524000428603653,0.01889050613851441,0.00923644490661389,0.00524000428603653,0.01889050613851441,0.0,0.0,0.0,0.0,-0.05449563644503108,-0.05449563644503108,0
0.5710000000000001,0.01,0.0,0.00924166818743525,0.005206588594464865,0.018743776166724055,0.00924166818743525,0.005206588594464865,0.018743776166724055,0.0,0.0,0.0,0.0,-0.05408391619538211,-0.05408391619538211,0
0.5720000000000001,0.01,0.0,0.009246858146152614,0.005173359952372775,0.018598162644995822,0.009246858146152614,0.005173359952372775,0.018598162644995822,0.0,0.0,0.0,0.0,-0.05367516331918942,-0.05367516331918942,0
0.5730000000000001,0.01,0.0,0.009252014969438336,0.005140317605403826,0.018453657410115166,0.009252014969438336,0.005140317605403826,0.018453657410115166,0.0,0.0,0.0,0.0,-0.05326935853072445,-0.05326935853072445,0
0.5740000000000001,0.01,0.0,0.009257138843210114,0.005107460798612364,0.018310252353725645,0.009257138843210114,0.005107460798612364,0.018310252353725645,0.0,0.0,0.0,0.0,-0.05286648263730154,-0.05286648263730154,0
0.5750000000000001,0.01,0.0,0.009262229952630428,0.005074788776523822,0.018167939422033423,0.009262229952630428,0.005074788776523822,0.018167939422033423,0.0,0.0,0.0,0.0,-0.05246651653937384,-0.05246651653937384,0
0.5760000000000001,0.01,0.0,0.009267288482106046,0.005042300783194124,0.018026710615512177,0.009267288482106046,0.005042300783194124,0.018026710615512177,0.0,0.0,0.0,0.0,-0.052069441230625735,-0.052069441230625735,0
0.577,0.01,0.0,0.009272314615287582,0.005009996062268206,0.017886557988608397,0.009272314615287582,0.005009996062268206,0.017886557988608397,0.0,0.0,0.0,0.0,-0.05167523779804917,-0.05167523779804917,0
0.578,0.01,0.0,0.009277308535069112,0.004977873857037666,0.01774747364944713,0.009277308535069112,0.004977873857037666,0.01774747364944713,0.0,0.0,0.0,0.0,-0.05128388742201295,-0.05128388742201295,0
0.579,0.01,0.0,0.009282270423587853,0.004945933410497543,0.01760944975953817,0.009282270423587853,0.004945933410497543,0.01760944975953817,0.0,0.0,0.0,0.0,-0.05089537137630806,-0.05089537137630806,0
0.58,0.01,0.0,0.00928720046222389,0.0049141739654022356,0.01747247853348275,0.00928720046222389,0.0049141739654022356,0.01747247853348275,0.0,0.0,0.0,0.0,-0.050509671028193814,-0.050509671028193814,0
0.581,0.01,0.0,0.009292098831599963,0.004882594764320582,0.017336552238680705,0.009292098831599963,0.004882594764320582,0.017336552238680705,0.0,0.0,0.0,0.0,-0.050126767838428954,-0.050126767838428954,0
0.582,0.01,0.0,0.009296965711581314,0.004851195049690098,0.01720166319503818,0.009296965711581314,0.004851195049690098,0.01720166319503818,0.0,0.0,0.0,0.0,-0.04974664336129209,-0.04974664336129209,0
0.583,0.01,0.0,0.009301801281275578,0.004819974063870379,0.01706780377467587,0.009301801281275578,0.004819974063870379,0.01706780377467587,0.0,0.0,0.0,0.0,-0.04936927924458523,-0.04936927924458523,0
0.584,0.01,0.0,0.009306605719032733,0.004788931049195682,0.016934966401637844,0.009306605719032733,0.004788931049195682,0.016934966401637844,0.0,0.0,0.0,0.0,-0.048994657229640914,-0.048994657229640914,0
0.585,0.01,0.0,0.0093113792024451,0.0047580652480267065,0.016803143551600907,0.0093113792024451,0.0047580652480267065,0.016803143551600907,0.0,0.0,0.0,0.0,-0.0486227591512991,-0.0486227591512991,0
0.586,0.01,0.0,0.009316121908347396,0.004727375902801552,0.01667232775158464,0.009316121908347396,0.004727375902801552,0.01667232775158464,0.0,0.0,0.0,0.0,-0.04825356693789473,-0.04825356693789473,0
0.587,0.01,0.0,0.009320834012816834,0.004696862256085901,0.01654251157966198,0.009320834012816834,0.004696862256085901,0.01654251157966198,0.0,0.0,0.0,0.0,-0.04788706261121867,-0.04788706261121867,0
0.588,0.01,0.0,0.00932551569117328,0.004666523550622395,0.016413687664670513,0.00932551569117328,0.004666523550622395,0.016413687664670513,0.0,0.0,0.0,0.0,-0.047523228286482144,-0.047523228286482144,0
0.589,0.01,0.0,0.009330167117979446,0.004636359029379244,0.01628584868592437,0.009330167117979446,0.004636359029379244,0.01628584868592437,0.0,0.0,0.0,0.0,-0.047162046172258165,-0.047162046172258165,0
0.59,0.01,0.0,0.009334788467041152,0.0046063679355980705,0.016158987372926842,0.009334788467041152,0.0046063679355980705,0.016158987372926842,0.0,0.0,0.0,0.0,-0.04680349857042909,-0.04680349857042909,0
0.591,0.01,0.0,0.009339379911407613,0.0045765495128409755,0.01603309650508366,0.009339379911407613,0.0045765495128409755,0.01603309650508366,0.0,0.0,0.0,0.0,-0.046447567876108486,-0.046447567876108486,0
0.592,0.01,0.0,0.009343941623371781,0.004546903005036869,0.015908168911417008,0.009343941623371781,0.004546903005036869,0.015908168911417008,0.0,0.0,0.0,0.0,-0.046094236577570946,-0.046094236577570946,0
0.593,0.01,0.0,0.009348473774470746,0.004517427656527042,0.015784197470280252,0.009348473774470746,0.004517427656527042,0.015784197470280252,0.0,0.0,0.0,0.0,-0.045743487256158843,-0.045743487256158843,0
0.594,0.01,0.0,0.009352976535486161,0.004488122712110008,0.015661175109073406,0.009352976535486161,0.004488122712110008,0.015661175109073406,0.0,0.0,0.0,0.0,-0.0453953025861944,-0.0453953025861944,0
0.595,0.01,0.0,0.009357450076444725,0.0044589874170856145,0.015539094803959364,0.009357450076444725,0.0044589874170856145,0.015539094803959364,0.0,0.0,0.0,0.0,-0.04504966533486687,-0.04504966533486687,0
0.596,0.01,0.0,0.009361894566618706,0.004430021017298435,0.015417949579580904,0.009361894566618706,0.004430021017298435,0.015417949579580904,0.0,0.0,0.0,0.0,-0.04470655836212778,-0.04470655836212778,0
0.597,0.01,0.0,0.009366310174526505,0.004401222759180446,0.01529773250877848,0.009366310174526505,0.004401222759180446,0.01529773250877848,0.0,0.0,0.0,0.0,-0.0443659646205683,-0.0443659646205683,0
0.598,0.01,0.0,0.00937069706793327,0.004372591889792995,0.015178436712308821,0.00937069706793327,0.004372591889792995,0.015178436712308821,0.0,0.0,0.0,0.0,-0.044027867155294054,-0.044027867155294054,0
0.599,0.01,0.0,0.009375055413851538,0.004344127656868082,0.015060055358564323,0.009375055413851538,0.004344127656868082,0.015060055358564323,0.0,0.0,0.0,0.0,-0.043692249103790104,-0.043692249103790104,0
0.6,0.01,0.0,0.009379385378541934,0.004315829308848945,0.0149425816632933,0.009379385378541934,0.004315829308848945,0.0149425816632933,0.0,0.0,0.0,0.0,-0.04335909369577884,-0.04335909369577884,0
0.601,0.01,0.0,0.009383687127513895,0.004287696094929955,0.014826008889321054,0.009383687127513895,0.004287696094929955,0.014826008889321054,0.0,0.0,0.0,0.0,-0.0430283842530681,-0.0430283842530681,0
0.602,0.01,0.0,0.009387960825526448,0.004259727265095859,0.014710330346271816,0.009387960825526448,0.004259727265095859,0.014710330346271816,0.0,0.0,0.0,0.0,-0.04270010418940107,-0.04270010418940107,0
0.603,0.01,0.0,0.009392206636589013,0.004231922070160333,0.014595539390291533,0.009392206636589013,0.004231922070160333,0.014595539390291533,0.0,0.0,0.0,0.0,-0.04237423701028753,-0.04237423701028753,0
0.604,0.01,0.0,0.009396424723962253,0.00420427976180389,0.014481629423771557,0.009396424723962253,0.00420427976180389,0.014481629423771557,0.0,0.0,0.0,0.0,-0.04205076631283777,-0.04205076631283777,0
0.605,0.01,0.0,0.009400615250158966,0.004176799592611132,0.01436859389507321,0.009400615250158966,0.004176799592611132,0.01436859389507321,0.0,0.0,0.0,0.0,-0.04172967578558762,-0.04172967578558762,0
0.606,0.01,0.0,0.009404778376944997,0.00414948081610736,0.014256426298253246,0.009404778376944997,0.00414948081610736,0.014256426298253246,0.0,0.0,0.0,0.0,-0.04141094920831456,-0.04141094920831456,0
0.607,0.01,0.0,0.009408914265340202,0.004122322686794543,0.014145120172790236,0.009408914265340202,0.004122322686794543,0.014145120172790236,0.0,0.0,0.0,0.0,-0.041094570451845946,-0.041094570451845946,0
0.608,0.01,0.0,0.009413023075619446,0.0040953244601866605,0.014034669103311873,0.009413023075619446,0.0040953244601866605,0.014034669103311873,0.0,0.0,0.0,0.0,-0.0407805234778742,-0.0407805234778742,0
0.609,0.01,0.0,0.009417104967313622,0.004068485392844419,0.013925066719323195,0.009417104967313622,0.004068485392844419,0.013925066719323195,0.0,0.0,0.0,0.0,-0.04046879233874279,-0.04046879233874279,0
0.61,0.01,0.0,0.009421160099210728,0.004041804742409358,0.013816306694935783,0.009421160099210728,0.004041804742409358,0.013816306694935783,0.0,0.0,0.0,0.0,-0.04015936117725616,-0.04015936117725616,0
0.611,0.01,0.0,0.009425188629356953,0.004015281767637349,0.013708382748597868,0.009425188629356953,0.004015281767637349,0.013708382748597868,0.0,0.0,0.0,0.0,-0.039852214226456795,-0.039852214226456795,0
0.612,0.01,0.0,0.009429190715057816,0.00398891572843148,0.013601288642825433,0.009429190715057816,0.00398891572843148,0.013601288642825433,0.0,0.0,0.0,0.0,-0.03954733580941294,-0.03954733580941294,0
0.613,0.01,0.0,0.009433166512879322,0.003962705885874364,0.013495018183934266,0.009433166512879322,0.003962705885874364,0.013495018183934266,0.0,0.0,0.0,0.0,-0.039244710338993904,-0.039244710338993904,0
0.614,0.01,0.0,0.009437116178649169,0.003936651502259845,0.013389565221773009,0.009437116178649169,0.003936651502259845,0.013389565221773009,0.0,0.0,0.0,0.0,-0.03894432231764888,-0.03894432231764888,0
0.615,0.01,0.0,0.009441039867457958,0.003910751841124133,0.013284923649457159,0.009441039867457958,0.003910751841124133,0.013284923649457159,0.0,0.0,0.0,0.0,-0.03864615633716273,-0.03864615633716273,0
0.616,0.01,0.0,0.00944493773366047,0.0038850061672763593,0.01318108740310412,0.00944493773366047,0.0038850061672763593,0.01318108740310412,0.0,0.0,0.0,0.0,-0.03835019707843834,-0.03835019707843834,0
0.617,0.01,0.0,0.009448809930876934,0.0038594137468285694,0.013078050461569193,0.009448809930876934,0.0038594137468285694,0.013078050461569193,0.0,0.0,0.0,0.0,-0.038056429311232876,-0.038056429311232876,0
0.618,0.01,0.0,0.009452656611994362,0.003833973847225149,0.01297580684618263,0.009452656611994362,0.003833973847225149,0.01297580684618263,0.0,0.0,0.0,0.0,-0.037764837893927705,-0.037764837893927705,0
0.619,0.01,0.0,0.009456477929167888,0.0038086857372717016,0.012874350620487668,0.009456477929167888,0.0038086857372717016,0.012874350620487668,0.0,0.0,0.0,0.0,-0.03747540777327174,-0.03747540777327174,0
0.62,0.01,0.0,0.009460274033822142,0.0037835486871633773,0.012773675889979602,0.009460274033822142,0.0037835486871633773,0.012773675889979602,0.0,0.0,0.0,0.0,-0.037188123984123855,-0.037188123984123855,0
0.621,0.01,0.0,0.009464045076652655,0.003758561968512659,0.012673776801845902,0.009464045076652655,0.003758561968512659,0.012673776801845902,0.0,0.0,0.0,0.0,-0.036902971649199756,-0.036902971649199756,0
0.622,0.01,0.0,0.009467791207627294,0.003733724854376615,0.012574647544707331,0.009467791207627294,0.003733724854376615,0.012574647544707331,0.0,0.0,0.0,0.0,-0.036619935978802864,-0.036619935978802864,0
0.623,0.01,0.0,0.00947151257598771,0.0037090366192836246,0.012476282348360141,0.00947151257598771,0.0037090366192836246,0.012476282348360141,0.0,0.0,0.0,0.0,-0.03633900227055875,-0.03633900227055875,0
0.624,0.01,0.0,0.009475209330250839,0.0036844965392595786,0.012378675483519301,0.009475209330250839,0.0036844965392595786,0.012378675483519301,0.0,0.0,0.0,0.0,-0.03606015590914868,-0.03606015590914868,0
0.625,0.01,0.0,0.00947888161821039,0.0036601038918535685,0.012281821261562778,0.00947888161821039,0.0036601038918535685,0.012281821261562778,0.0,0.0,0.0,0.0,-0.03578338236602363,-0.03578338236602363,0
0.626,0.01,0.0,0.009482529586938406,0.003635857956163062,0.012185714034276892,0.009482529586938406,0.003635857956163062,0.012185714034276892,0.0,0.0,0.0,0.0,-0.03550866719913781,-0.03550866719913781,0
0.627,0.01,0.0,0.0094861533827868,0.003611758012858578,0.012090348193602714,0.0094861533827868,0.003611758012858578,0.012090348193602714,0.0,0.0,0.0,0.0,-0.03523599605265737,-0.03523599605265737,0
0.628,0.01,0.0,0.00948975315138896,0.0035878033442078624,0.011995718171383559,0.00948975315138896,0.0035878033442078624,0.011995718171383559,0.0,0.0,0.0,0.0,-0.03496535465668327,-0.03496535465668327,0
0.629,0.01,0.0,0.00949332903766135,0.0035639932340995745,0.011901818439113523,0.00949332903766135,0.0035639932340995745,0.011901818439113523,0.0,0.0,0.0,0.0,-0.03469672882695196,-0.03469672882695196,0
0.63,0.01,0.0,0.009496881185805137,0.0035403269680664862,0.01180864350768714,0.009496881185805137,0.0035403269680664862,0.01180864350768714,0.0,0.0,0.0,0.0,-0.03443010446455386,-0.03443010446455386,0
0.631,0.01,0.0,0.009500409739307861,0.003516803833308202,0.011716187927150075,0.009500409739307861,0.003516803833308202,0.011716187927150075,0.0,0.0,0.0,0.0,-0.03416546755563399,-0.03416546755563399,0
0.632,0.01,0.0,0.009503914840945095,0.003493423118713409,0.011624446286450941,0.009503914840945095,0.003493423118713409,0.011624446286450941,0.0,0.0,0.0,0.0,-0.03390280417108826,-0.03390280417108826,0
0.633,0.01,0.0,0.009507396632782161,0.0034701841148816522,0.011533413213194196,0.009507396632782161,0.0034701841148816522,0.011533413213194196,0.0,0.0,0.0,0.0,-0.033642100466269476,-0.033642100466269476,0
0.634,0.01,0.0,0.009510855256175843,0.003447086114144654,0.011443083373394133,0.009510855256175843,0.003447086114144654,0.011443083373394133,0.0,0.0,0.0,0.0,-0.033383342680685324,-0.033383342680685324,0
0.635,0.01,0.0,0.009514290851776132,0.003424128410587175,0.011353451471229958,0.009514290851776132,0.003424128410587175,0.011353451471229958,0.0,0.0,0.0,0.0,-0.033126517137684,-0.033126517137684,0
0.636,0.01,0.0,0.009517703559527985,0.003401310300067424,0.011264512248801987,0.009517703559527985,0.003401310300067424,0.011264512248801987,0.0,0.0,0.0,0.0,-0.03287161024414864,-0.03287161024414864,0
0.637,0.01,0.0,0.009521093518673116,0.003378631080237022,0.011176260485888946,0.009521093518673116,0.003378631080237022,0.011176260485888946,0.0,0.0,0.0,0.0,-0.032618608490187384,-0.032618608490187384,0
0.638,0.01,0.0,0.009524460867751798,0.00335609005056053,0.011088690999706365,0.009524460867751798,0.00335609005056053,0.011088690999706365,0.0,0.0,0.0,0.0,-0.03236749844881981,-0.03236749844881981,0
0.639,0.01,0.0,0.009527805744604675,0.0033336865123345383,0.01100179864466609,0.009527805744604675,0.0033336865123345383,0.01100179864466609,0.0,0.0,0.0,0.0,-0.03211826677565277,-0.03211826677565277,0
0.64,0.01,0.0,0.00953112828637462,0.0033114197687063285,0.010915578312136912,0.00953112828637462,0.0033114197687063285,0.010915578312136912,0.0,0.0,0.0,0.0,-0.03187090020857486,-0.03187090020857486,0
0.641,0.01,0.0,0.00953442862950858,0.003289289124692116,0.010830024930206301,0.00953442862950858,0.003289289124692116,0.010830024930206301,0.0,0.0,0.0,0.0,-0.03162538556741801,-0.03162538556741801,0
0.642,0.01,0.0,0.009537706909759464,0.0032672938871948676,0.010745133463443269,0.009537706909759464,0.0032672938871948676,0.010745133463443269,0.0,0.0,0.0,0.0,-0.03138170975365373,-0.03138170975365373,0
0.643,0.01,0.0,0.009540963262188031,0.003245433365021713,0.010660898912662335,0.009540963262188031,0.003245433365021713,0.010660898912662335,0.0,0.0,0.0,0.0,-0.031139859750052956,-0.031139859750052956,0
0.644,0.01,0.0,0.00954419782116481,0.003223706868900944,0.010577316314688629,0.00954419782116481,0.003223706868900944,0.010577316314688629,0.0,0.0,0.0,0.0,-0.03089982262036628,-0.03089982262036628,0
0.645,0.01,0.0,0.009547410720372027,0.003202113711498614,0.010494380742124105,0.009547410720372027,0.003202113711498614,0.010494380742124105,0.0,0.0,0.0,0.0,-0.030661585508992673,-0.030661585508992673,0
0.646,0.01,0.0,0.009550602092805543,0.003180653207434739,0.01041208730311489,0.009550602092805543,0.003180653207434739,0.01041208730311489,0.0,0.0,0.0,0.0,-0.030425135640652634,-0.030425135640652634,0
0.647,0.01,0.0,0.009553772070776827,0.0031593246732991073,0.010330431141119738,0.009553772070776827,0.0031593246732991073,0.010330431141119738,0.0,0.0,0.0,0.0,-0.03019046032004713,-0.03019046032004713,0
0.648,0.01,0.0,0.009556920785914932,0.0031381274276667025,0.010249407434679642,0.009556920785914932,0.0031381274276667025,0.010249407434679642,0.0,0.0,0.0,0.0,-0.029957546931536072,-0.029957546931536072,0
0.649,0.01,0.0,0.009560048369168477,0.0031170607911127426,0.01016901139718853,0.009560048369168477,0.0031170607911127426,0.01016901139718853,0.0,0.0,0.0,0.0,-0.029726382938788376,-0.029726382938788376,0
0.65,0.01,0.0,0.00956315495080767,0.003096124086227342,0.010089238276665144,0.00956315495080767,0.003096124086227342,0.010089238276665144,0.0,0.0,0.0,0.0,-0.02949695588446044,-0.02949695588446044,0
0.651,0.01,0.0,0.009566240660426316,0.003075316637629805,0.01001008335552599,0.009566240660426316,0.003075316637629805,0.01001008335552599,0.0,0.0,0.0,0.0,-0.02926925338984443,-0.02926925338984443,0
0.652,0.01,0.0,0.009569305626943867,0.0030546377719825454,0.009931541950359462,0.009569305626943867,0.0030546377719825454,0.009931541950359462,0.0,0.0,0.0,0.0,-0.029043263154535204,-0.029043263154535204,0
0.653,0.01,0.0,0.00957234997860746,0.003034086818004649,0.009853609411701074,0.00957234997860746,0.003034086818004649,0.009853609411701074,0.0,0.0,0.0,0.0,-0.02881897295608926,-0.02881897295608926,0
0.654,0.01,0.0,0.009575373842993984,0.003013663106485075,0.009776281123809826,0.009575373842993984,0.003013663106485075,0.009776281123809826,0.0,0.0,0.0,0.0,-0.028596370649680125,-0.028596370649680125,0
0.655,0.01,0.0,0.009578377347012161,0.002993365970295505,0.009699552504445708,0.009578377347012161,0.002993365970295505,0.009699552504445708,0.0,0.0,0.0,0.0,-0.02837544416775728,-0.02837544416775728,0
0.656,0.01,0.0,0.009581360616904627,0.0029731947444028425,0.00962341900464832,0.009581360616904627,0.0029731947444028425,0.00962341900464832,0.0,0.0,0.0,0.0,-0.02815618151969712,-0.02815618151969712,0
0.657,0.01,0.0,0.009584323778250043,0.0029531487658813714,0.009547876108516635,0.009584323778250043,0.0029531487658813714,0.009547876108516635,0.0,0.0,0.0,0.0,-0.027938570791465445,-0.027938570791465445,0
0.658,0.01,0.0,0.0095872669559652,0.00293322737392457,0.00947291933298989,0.0095872669559652,0.00293322737392457,0.00947291933298989,0.0,0.0,0.0,0.0,-0.027722600145262177,-0.027722600145262177,0
0.659,0.01,0.0,0.009590190274307143,0.0029134299098565945,0.0093985442276296,0.009590190274307143,0.0029134299098565945,0.0093985442276296,0.0,0.0,0.0,0.0,-0.02750825781917765,-0.02750825781917765,0
0.66,0.01,0.0,0.009593093856875318,0.002893755717143428,0.009324746374402712,0.009593093856875318,0.002893755717143428,0.009324746374402712,0.0,0.0,0.0,0.0,-0.027295532126847988,-0.027295532126847988,0
0.661,0.01,0.0,0.009595977826613708,0.0028742041414037073,0.00925152138746588,0.009595977826613708,0.0028742041414037073,0.00925152138746588,0.0,0.0,0.0,0.0,-0.02708441145710072,-0.02708441145710072,0
0.662,0.01,0.0,0.009598842305812998,0.002854774530419225,0.009178864912950863,0.009598842305812998,0.002854774530419225,0.009178864912950863,0.0,0.0,0.0,0.0,-0.02687488427360485,-0.02687488427360485,0
0.663,0.01,0.0,0.009601687416112739,0.0028354662341451157,0.009106772628751078,0.009601687416112739,0.0028354662341451157,0.009106772628751078,0.0,0.0,0.0,0.0,-0.026666939114526222,-0.026666939114526222,0
0.664,0.01,0.0,0.009604513278503528,0.0028162786047197276,0.009035240244309234,0.009604513278503528,0.0028162786047197276,0.009035240244309234,0.0,0.0,0.0,0.0,-0.02646056459216961,-0.02646056459216961,0
0.665,0.01,0.0,0.009607320013329194,0.002797210996474186,0.008964263500406138,0.009607320013329194,0.002797210996474186,0.008964263500406138,0.0,0.0,0.0,0.0,-0.026255749392631422,-0.026255749392631422,0
0.666,0.01,0.0,0.009610107740289003,0.0027782627659416535,0.008893838168950592,0.009610107740289003,0.0027782627659416535,0.008893838168950592,0.0,0.0,0.0,0.0,-0.02605248227544532,-0.02605248227544532,0
0.667,0.01,0.0,0.009612876578439851,0.0027594332718662855,0.008823960052770433,0.009612876578439851,0.0027594332718662855,0.008823960052770433,0.0,0.0,0.0,0.0,-0.025850752073228733,-0.025850752073228733,0
0.668,0.01,0.0,0.009615626646198496,0.0027407218752118945,0.008754624985404686,0.009615626646198496,0.0027407218752118945,0.008754624985404686,0.0,0.0,0.0,0.0,-0.025650547691338232,-0.025650547691338232,0
0.669,0.01,0.0,0.009618358061343766,0.002722127939170318,0.008685828830896834,0.009618358061343766,0.002722127939170318,0.008685828830896834,0.0,0.0,0.0,0.0,-0.02545185810749917,-0.02545185810749917,0
0.67,0.01,0.0,0.009621070941018803,0.0027036508291694975,0.00861756748358922,0.009621070941018803,0.0027036508291694975,0.00861756748358922,0.0,0.0,0.0,0.0,-0.025254672371469056,-0.025254672371469056,0
0.671,0.01,0.0,0.009623765401733295,0.002685289912881279,0.008549836867918558,0.009623765401733295,0.002685289912881279,0.008549836867918558,0.0,0.0,0.0,0.0,-0.02505897960467518,-0.02505897960467518,0
0.672,0.01,0.0,0.00962644155936573,0.002667044560228924,0.008482632938212555,0.00962644155936573,0.002667044560228924,0.008482632938212555,0.0,0.0,0.0,0.0,-0.024864768999858455,-0.024864768999858455,0
0.673,0.01,0.0,0.009629099529165647,0.0026489141433943516,0.00841595167848766,0.009629099529165647,0.0026489141433943516,0.00841595167848766,0.0,0.0,0.0,0.0,-0.02467202982072525,-0.02467202982072525,0
0.674,0.01,0.0,0.009631739425755896,0.002630898036825105,0.008349789102247913,0.009631739425755896,0.002630898036825105,0.008349789102247913,0.0,0.0,0.0,0.0,-0.024480751401586787,-0.024480751401586787,0
0.675,0.01,0.0,0.009634361363134914,0.0026129956172410485,0.008284141252284917,0.009634361363134914,0.0026129956172410485,0.008284141252284917,0.0,0.0,0.0,0.0,-0.024290923147007426,-0.024290923147007426,0
0.676,0.01,0.0,0.009636965454678993,0.0025952062636408,0.008219004200478903,0.009636965454678993,0.0025952062636408,0.008219004200478903,0.0,0.0,0.0,0.0,-0.02410253453145028,-0.02410253453145028,0
0.677,0.01,0.0,0.009639551813144572,0.002577529357307901,0.008154374047600915,0.009639551813144572,0.002577529357307901,0.008154374047600915,0.0,0.0,0.0,0.0,-0.02391557509892106,-0.02391557509892106,0
0.678,0.01,0.0,0.009642120550670511,0.0025599642818167337,0.008090246923116095,0.009642120550670511,0.0025599642818167337,0.008090246923116095,0.0,0.0,0.0,0.0,-0.02373003446261457,-0.02373003446261457,0
0.679,0.01,0.0,0.009644671778780398,0.002542510423038175,0.008026618984988054,0.009644671778780398,0.002542510423038175,0.008026618984988054,0.0,0.0,0.0,0.0,-0.023545902304555888,-0.023545902304555888,0
0.68,0.01,0.0,0.00964720560838484,0.002525167169145009,0.00796348641948438,0.00964720560838484,0.002525167169145009,0.00796348641948438,0.0,0.0,0.0,0.0,-0.02336316837525132,-0.02336316837525132,0
0.681,0.01,0.0,0.009649722149783766,0.002507933910617089,0.0079008454409832,0.009649722149783766,0.002507933910617089,0.0079008454409832,0.0,0.0,0.0,0.0,-0.023181822493329562,-0.023181822493329562,0
0.682,0.01,0.0,0.009652221512668748,0.002490810040246255,0.007838692291780872,0.009652221512668748,0.002490810040246255,0.007838692291780872,0.0,0.0,0.0,0.0,-0.02300185454519088,-0.02300185454519088,0
0.683,0.01,0.0,0.009654703806125304,0.0024737949531410145,0.0077770232419007435,0.009654703806125304,0.0024737949531410145,0.0077770232419007435,0.0,0.0,0.0,0.0,-0.022823254484650946,-0.022823254484650946,0
0.684,0.01,0.0,0.009657169138635218,0.002456888046730983,0.007715834588903013,0.009657169138635218,0.002456888046730983,0.007715834588903013,0.0,0.0,0.0,0.0,-0.0226460123325829,-0.0226460123325829,0
0.685,0.01,0.0,0.009659617618078872,0.0024400887207710973,0.007655122657695681,0.009659617618078872,0.0024400887207710973,0.007655122657695681,0.0,0.0,0.0,0.0,-0.022470118176574516,-0.022470118176574516,0
0.686,0.01,0.0,0.009662049351737562,0.002423396377345592,0.007594883800346575,0.009662049351737562,0.002423396377345592,0.007594883800346575,0.0,0.0,0.0,0.0,-0.022295562170563166,-0.022295562170563166,0
0.687,0.01,0.0,0.009664464446295836,0.0024068104208717564,0.0075351143958964605,0.009664464446295836,0.0024068104208717564,0.0075351143958964605,0.0,0.0,0.0,0.0,-0.022122334534487642,-0.022122334534487642,0
0.6880000000000001,0.01,0.0,0.00966686300784383,0.002390330258103466,0.007475810850173237,0.00966686300784383,0.002390330258103466,0.007475810850173237,0.0,0.0,0.0,0.0,-0.021950425553939112,-0.021950425553939112,0
0.6890000000000001,0.01,0.0,0.0096692451418796,0.002373955298134495,0.007416969595607196,0.0096692451418796,0.002373955298134495,0.007416969595607196,0.0,0.0,0.0,0.0,-0.021779825579801404,-0.021779825579801404,0
0.6900000000000001,0.01,0.0,0.009671610953311467,0.0023576849524016095,0.00735858709104737,0.009671610953311467,0.0023576849524016095,0.00735858709104737,0.0,0.0,0.0,0.0,-0.02161052502790639,-0.02161052502790639,0
0.6910000000000001,0.01,0.0,0.009673960546460365,0.0023415186346874544,0.007300659821578929,0.009673960546460365,0.0023415186346874544,0.007300659821578929,0.0,0.0,0.0,0.0,-0.02144251437867606,-0.02144251437867606,0
0.6920000000000001,0.01,0.0,0.009676294025062182,0.0023254557611232228,0.00724318429834167,0.009676294025062182,0.0023254557611232228,0.00724318429834167,0.0,0.0,0.0,0.0,-0.02127578417677789,-0.02127578417677789,0
0.6930000000000001,0.01,0.0,0.009678611492270112,0.002309495750191125,0.0071861570583495425,0.009678611492270112,0.002309495750191125,0.0071861570583495425,0.0,0.0,0.0,0.0,-0.021110325030767818,-0.021110325030767818,0
0.6940000000000001,0.01,0.0,0.009680913050657011,0.0022936380227266497,0.007129574664311264,0.009680913050657011,0.0022936380227266497,0.007129574664311264,0.0,0.0,0.0,0.0,-0.020946127612748278,-0.020946127612748278,0
0.6950000000000001,0.01,0.0,0.009683198802217742,0.002277882001920627,0.007073433704451961,0.009683198802217742,0.002277882001920627,0.007073433704451961,0.0,0.0,0.0,0.0,-0.020783182658012045,-0.020783182658012045,0
0.6960000000000001,0.01,0.0,0.009685468848371544,0.002262227113321093,0.007017730792335892,0.009685468848371544,0.002262227113321093,0.007017730792335892,0.0,0.0,0.0,0.0,-0.020621480964694072,-0.020621480964694072,0
0.6970000000000001,0.01,0.0,0.009687723289964378,0.0022466727848349604,0.0069624625666902095,0.009687723289964378,0.0022466727848349604,0.0069624625666902095,0.0,0.0,0.0,0.0,-0.020461013393431315,-0.020461013393431315,0
0.6980000000000001,0.01,0.0,0.009689962227271297,0.002231218446729497,0.00690762569122976,0.009689962227271297,0.002231218446729497,0.00690762569122976,0.0,0.0,0.0,0.0,-0.020301770867007463,-0.020301770867007463,0
0.6990000000000001,0.01,0.0,0.009692185759998797,0.0022158635316336162,0.006853216854482943,0.009692185759998797,0.0022158635316336162,0.006853216854482943,0.0,0.0,0.0,0.0,-0.020143744370005656,-0.020143744370005656,0
0.7000000000000001,0.01,0.0,0.009694393987287187,0.0022006074745389835,0.00679923276961861,0.009694393987287187,0.0022006074745389835,0.00679923276961861,0.0,0.0,0.0,0.0,-0.019986924948467433,-0.019986924948467433,0
0.7010000000000001,0.01,0.0,0.009696587007712951,0.002185449712800936,0.006745670174273991,0.009696587007712951,0.002185449712800936,0.006745670174273991,0.0,0.0,0.0,0.0,-0.01983130370954722,-0.01983130370954722,0
0.7020000000000001,0.01,0.0,0.009698764919291105,0.002170389686139225,0.0066925258303836554,0.009698764919291105,0.002170389686139225,0.0066925258303836554,0.0,0.0,0.0,0.0,-0.0196768718211624,-0.0196768718211624,0
0.7030000000000001,0.01,0.0,0.009700927819477572,0.002155426836638584,0.006639796524009519,0.009700927819477572,0.002155426836638584,0.006639796524009519,0.0,0.0,0.0,0.0,-0.01952362051165224,-0.01952362051165224,0
0.704,0.01,0.0,0.009703075805171543,0.002140560608749117,0.0065874790651718595,0.009703075805171543,0.002140560608749117,0.0065874790651718595,0.0,0.0,0.0,0.0,-0.019371541069442166,-0.019371541069442166,0
0.705,0.01,0.0,0.009705208972717837,0.0021257904492865184,0.0065355702876813545,0.009705208972717837,0.0021257904492865184,0.0065355702876813545,0.0,0.0,0.0,0.0,-0.019220624842686718,-0.019220624842686718,0
0.706,0.01,0.0,0.009707327417909275,0.002111115807432123,0.006484067048972159,0.009707327417909275,0.002111115807432123,0.006484067048972159,0.0,0.0,0.0,0.0,-0.019070863238941804,-0.019070863238941804,0
0.707,0.01,0.0,0.009709431235989042,0.0020965361347327926,0.0064329662299359765,0.009709431235989042,0.0020965361347327926,0.0064329662299359765,0.0,0.0,0.0,0.0,-0.01892224772481832,-0.01892224772481832,0
0.708,0.01,0.0,0.009711520521653054,0.0020820508851006354,0.006382264734757148,0.009711520521653054,0.0020820508851006354,0.006382264734757148,0.0,0.0,0.0,0.0,-0.018774769825641968,-0.018774769825641968,0
0.709,0.01,0.0,0.009713595369052317,0.0020676595148125653,0.0063319594907487575,0.009713595369052317,0.0020676595148125653,0.0063319594907487575,0.0,0.0,0.0,0.0,-0.018628421125116645,-0.018628421125116645,0
0.71,0.01,0.0,0.009715655871795301,0.0020533614825097076,0.0062820474481897325,0.009715655871795301,0.0020533614825097076,0.0062820474481897325,0.0,0.0,0.0,0.0,-0.018483193264985154,-0.018483193264985154,0
0.711,0.01,0.0,0.009717702122950292,0.002039156249196642,0.006232525580162949,0.009717702122950292,0.002039156249196642,0.006232525580162949,0.0,0.0,0.0,0.0,-0.018339077944688142,-0.018339077944688142,0
0.712,0.01,0.0,0.00971973421504777,0.002025043278240496,0.00618339088239434,0.00971973421504777,0.002025043278240496,0.00618339088239434,0.0,0.0,0.0,0.0,-0.018196066921041698,-0.018196066921041698,0
0.713,0.01,0.0,0.00972175224008276,0.00201102203536989,0.006134640373092976,0.00972175224008276,0.00201102203536989,0.006134640373092976,0.0,0.0,0.0,0.0,-0.018054152007886515,-0.018054152007886515,0
0.714,0.01,0.0,0.009723756289517193,0.001997091988673731,0.006086271092792155,0.009723756289517193,0.001997091988673731,0.006086271092792155,0.0,0.0,0.0,0.0,-0.01791332507576282,-0.01791332507576282,0
0.715,0.01,0.0,0.009725746454282274,0.001983252608599859,0.006038280104191471,0.009725746454282274,0.001983252608599859,0.006038280104191471,0.0,0.0,0.0,0.0,-0.017773578051573757,-0.017773578051573757,0
0.716,0.01,0.0,0.009727722824780828,0.001969503367953557,0.005990664491999862,0.009727722824780828,0.001969503367953557,0.005990664491999862,0.0,0.0,0.0,0.0,-0.017634902918257644,-0.017634902918257644,0
0.717,0.01,0.0,0.00972968549088967,0.0019558437418959133,0.005943421362779631,0.00972968549088967,0.0019558437418959133,0.005943421362779631,0.0,0.0,0.0,0.0,-0.01749729171444958,-0.01749729171444958,0
0.718,0.01,0.0,0.009731634541961947,0.0019422732079420492,0.005896547844791455,0.009731634541961947,0.0019422732079420492,0.005896547844791455,0.0,0.0,0.0,0.0,-0.01736073653415815,-0.01736073653415815,0
0.719,0.01,0.0,0.009733570066829502,0.0019287912459592085,0.005850041087840346,0.009733570066829502,0.0019287912459592085,0.005850041087840346,0.0,0.0,0.0,0.0,-0.01722522952643324,-0.01722522952643324,0
0.72,0.01,0.0,0.009735492153805222,0.0019153973381647149,0.00580389826312259,0.009735492153805222,0.0019153973381647149,0.00580389826312259,0.0,0.0,0.0,0.0,-0.017090762895041856,-0.017090762895041856,0
0.721,0.01,0.0,0.009737400890685376,0.0019020909691237963,0.0057581165630736265,0.009737400890685376,0.0019020909691237963,0.0057581165630736265,0.0,0.0,0.0,0.0,-0.016957328898132396,-0.016957328898132396,0
0.722,0.01,0.0,0.009739296364751984,0.0018888716257472822,0.005712693201216923,0.009739296364751984,0.0018888716257472822,0.005712693201216923,0.0,0.0,0.0,0.0,-0.01682491984791934,-0.01682491984791934,0
0.723,0.01,0.0,0.009741178662775136,0.001875738797289171,0.0056676254120137624,0.009741178662775136,0.001875738797289171,0.0056676254120137624,0.0,0.0,0.0,0.0,-0.01669352811035285,-0.01669352811035285,0
0.724,0.01,0.0,0.009743047871015358,0.0018626919753440751,0.005622910450714,0.009743047871015358,0.0018626919753440751,0.005622910450714,0.0,0.0,0.0,0.0,-0.01656314610479459,-0.01656314610479459,0
0.725,0.01,0.0,0.009744904075225934,0.0018497306538445427,0.005578545593207767,0.009744904075225934,0.0018497306538445427,0.005578545593207767,0.0,0.0,0.0,0.0,-0.016433766303700637,-0.016433766303700637,0
0.726,0.01,0.0,0.009746747360655247,0.001836854329058258,0.005534528135878099,0.009746747360655247,0.001836854329058258,0.005534528135878099,0.0,0.0,0.0,0.0,-0.016305381232295524,-0.016305381232295524,0
0.727,0.01,0.0,0.009748577812049117,0.0018240624995851246,0.005490855395454517,0.009748577812049117,0.0018240624995851246,0.005490855395454517,0.0,0.0,0.0,0.0,-0.016177983468249835,-0.016177983468249835,0
0.728,0.01,0.0,0.009750395513653125,0.0018113546663542314,0.005447524708867535,0.009750395513653125,0.0018113546663542314,0.005447524708867535,0.0,0.0,0.0,0.0,-0.01605156564136756,-0.01605156564136756,0
0.729,0.01,0.0,0.00975220054921495,0.0017987303326207065,0.005404533433104096,0.00975220054921495,0.0017987303326207065,0.005404533433104096,0.0,0.0,0.0,0.0,-0.015926120433265467,-0.015926120433265467,0
0.73,0.01,0.0,0.009753993001986686,0.0017861890039624563,0.0053618789450639295,0.009753993001986686,0.0017861890039624563,0.0053618789450639295,0.0,0.0,0.0,0.0,-0.01580164057705602,-0.01580164057705602,0
0.731,0.01,0.0,0.009755772954727161,0.0017737301882767968,0.005319558641416824,0.009755772954727161,0.0017737301882767968,0.005319558641416824,0.0,0.0,0.0,0.0,-0.015678118857031187,-0.015678118857031187,0
0.732,0.01,0.0,0.009757540489704262,0.0017613533957769744,0.005277569938460831,0.009757540489704262,0.0017613533957769744,0.005277569938460831,0.0,0.0,0.0,0.0,-0.015555548108349804,-0.015555548108349804,0
0.733,0.01,0.0,0.009759295688697244,0.001749058138988584,0.005235910271981369,0.009759295688697244,0.001749058138988584,0.005235910271981369,0.0,0.0,0.0,0.0,-0.015433921216722268,-0.015433921216722268,0
0.734,0.01,0.0,0.009761038632999047,0.0017368439327458804,0.005194577097111234,0.009761038632999047,0.0017368439327458804,0.005194577097111234,0.0,0.0,0.0,0.0,-0.015313231118105008,-0.015313231118105008,0
0.735,0.01,0.0,0.009762769403418593,0.0017247102941879882,0.005153567888191511,0.009762769403418593,0.0017247102941879882,0.005153567888191511,0.0,0.0,0.0,0.0,-0.015193470798379849,-0.015193470798379849,0
0.736,0.01,0.0,0.009764488080283094,0.001712656742755012,0.0051128801386333975,0.009764488080283094,0.001712656742755012,0.0051128801386333975,0.0,0.0,0.0,0.0,-0.01507463329305292,-0.01507463329305292,0
0.737,0.01,0.0,0.009766194743440352,0.001700682800184048,0.005072511360780904,0.009766194743440352,0.001700682800184048,0.005072511360780904,0.0,0.0,0.0,0.0,-0.014956711686940238,-0.014956711686940238,0
0.738,0.01,0.0,0.009767889472261053,0.0016887879905050987,0.005032459085774461,0.009767889472261053,0.0016887879905050987,0.005032459085774461,0.0,0.0,0.0,0.0,-0.014839699113868399,-0.014839699113868399,0
0.739,0.01,0.0,0.00976957234564106,0.001676971840036893,0.004992720863415395,0.00976957234564106,0.001676971840036893,0.004992720863415395,0.0,0.0,0.0,0.0,-0.014723588756359263,-0.014723588756359263,0
0.74,0.01,0.0,0.009771243442003695,0.001665233877382615,0.004953294262031303,0.009771243442003695,0.001665233877382615,0.004953294262031303,0.0,0.0,0.0,0.0,-0.014608373845336864,-0.014608373845336864,0
0.741,0.01,0.0,0.00977290283930202,0.0016535736334255392,0.004914176868342288,0.00977290283930202,0.0016535736334255392,0.004914176868342288,0.0,0.0,0.0,0.0,-0.014494047659811216,-0.014494047659811216,0
0.742,0.01,0.0,0.009774550615021128,0.0016419906413245784,0.004875366287328082,0.009774550615021128,0.0016419906413245784,0.004875366287328082,0.0,0.0,0.0,0.0,-0.014380603526591429,-0.014380603526591429,0
0.743,0.01,0.0,0.009776186846180394,0.0016304844365097437,0.004836860142096024,0.009776186846180394,0.0016304844365097437,0.004836860142096024,0.0,0.0,0.0,0.0,-0.014268034819965969,-0.014268034819965969,0
0.744,0.01,0.0,0.00977781160933577,0.001619054556677518,0.004798656073749927,0.00977781160933577,0.001619054556677518,0.004798656073749927,0.0,0.0,0.0,0.0,-0.014156334961426431,-0.014156334961426431,0
0.745,0.01,0.0,0.009779424980582027,0.0016077005417861477,0.0047607517412597625,0.009779424980582027,0.0016077005417861477,0.0047607517412597625,0.0,0.0,0.0,0.0,-0.014045497419347797,-0.014045497419347797,0
0.746,0.01,0.0,0.009781027035555025,0.0015964219340508477,0.00472314482133225,0.009781027035555025,0.0015964219340508477,0.00472314482133225,0.0,0.0,0.0,0.0,-0.013935515708704216,-0.013935515708704216,0
0.747,0.01,0.0,0.009782617849433966,0.0015852182779389303,0.004685833008282263,0.009782617849433966,0.0015852182779389303,0.004685833008282263,0.0,0.0,0.0,0.0,-0.013826383390773245,-0.013826383390773245,0
0.748,0.01,0.0,0.009784197496943646,0.0015740891201648532,0.004648814013905097,0.009784197496943646,0.0015740891201648532,0.004648814013905097,0.0,0.0,0.0,0.0,-0.013718094072836529,-0.013718094072836529,0
0.749,0.01,0.0,0.009785766052356691,0.0015630340096851893,0.004612085567349574,0.009785766052356691,0.0015630340096851893,0.004612085567349574,0.0,0.0,0.0,0.0,-0.01361064140788848,-0.01361064140788848,0
0.75,0.01,0.0,0.009787323589495809,0.0015520524976935224,0.0045756454149919945,0.009787323589495809,0.0015520524976935224,0.0045756454149919945,0.0,0.0,0.0,0.0,-0.013504019094348507,-0.013504019094348507,0
0.751,0.01,0.0,0.009788870181736015,0.0015411441376152666,0.0045394913203109155,0.009788870181736015,0.0015411441376152666,0.0045394913203109155,0.0,0.0,0.0,0.0,-0.013398220875766143,-0.013398220875766143,0
0.752,0.01,0.0,0.00979040590200686,0.001530308485102415,0.0045036210637627635,0.00979040590200686,0.001530308485102415,0.0045036210637627635,0.0,0.0,0.0,0.0,-0.013293240540531492,-0.013293240540531492,0
0.753,0.01,0.0,0.009791930822794663,0.0015195450980282168,0.004468032442658274,0.009791930822794663,0.0015195450980282168,0.004468032442658274,0.0,0.0,0.0,0.0,-0.013189071921592799,-0.013189071921592799,0
0.754,0.01,0.0,0.009793445016144724,0.001508853536481784,0.004432723271039751,0.009793445016144724,0.001508853536481784,0.004432723271039751,0.0,0.0,0.0,0.0,-0.01308570889616778,-0.01308570889616778,0
0.755,0.01,0.0,0.009794948553663533,0.0014982333627626306,0.004397691379559137,0.009794948553663533,0.0014982333627626306,0.004397691379559137,0.0,0.0,0.0,0.0,-0.012983145385454975,-0.012983145385454975,0
0.756,0.01,0.0,0.00979644150652099,0.0014876841413751455,0.004362934615356914,0.00979644150652099,0.0014876841413751455,0.004362934615356914,0.0,0.0,0.0,0.0,-0.012881375354358404,-0.012881375354358404,0
0.757,0.01,0.0,0.009797923945452593,0.0014772054390230003,0.004328450841941786,0.009797923945452593,0.0014772054390230003,0.004328450841941786,0.0,0.0,0.0,0.0,-0.01278039281119625,-0.01278039281119625,0
0.758,0.01,0.0,0.009799395940761645,0.0014667968246034923,0.004294237939071195,0.009799395940761645,0.0014667968246034923,0.004294237939071195,0.0,0.0,0.0,0.0,-0.012680191807423746,-0.012680191807423746,0
0.759,0.01,0.0,0.009800857562321437,0.0014564578692018264,0.004260293802632623,0.009800857562321437,0.0014564578692018264,0.004260293802632623,0.0,0.0,0.0,0.0,-0.012580766437355173,-0.012580766437355173,0
0.76,0.01,0.0,0.009802308879577441,0.0014461881460853373,0.004226616344525685,0.009802308879577441,0.0014461881460853373,0.004226616344525685,0.0,0.0,0.0,0.0,-0.01248211083788231,-0.01248211083788231,0
0.761,0.01,0.0,0.009803749961549483,0.0014359872306976488,0.004193203492545029,0.009803749961549483,0.0014359872306976488,0.004193203492545029,0.0,0.0,0.0,0.0,-0.012384219188200873,-0.012384219188200873,0
0.762,0.01,0.0,0.009805180876833916,0.0014258547006527787,0.0041600531902640046,0.009805180876833916,0.0014258547006527787,0.0041600531902640046,0.0,0.0,0.0,0.0,-0.012287085709534296,-0.012287085709534296,0
0.763,0.01,0.0,0.009806601693605794,0.0014157901357291843,0.0041271633969191274,0.009806601693605794,0.0014157901357291843,0.0041271633969191274,0.0,0.0,0.0,0.0,-0.012190704664853946,-0.012190704664853946,0
0.764,0.01,0.0,0.009808012479621025,0.0014057931178637554,0.004094532087295326,0.009808012479621025,0.0014057931178637554,0.004094532087295326,0.0,0.0,0.0,0.0,-0.012095070358611792,-0.012095070358611792,0
0.765,0.01,0.0,0.009809413302218534,0.0013958632311457503,0.0040621572516119555,0.009809413302218534,0.0013958632311457503,0.0040621572516119555,0.0,0.0,0.0,0.0,-0.012000177136473056,-0.012000177136473056,0
0.766,0.01,0.0,0.009810804228322409,0.0013860000618106808,0.004030036895409572,0.009810804228322409,0.0013860000618106808,0.004030036895409572,0.0,0.0,0.0,0.0,-0.01190601938503466,-0.01190601938503466,0
0.767,0.01,0.0,0.009812185324444042,0.0013762031982341451,0.003998169039437498,0.009812185324444042,0.0013762031982341451,0.003998169039437498,0.0,0.0,0.0,0.0,-0.011812591531563221,-0.011812591531563221,0
0.768,0.01,0.0,0.009813556656684267,0.0013664722309256118,0.0039665517195421295,0.009813556656684267,0.0013664722309256118,0.0039665517195421295,0.0,0.0,0.0,0.0,-0.011719888043725035,-0.011719888043725035,0
0.769,0.01,0.0,0.009814918290735495,0.0013568067525221534,0.003935182986556019,0.009814918290735495,0.0013568067525221534,0.003935182986556019,0.0,0.0,0.0,0.0,-0.01162790342932496,-0.01162790342932496,0
0.77,0.01,0.0,0.009816270291883833,0.0013472063577821328,0.003904060906187686,0.009816270291883833,0.0013472063577821328,0.003904060906187686,0.0,0.0,0.0,0.0,-0.011536632236035516,-0.011536632236035516,0
0.771,0.01,0.0,0.009817612725011204,0.0013376706435788439,0.003873183558912202,0.009817612725011204,0.0013376706435788439,0.003873183558912202,0.0,0.0,0.0,0.0,-0.011446069051135765,-0.011446069051135765,0
0.772,0.01,0.0,0.009818945654597462,0.0013281992088941057,0.003842549039862508,0.009818945654597462,0.0013281992088941057,0.003842549039862508,0.0,0.0,0.0,0.0,-0.01135620850124841,-0.01135620850124841,0
0.773,0.01,0.0,0.009820269144722492,0.0013187916548118139,0.003812155458721478,0.009820269144722492,0.0013187916548118139,0.003812155458721478,0.0,0.0,0.0,0.0,-0.011267045252081331,-0.011267045252081331,0
0.774,0.01,0.0,0.009821583259068312,0.0013094475845114484,0.0037820009396147152,0.009821583259068312,0.0013094475845114484,0.0037820009396147152,0.0,0.0,0.0,0.0,-0.011178574008165576,-0.011178574008165576,0
0.775,0.01,0.0,0.009822888060921166,0.0013001666032615394,0.003752083621004084,0.009822888060921166,0.0013001666032615394,0.003752083621004084,0.0,0.0,0.0,0.0,-0.011090789512597787,-0.011090789512597787,0
0.776,0.01,0.0,0.009824183613173602,0.001290948318413094,0.003722401655581969,0.009824183613173602,0.001290948318413094,0.003722401655581969,0.0,0.0,0.0,0.0,-0.011003686546780855,-0.011003686546780855,0
0.777,0.01,0.0,0.009825469978326567,0.0012817923393929813,0.0036929532101662678,0.009825469978326567,0.0012817923393929813,0.0036929532101662678,0.0,0.0,0.0,0.0,-0.010917259930177892,-0.010917259930177892,0
0.778,0.01,0.0,0.009826747218491465,0.0012726982776972815,0.0036637364655960794,0.009826747218491465,0.0012726982776972815,0.0036637364655960794,0.0,0.0,0.0,0.0,-0.010831504520044888,-0.010831504520044888,0
0.779,0.01,0.0,0.009828015395392225,0.001263665746884596,0.003634749616628141,0.009828015395392225,0.001263665746884596,0.003634749616628141,0.0,0.0,0.0,0.0,-0.010746415211187355,-0.010746415211187355,0
0.78,0.01,0.0,0.009829274570367367,0.0012546943625693216,0.0036059908718339534,0.009829274570367367,0.0012546943625693216,0.0036059908718339534,0.0,0.0,0.0,0.0,-0.010661986935705414,-0.010661986935705414,0
0.781,0.01,0.0,0.009830524804372052,0.0012457837424148907,0.003577458453497625,0.009830524804372052,0.0012457837424148907,0.003577458453497625,0.0,0.0,0.0,0.0,-0.010578214662745111,-0.010578214662745111,0
0.782,0.01,0.0,0.00983176615798012,0.0012369335061269762,0.0035491505975144134,0.00983176615798012,0.0012369335061269762,0.0035491505975144134,0.0,0.0,0.0,0.0,-0.010495093398248834,-0.010495093398248834,0
0.783,0.01,0.0,0.009832998691386144,0.0012281432754466645,0.0035210655532899723,0.009832998691386144,0.0012281432754466645,0.0035210655532899723,0.0,0.0,0.0,0.0,-0.010412618184706623,-0.010412618184706623,0
0.784,0.01,0.0,0.009834222464407441,0.0012194126741435956,0.003493201583640294,0.009834222464407441,0.0012194126741435956,0.003493201583640294,0.0,0.0,0.0,0.0,-0.010330784100912815,-0.010330784100912815,0
0.785,0.01,0.0,0.009835437536486122,0.0012107413280090728,0.003465556964692339,0.009835437536486122,0.0012107413280090728,0.003465556964692339,0.0,0.0,0.0,0.0,-0.010249586261720012,-0.010249586261720012,0
0.786,0.01,0.0,0.009836643966691089,0.001202128864849142,0.0034381299857853555,0.009836643966691089,0.001202128864849142,0.0034381299857853555,0.0,0.0,0.0,0.0,-0.010169019817793945,-0.010169019817793945,0
0.787,0.01,0.0,0.009837841813720053,0.0011935749144776422,0.0034109189493728882,0.009837841813720053,0.0011935749144776422,0.0034109189493728882,0.0,0.0,0.0,0.0,-0.010089079955371894,-0.010089079955371894,0
0.788,0.01,0.0,0.009839031135901547,0.001185079108709229,0.003383922170925461,0.009839031135901547,0.001185079108709229,0.003383922170925461,0.0,0.0,0.0,0.0,-0.01000976189602909,-0.01000976189602909,0
0.789,0.01,0.0,0.00984021199119691,0.0011766410813523693,0.0033571379788339263,0.00984021199119691,0.0011766410813523693,0.0033571379788339263,0.0,0.0,0.0,0.0,-0.009931060896425592,-0.009931060896425592,0
0.79,0.01,0.0,0.00984138443720229,0.00116826046820231,0.0033305647143135097,0.00984138443720229,0.00116826046820231,0.0033305647143135097,0.0,0.0,0.0,0.0,-0.009852972248083347,-0.009852972248083347,0
0.791,0.01,0.0,0.009842548531150613,0.0011599369070340235,0.003304200731308493,0.009842548531150613,0.0011599369070340235,0.003304200731308493,0.0,0.0,0.0,0.0,-0.00977549127713484,-0.00977549127713484,0
0.792,0.01,0.0,0.00984370432991357,0.0011516700375951271,0.0032780443963975918,0.00984370432991357,0.0011516700375951271,0.0032780443963975918,0.0,0.0,0.0,0.0,-0.009698613344098383,-0.009698613344098383,0
0.793,0.01,0.0,0.009844851890003586,0.0011434595015987787,0.003252094088699967,0.009844851890003586,0.0011434595015987787,0.003252094088699967,0.0,0.0,0.0,0.0,-0.009622333843640085,-0.009622333843640085,0
0.794,0.01,0.0,0.009845991267575776,0.0011353049427165517,0.0032263481997819054,0.009845991267575776,0.0011353049427165517,0.0032263481997819054,0.0,0.0,0.0,0.0,-0.00954664820433937,-0.00954664820433937,0
0.795,0.01,0.0,0.009847122518429901,0.0011272060065712875,0.0032008051335641495,0.009847122518429901,0.0011272060065712875,0.0032008051335641495,0.0,0.0,0.0,0.0,-0.009471551888461605,-0.009471551888461605,0
0.796,0.01,0.0,0.009848245698012322,0.0011191623407299258,0.0031754633062298712,0.009848245698012322,0.0011191623407299258,0.0031754633062298712,0.0,0.0,0.0,0.0,-0.009397040391722733,-0.009397040391722733,0
0.797,0.01,0.0,0.009849360861417933,0.0011111735946963176,0.003150321146133299,0.009849360861417933,0.0011111735946963176,0.003150321146133299,0.0,0.0,0.0,0.0,-0.009323109243064565,-0.009323109243064565,0
0.798,0.01,0.0,0.009850468063392097,0.0011032394199040176,0.003125377093708975,0.009850468063392097,0.0011032394199040176,0.003125377093708975,0.0,0.0,0.0,0.0,-0.009249754004426514,-0.009249754004426514,0
0.799,0.01,0.0,0.009851567358332576,0.001095359469709057,0.0031006296013816517,0.009851567358332576,0.001095359469709057,0.0031006296013816517,0.0,0.0,0.0,0.0,-0.009176970270518225,-0.009176970270518225,0
0.8,0.01,0.0,0.009852658800291443,0.0010875333993827028,0.003076077133476822,0.009852658800291443,0.0010875333993827028,0.003076077133476822,0.0,0.0,0.0,0.0,-0.009104753668592203,-0.009104753668592203,0
0.801,0.01,0.0,0.009853742442976998,0.001079760866104196,0.0030517181661318814,0.009853742442976998,0.001079760866104196,0.0030517181661318814,0.0,0.0,0.0,0.0,-0.009033099858226201,-0.009033099858226201,0
0.802,0.01,0.0,0.009854818339755668,0.0010720415289534773,0.003027551187207906,0.009854818339755668,0.0010720415289534773,0.003027551187207906,0.0,0.0,0.0,0.0,-0.008962004531093193,-0.008962004531093193,0
0.803,0.01,0.0,0.00985588654365391,0.0010643750489038957,0.003003574696202063,0.00985588654365391,0.0010643750489038957,0.003003574696202063,0.0,0.0,0.0,0.0,-0.008891463410744649,-0.008891463410744649,0
0.804,0.01,0.0,0.0098569471073601,0.001056761088814904,0.0029797872041606305,0.0098569471073601,0.001056761088814904,0.0029797872041606305,0.0,0.0,0.0,0.0,-0.008821472252392937,-0.008821472252392937,0
0.805,0.01,0.0,0.00985800008322641,0.0010491993134247397,0.0029561872335926273,0.00985800008322641,0.0010491993134247397,0.0029561872335926273,0.0,0.0,0.0,0.0,-0.008752026842690164,-0.008752026842690164,0
0.806,0.01,0.0,0.00985904552327069,0.0010416893893430942,0.0029327733183840557,0.00985904552327069,0.0010416893893430942,0.0029327733183840557,0.0,0.0,0.0,0.0,-0.00868312299950702,-0.00868312299950702,0
0.807,0.01,0.0,0.009860083479178328,0.0010342309850437687,0.002909544003712758,0.009860083479178328,0.0010342309850437687,0.002909544003712758,0.0,0.0,0.0,0.0,-0.00861475657172317,-0.00861475657172317,0
0.808,0.01,0.0,0.00986111400230412,0.0010268237708573205,0.002886497845963862,0.00986111400230412,0.0010268237708573205,0.002886497845963862,0.0,0.0,0.0,0.0,-0.008546923439006981,-0.008546923439006981,0
0.809,0.01,0.0,0.009862137143674113,0.0010194674189636962,0.0028636334126458367,0.009862137143674113,0.0010194674189636962,0.0028636334126458367,0.0,0.0,0.0,0.0,-0.008479619511607694,-0.008479619511607694,0
0.81,0.01,0.0,0.009863152953987459,0.0010121616033848576,0.0028409492823071305,0.009863152953987459,0.0010121616033848576,0.0028409492823071305,0.0,0.0,0.0,0.0,-0.008412840730137816,-0.008412840730137816,0
0.811,0.01,0.0,0.009864161483618246,0.001004905999977396,0.0028184440444534095,0.009864161483618246,0.001004905999977396,0.0028184440444534095,0.0,0.0,0.0,0.0,-0.008346583065362623,-0.008346583065362623,0
0.812,0.01,0.0,0.00986516278261734,0.0009977002864251397,0.002796116299465384,0.00986516278261734,0.0009977002864251397,0.002796116299465384,0.0,0.0,0.0,0.0,-0.008280842517997655,-0.008280842517997655,0
0.8130000000000001,0.01,0.0,0.00986615690071419,0.0009905441422317527,0.0027739646585172024,0.00986615690071419,0.0009905441422317527,0.0027739646585172024,0.0,0.0,0.0,0.0,-0.008215615118486674,-0.008215615118486674,0
0.8140000000000001,0.01,0.0,0.009867143887318665,0.000983437248713326,0.0027519877434954544,0.009867143887318665,0.000983437248713326,0.0027519877434954544,0.0,0.0,0.0,0.0,-0.008150896926808926,-0.008150896926808926,0
0.8150000000000001,0.01,0.0,0.009868123791522852,0.0009763792889909627,0.002730184186918717,0.009868123791522852,0.0009763792889909627,0.002730184186918717,0.0,0.0,0.0,0.0,-0.008086684032264202,-0.008086684032264202,0
0.8160000000000001,0.01,0.0,0.009869096662102858,0.0009693699479833572,0.0027085526318576946,0.009869096662102858,0.0009693699479833572,0.0027085526318576946,0.0,0.0,0.0,0.0,-0.008022972553269447,-0.008022972553269447,0
0.8170000000000001,0.01,0.0,0.009870062547520599,0.000962408912399369,0.0026870917318559235,0.009870062547520599,0.000962408912399369,0.0026870917318559235,0.0,0.0,0.0,0.0,-0.007959758637156256,-0.007959758637156256,0
0.8180000000000001,0.01,0.0,0.009871021495925602,0.0009554958707305916,0.0026658001508510407,0.009871021495925602,0.0009554958707305916,0.0026658001508510407,0.0,0.0,0.0,0.0,-0.00789703845997014,-0.00789703845997014,0
0.8190000000000001,0.01,0.0,0.009871973555156762,0.0009486305132439164,0.0026446765630966096,0.009871973555156762,0.0009486305132439164,0.0026446765630966096,0.0,0.0,0.0,0.0,-0.007834808226262702,-0.007834808226262702,0
0.8200000000000001,0.01,0.0,0.009872918772744136,0.0009418125319740958,0.0026237196530845184,0.009872918772744136,0.0009418125319740958,0.0026237196530845184,0.0,0.0,0.0,0.0,-0.007773064168902444,-0.007773064168902444,0
0.8210000000000001,0.01,0.0,0.009873857195910687,0.0009350416207163001,0.0026029281154679117,0.009873857195910687,0.0009350416207163001,0.0026029281154679117,0.0,0.0,0.0,0.0,-0.0077118025488660535,-0.0077118025488660535,0
0.8220000000000001,0.01,0.0,0.009874788871574062,0.000928317475018674,0.002582300654984693,0.009874788871574062,0.000928317475018674,0.002582300654984693,0.0,0.0,0.0,0.0,-0.007651019655047442,-0.007651019655047442,0
0.8230000000000001,0.01,0.0,0.009875713846348319,0.0009216397921748911,0.0025618359863815612,0.009875713846348319,0.0009216397921748911,0.0025618359863815612,0.0,0.0,0.0,0.0,-0.007590711804057015,-0.007590711804057015,0
0.8240000000000001,0.01,0.0,0.009876632166545683,0.0009150082712167065,0.002541532834338602,0.009876632166545683,0.0009150082712167065,0.002541532834338602,0.0,0.0,0.0,0.0,-0.007530875340028054,-0.007530875340028054,0
0.8250000000000001,0.01,0.0,0.009877543878178277,0.0009084226129065093,0.002521389933394413,0.009877543878178277,0.0009084226129065093,0.002521389933394413,0.0,0.0,0.0,0.0,-0.007471506634425751,-0.007471506634425751,0
0.8260000000000001,0.01,0.0,0.009878449026959849,0.0009018825197298751,0.0025014060278717655,0.009878449026959849,0.0009018825197298751,0.0025014060278717655,0.0,0.0,0.0,0.0,-0.00741260208585004,-0.00741260208585004,0
0.8270000000000001,0.01,0.0,0.009879347658307489,0.0008953876958881184,0.0024815798718038047,0.009879347658307489,0.0008953876958881184,0.0024815798718038047,0.0,0.0,0.0,0.0,-0.0073541581198481865,-0.0073541581198481865,0
0.8280000000000001,0.01,0.0,0.009880239817343347,0.0008889378472908461,0.0024619102288607735,0.009880239817343347,0.0008889378472908461,0.0024619102288607735,0.0,0.0,0.0,0.0,-0.007296171188721168,-0.007296171188721168,0
0.8290000000000001,0.01,0.0,0.00988112554889633,0.0008825326815485126,0.002442395872277269,0.00988112554889633,0.0008825326815485126,0.002442395872277269,0.0,0.0,0.0,0.0,-0.007238637771335377,-0.007238637771335377,0
0.8300000000000001,0.01,0.0,0.009882004897503805,0.0008761719079649769,0.002423035584780023,0.009882004897503805,0.0008761719079649769,0.002423035584780023,0.0,0.0,0.0,0.0,-0.007181554372935217,-0.007181554372935217,0
0.8310000000000001,0.01,0.0,0.009882877907413285,0.0008698552375300616,0.0024038281585161973,0.009882877907413285,0.0008698552375300616,0.0024038281585161973,0.0,0.0,0.0,0.0,-0.007124917524957475,-0.007124917524957475,0
0.8320000000000001,0.01,0.0,0.009883744622584113,0.000863582382912116,0.002384772394982198,0.009883744622584113,0.000863582382912116,0.002384772394982198,0.0,0.0,0.0,0.0,-0.007068723784842135,-0.007068723784842135,0
0.833,0.01,0.0,0.009884605086689136,0.0008573530584505814,0.0023658671049530053,0.009884605086689136,0.0008573530584505814,0.0023658671049530053,0.0,0.0,0.0,0.0,-0.00701296973585297,-0.00701296973585297,0
0.834,0.01,0.0,0.009885459343116377,0.0008511669801485607,0.0023471111084120084,0.009885459343116377,0.0008511669801485607,0.0023471111084120084,0.0,0.0,0.0,0.0,-0.00695765198688747,-0.00695765198688747,0
0.835,0.01,0.0,0.009886307434970683,0.0008450238656653929,0.0023285032344813553,0.009886307434970683,0.0008450238656653929,0.0023285032344813553,0.0,0.0,0.0,0.0,-0.006902767172300095,-0.006902767172300095,0
0.836,0.01,0.0,0.009887149405075393,0.0008389234343092316,0.0023100423213527985,0.009887149405075393,0.0008389234343092316,0.0023100423213527985,0.0,0.0,0.0,0.0,-0.006848311951721087,-0.006848311951721087,0
0.837,0.01,0.0,0.009887985295973971,0.0008328654070296296,0.002291727216219041,0.009887985295973971,0.0008328654070296296,0.002291727216219041,0.0,0.0,0.0,0.0,-0.006794283009875279,-0.006794283009875279,0
0.838,0.01,0.0,0.009888815149931651,0.0008268495064101287,0.0022735567752055785,0.009888815149931651,0.0008268495064101287,0.0022735567752055785,0.0,0.0,0.0,0.0,-0.006740677056399136,-0.006740677056399136,0
0.839,0.01,0.0,0.009889639008937058,0.0008208754566608556,0.002255529863303047,0.009889639008937058,0.0008208754566608556,0.002255529863303047,0.0,0.0,0.0,0.0,-0.006687490825670217,-0.006687490825670217,0
0.84,0.01,0.0,0.009890456914703848,0.0008149429836111249,0.0022376453543000454,0.009890456914703848,0.0008149429836111249,0.0022376453543000454,0.0,0.0,0.0,0.0,-0.006634721076628658,-0.006634721076628658,0
0.841,0.01,0.0,0.009891268908672304,0.0008090518147020482,0.002219902130716447,0.009891268908672304,0.0008090518147020482,0.002219902130716447,0.0,0.0,0.0,0.0,-0.006582364592596868,-0.006582364592596868,0
0.842,0.01,0.0,0.009892075032010958,0.0008032016789791522,0.0022022990837372086,0.009892075032010958,0.0008032016789791522,0.0022022990837372086,0.0,0.0,0.0,0.0,-0.006530418181114328,-0.006530418181114328,0
0.843,0.01,0.0,0.009892875325618184,0.0007973923070850027,0.002184835113146639,0.009892875325618184,0.0007973923070850027,0.002184835113146639,0.0,0.0,0.0,0.0,-0.006478878673754629,-0.006478878673754629,0
0.844,0.01,0.0,0.009893669830123792,0.000791623431251838,0.002167509127263166,0.009893669830123792,0.000791623431251838,0.002167509127263166,0.0,0.0,0.0,0.0,-0.006427742925955826,-0.006427742925955826,0
0.845,0.01,0.0,0.009894458585890623,0.0007858947852942111,0.0021503200428745696,0.009894458585890623,0.0007858947852942111,0.0021503200428745696,0.0,0.0,0.0,0.0,-0.006377007816862346,-0.006377007816862346,0
0.846,0.01,0.0,0.009895241633016113,0.0007802061046016402,0.002133266785173668,0.009895241633016113,0.0007802061046016402,0.002133266785173668,0.0,0.0,0.0,0.0,-0.006326670249130473,-0.006326670249130473,0
0.847,0.01,0.0,0.009896019011333877,0.0007745571261312688,0.002116348287694512,0.009896019011333877,0.0007745571261312688,0.002116348287694512,0.0,0.0,0.0,0.0,-0.0062767271487835785,-0.0062767271487835785,0
0.848,0.01,0.0,0.009896790760415266,0.0007689475884005358,0.0020995634922490033,0.009896790760415266,0.0007689475884005358,0.0020995634922490033,0.0,0.0,0.0,0.0,-0.006227175465030044,-0.006227175465030044,0
0.849,0.01,0.0,0.009897556919570925,0.0007633772314798557,0.0020829113488639987,0.009897556919570925,0.0007633772314798557,0.0020829113488639987,0.0,0.0,0.0,0.0,-0.00617801217010161,-0.00617801217010161,0
0.85,0.01,0.0,0.009898317527852345,0.0007578457969853083,0.0020663908157188666,0.009898317527852345,0.0007578457969853083,0.0020663908157188666,0.0,0.0,0.0,0.0,-0.006129234259089067,-0.006129234259089067,0
0.851,0.01,0.0,0.009899072624053401,0.0007523530280713414,0.0020500008590834925,0.009899072624053401,0.0007523530280713414,0.0020500008590834925,0.0,0.0,0.0,0.0,-0.006080838749770834,-0.006080838749770834,0
0.852,0.01,0.0,0.009899822246711888,0.0007468986694234821,0.002033740453256757,0.009899822246711888,0.0007468986694234821,0.002033740453256757,0.0,0.0,0.0,0.0,-0.006032822682457528,-0.006032822682457528,0
0.853,0.01,0.0,0.00990056643411105,0.0007414824672510615,0.0020176085805054408,0.00990056643411105,0.0007414824672510615,0.0020176085805054408,0.0,0.0,0.0,0.0,-0.005985183119829429,-0.005985183119829429,0
0.854,0.01,0.0,0.009901305224281102,0.0007361041692799505,0.0020016042310035823,0.009901305224281102,0.0007361041692799505,0.0020016042310035823,0.0,0.0,0.0,0.0,-0.005937917146768612,-0.005937917146768612,0
0.855,0.01,0.0,0.009902038655000734,0.0007307635247453073,0.001985726402772288,0.009902038655000734,0.0007307635247453073,0.001985726402772288,0.0,0.0,0.0,0.0,-0.0058910218702026285,-0.0058910218702026285,0
0.856,0.01,0.0,0.009902766763798629,0.0007254602843843386,0.001969974101619977,0.009902766763798629,0.0007254602843843386,0.001969974101619977,0.0,0.0,0.0,0.0,-0.005844494418948187,-0.005844494418948187,0
0.857,0.01,0.0,0.00990348958795495,0.0007201942004290726,0.001954346341083058,0.00990348958795495,0.0007201942004290726,0.001954346341083058,0.0,0.0,0.0,0.0,-0.005798331943545065,-0.005798331943545065,0
0.858,0.01,0.0,0.00990420716450284,0.0007149650265991454,0.0019388421423670566,0.00990420716450284,0.0007149650265991454,0.0019388421423670566,0.0,0.0,0.0,0.0,-0.005752531616110446,-0.005752531616110446,0
0.859,0.01,0.0,0.009904919530229902,0.0007097725180946008,0.0019234605342881498,0.009904919530229902,0.0007097725180946008,0.0019234605342881498,0.0,0.0,0.0,0.0,-0.005707090630168388,-0.005707090630168388,0
0.86,0.01,0.0,0.009905626721679675,0.0007046164315887037,0.0019082005532151613,0.009905626721679675,0.0007046164315887037,0.0019082005532151613,0.0,0.0,0.0,0.0,-0.0056620062005112715,-0.0056620062005112715,0
0.861,0.01,0.0,0.009906328775153104,0.0006994965252207681,0.0018930612430119458,0.009906328775153104,0.0006994965252207681,0.0018930612430119458,0.0,0.0,0.0,0.0,-0.005617275563028379,-0.005617275563028379,0
0.862,0.01,0.0,0.009907025726710006,0.0006944125585889981,0.0018780416549802343,0.009907025726710006,0.0006944125585889981,0.0018780416549802343,0.0,0.0,0.0,0.0,-0.005572895974569114,-0.005572895974569114,0
0.863,0.01,0.0,0.009907717612170523,0.0006893642927433448,0.0018631408478028658,0.009907717612170523,0.0006893642927433448,0.0018631408478028658,0.0,0.0,0.0,0.0,-0.005528864712778692,-0.005528864712778692,0
0.864,0.01,0.0,0.009908404467116565,0.0006843514901783771,0.0018483578874874595,0.009908404467116565,0.0006843514901783771,0.0018483578874874595,0.0,0.0,0.0,0.0,-0.00548517907595425,-0.00548517907595425,0
0.865,0.01,0.0,0.009909086326893263,0.0006793739148261681,0.0018336918473104906,0.009909086326893263,0.0006793739148261681,0.0018336918473104906,0.0,0.0,0.0,0.0,-0.005441836382892085,-0.005441836382892085,0
0.866,0.01,0.0,0.00990976322661039,0.0006744313320491967,0.0018191418077617796,0.00990976322661039,0.0006744313320491967,0.0018191418077617796,0.0,0.0,0.0,0.0,-0.005398833972737549,-0.005398833972737549,0
0.867,0.01,0.0,0.009910435201143795,0.0006695235086332644,0.0018047068564893947,0.009910435201143795,0.0006695235086332644,0.0018047068564893947,0.0,0.0,0.0,0.0,-0.005356169204840278,-0.005356169204840278,0
0.868,0.01,0.0,0.009911102285136824,0.0006646502127804287,0.0017903860882449525,0.009911102285136824,0.0006646502127804287,0.0017903860882449525,0.0,0.0,0.0,0.0,-0.005313839458604086,-0.005313839458604086,0
0.869,0.01,0.0,0.009911764513001728,0.000659811214101952,0.0017761786048293296,0.009911764513001728,0.000659811214101952,0.0017761786048293296,0.0,0.0,0.0,0.0,-0.005271842133343085,-0.005271842133343085,0
0.87,0.01,0.0,0.00991242191892107,0.0006550062836112673,0.0017620835150387677,0.00991242191892107,0.0006550062836112673,0.0017620835150387677,0.0,0.0,0.0,0.0,-0.005230174648134245,-0.005230174648134245,0
0.871,0.01,0.0,0.009913074536849129,0.0006502351937169593,0.0017480999346113847,0.009913074536849129,0.0006502351937169593,0.0017480999346113847,0.0,0.0,0.0,0.0,-0.005188834441674395,-0.005188834441674395,0
0.872,0.01,0.0,0.009913722400513282,0.000645497718215765,0.0017342269861740749,0.009913722400513282,0.000645497718215765,0.0017342269861740749,0.0,0.0,0.0,0.0,-0.005147818972141671,-0.005147818972141671,0
0.873,0.01,0.0,0.009914365543415399,0.0006407936322855877,0.0017204637991897944,0.009914365543415399,0.0006407936322855877,0.0017204637991897944,0.0,0.0,0.0,0.0,-0.005107125717043637,-0.005107125717043637,0
0.874,0.01,0.0,0.009915003998833207,0.000636122712478531,0.001706809509905255,0.009915003998833207,0.000636122712478531,0.001706809509905255,0.0,0.0,0.0,0.0,-0.005066752173080502,-0.005066752173080502,0
0.875,0.01,0.0,0.00991563779982168,0.0006314847367139493,0.0016932632612989963,0.00991563779982168,0.0006314847367139493,0.0016932632612989963,0.0,0.0,0.0,0.0,-0.00502669585601101,-0.00502669585601101,0
0.876,0.01,0.0,0.009916266979214388,0.0006268794842715157,0.0016798242030298279,0.009916266979214388,0.0006268794842715157,0.0016798242030298279,0.0,0.0,0.0,0.0,-0.004986954300505886,-0.004986954300505886,0
0.877,0.01,0.0,0.009916891569624857,0.0006223067357843085,0.0016664914913856708,0.009916891569624857,0.0006223067357843085,0.0016664914913856708,0.0,0.0,0.0,0.0,-0.004947525060007507,-0.004947525060007507,0
0.878,0.01,0.0,0.009917511603447915,0.0006177662732319149,0.0016532642892327781,0.009917511603447915,0.0006177662732319149,0.0016532642892327781,0.0,0.0,0.0,0.0,-0.004908405706597563,-0.004908405706597563,0
0.879,0.01,0.0,0.009918127112861051,0.0006132578799335537,0.0016401417659653243,0.009918127112861051,0.0006132578799335537,0.0016401417659653243,0.0,0.0,0.0,0.0,-0.004869593830862939,-0.004869593830862939,0
0.88,0.01,0.0,0.009918738129825732,0.0006087813405412163,0.0016271230974553618,0.009918738129825732,0.0006087813405412163,0.0016271230974553618,0.0,0.0,0.0,0.0,-0.0048310870417500595,-0.0048310870417500595,0
0.881,0.01,0.0,0.009919344686088741,0.0006043364410328256,0.0016142074660031693,0.009919344686088741,0.0006043364410328256,0.0016142074660031693,0.0,0.0,0.0,0.0,-0.004792882966440537,-0.004792882966440537,0
0.882,0.01,0.0,0.009919946813183506,0.0005999229687054155,0.0016013940602879484,0.009919946813183506,0.0005999229687054155,0.0016013940602879484,0.0,0.0,0.0,0.0,-0.004754979250211733,-0.004754979250211733,0
0.883,0.01,0.0,0.009920544542431398,0.0005955407121683271,0.0015886820753188958,0.009920544542431398,0.0005955407121683271,0.0015886820753188958,0.0,0.0,0.0,0.0,-0.004717373556303528,-0.004717373556303528,0
0.884,0.01,0.0,0.00992113790494306,0.0005911894613364262,0.0015760707123866416,0.00992113790494306,0.0005911894613364262,0.0015760707123866416,0.0,0.0,0.0,0.0,-0.00468006356578865,-0.00468006356578865,0
0.885,0.01,0.0,0.009921726931619692,0.0005868690074233384,0.0015635591790150423,0.009921726931619692,0.0005868690074233384,0.0015635591790150423,0.0,0.0,0.0,0.0,-0.004643046977440335,-0.004643046977440335,0
0.886,0.01,0.0,0.009922311653154362,0.0005825791429347051,0.0015511466889133359,0.009922311653154362,0.0005825791429347051,0.0015511466889133359,0.0,0.0,0.0,0.0,-0.004606321507604427,-0.004606321507604427,0
0.887,0.01,0.0,0.009922892100033281,0.0005783196616614588,0.001538832461928647,0.009922892100033281,0.0005783196616614588,0.001538832461928647,0.0,0.0,0.0,0.0,-0.004569884890066156,-0.004569884890066156,0
0.888,0.01,0.0,0.009923468302537096,0.0005740903586731169,0.0015266157239988544,0.009923468302537096,0.0005740903586731169,0.0015266157239988544,0.0,0.0,0.0,0.0,-0.004533734875923123,-0.004533734875923123,0
0.889,0.01,0.0,0.009924040290742153,0.000569891030311098,0.0015144957071058056,0.009924040290742153,0.000569891030311098,0.0015144957071058056,0.0,0.0,0.0,0.0,-0.004497869233461849,-0.004497869233461849,0
0.89,0.01,0.0,0.009924608094521779,0.0005657214741820565,0.0015024716492288723,0.009924608094521779,0.0005657214741820565,0.0015024716492288723,0.0,0.0,0.0,0.0,-0.004462285748021877,-0.004462285748021877,0
0.891,0.01,0.0,0.009925171743547533,0.0005615814891512374,0.0014905427942988702,0.009925171743547533,0.0005615814891512374,0.0014905427942988702,0.0,0.0,0.0,0.0,-0.004426982221878539,-0.004426982221878539,0
0.892,0.01,0.0,0.009925731267290468,0.000557470875335853,0.0014787083921523059,0.009925731267290468,0.000557470875335853,0.0014787083921523059,0.0,0.0,0.0,0.0,-0.004391956474115943,-0.004391956474115943,0
0.893,0.01,0.0,0.009926286695022378,0.0005533894340984785,0.0014669676984859666,0.009926286695022378,0.0005533894340984785,0.0014669676984859666,0.0,0.0,0.0,0.0,-0.004357206340499076,-0.004357206340499076,0
0.894,0.01,0.0,0.00992683805581704,0.0005493369680404693,0.0014553199748118598,0.00992683805581704,0.0005493369680404693,0.0014553199748118598,0.0,0.0,0.0,0.0,-0.004322729673355674,-0.004322729673355674,0
0.895,0.01,0.0,0.009927385378551448,0.000545313280995399,0.0014437644884124769,0.009927385378551448,0.000545313280995399,0.0014437644884124769,0.0,0.0,0.0,0.0,-0.004288524341450106,-0.004288524341450106,0
0.896,0.01,0.0,0.00992792869190704,0.0005413181780225183,0.001432300512296398,0.00992792869190704,0.0005413181780225183,0.001432300512296398,0.0,0.0,0.0,0.0,-0.004254588229863465,-0.004254588229863465,0
0.897,0.01,0.0,0.009928468024370926,0.0005373514654002348,0.001420927325154227,0.009928468024370926,0.0005373514654002348,0.001420927325154227,0.0,0.0,0.0,0.0,-0.004220919239871002,-0.004220919239871002,0
0.898,0.01,0.0,0.009929003404237104,0.0005334129506196134,0.0014096442113148585,0.009929003404237104,0.0005334129506196134,0.0014096442113148585,0.0,0.0,0.0,0.0,-0.00418751528882666,-0.00418751528882666,0
0.899,0.01,0.0,0.009929534859607661,0.0005295024423778999,0.001398450460702062,0.009929534859607661,0.0005295024423778999,0.001398450460702062,0.0,0.0,0.0,0.0,-0.004154374310037845,-0.004154374310037845,0
0.9,0.01,0.0,0.009930062418393988,0.0005256197505720641,0.0013873453687914057,0.009930062418393988,0.0005256197505720641,0.0013873453687914057,0.0,0.0,0.0,0.0,-0.004121494252652624,-0.004121494252652624,0
0.901,0.01,0.0,0.009930586108317964,0.0005217646862923654,0.0013763282365674896,0.009930586108317964,0.0005217646862923654,0.0013763282365674896,0.0,0.0,0.0,0.0,-0.004088873081537159,-0.004088873081537159,0
0.902,0.01,0.0,0.009931105956913157,0.0005179370618159393,0.0013653983704815095,0.009931105956913157,0.0005179370618159393,0.0013653983704815095,0.0,0.0,0.0,0.0,-0.004056508777165568,-0.004056508777165568,0
0.903,0.01,0.0,0.009931621991526002,0.0005141366906004069,0.0013545550824091278,0.009931621991526002,0.0005141366906004069,0.0013545550824091278,0.0,0.0,0.0,0.0,-0.00402439933549914,-0.00402439933549914,0
0.904,0.01,0.0,0.009932134239316973,0.0005103633872775052,0.0013437976896086671,0.009932134239316973,0.0005103633872775052,0.0013437976896086671,0.0,0.0,0.0,0.0,-0.003992542767868201,-0.003992542767868201,0
0.905,0.01,0.0,0.00993264272726177,0.0005066169676467393,0.0013331255146796258,0.00993264272726177,0.0005066169676467393,0.0013331255146796258,0.0,0.0,0.0,0.0,-0.003960937100869089,-0.003960937100869089,0
0.906,0.01,0.0,0.009933147482152467,0.0005028972486690571,0.0013225378855214812,0.009933147482152467,0.0005028972486690571,0.0013225378855214812,0.0,0.0,0.0,0.0,-0.003929580376240693,-0.003929580376240693,0
0.907,0.01,0.0,0.009933648530598681,0.0004992040484605461,0.0013120341352928216,0.009933648530598681,0.0004992040484605461,0.0013120341352928216,0.0,0.0,0.0,0.0,-0.0038984706507552147,-0.0038984706507552147,0
0.908,0.01,0.0,0.009934145899028718,0.0004955371862861519,0.0013016136023707805,0.009934145899028718,0.0004955371862861519,0.0013016136023707805,0.0,0.0,0.0,0.0,-0.0038676059961062492,-0.0038676059961062492,0
0.909,0.01,0.0,0.00993463961369072,0.00049189648255342,0.0012912756303107725,0.00993463961369072,0.00049189648255342,0.0012912756303107725,0.0,0.0,0.0,0.0,-0.0038369844987977686,-0.0038369844987977686,0
0.91,0.01,0.0,0.009935129700653805,0.0004882817588062587,0.0012810195678065344,0.009935129700653805,0.0004882817588062587,0.0012810195678065344,0.0,0.0,0.0,0.0,-0.003806604260031321,-0.003806604260031321,0
0.911,0.01,0.0,0.009935616185809203,0.00048469283771872517,0.0012708447686504694,0.009935616185809203,0.00048469283771872517,0.0012708447686504694,0.0,0.0,0.0,0.0,-0.003776463395604779,-0.003776463395604779,0
0.912,0.01,0.0,0.009936099094871378,0.00048112954308883395,0.0012607505916942745,0.009936099094871378,0.00048112954308883395,0.0012607505916942745,0.0,0.0,0.0,0.0,-0.0037465600357915463,-0.0037465600357915463,0
0.913,0.01,0.0,0.009936578453379155,0.00047759169983238803,0.0012507364008098878,0.009936578453379155,0.00047759169983238803,0.0012507364008098878,0.0,0.0,0.0,0.0,-0.00371689232524286,-0.00371689232524286,0
0.914,0.01,0.0,0.009937054286696827,0.00047407913397683264,0.0012408015648507085,0.009937054286696827,0.00047407913397683264,0.0012408015648507085,0.0,0.0,0.0,0.0,-0.0036874584228741014,-0.0036874584228741014,0
0.915,0.01,0.0,0.009937526620015272,0.0004705916726551314,0.0012309454576131214,0.009937526620015272,0.0004705916726551314,0.0012309454576131214,0.0,0.0,0.0,0.0,-0.003658256501763546,-0.003658256501763546,0
0.916,0.01,0.0,0.009937995478353044,0.0004671291440996659,0.0012211674577983023,0.009937995478353044,0.0004671291440996659,0.0012211674577983023,0.0,0.0,0.0,0.0,-0.003629284749039563,-0.003629284749039563,0
0.917,0.01,0.0,0.009938460886557487,0.0004636913776361576,0.0012114669489743236,0.009938460886557487,0.0004636913776361576,0.0012114669489743236,0.0,0.0,0.0,0.0,-0.003600541365783805,-0.003600541365783805,0
0.918,0.01,0.0,0.009938922869305802,0.00046027820367761275,0.0012018433195385304,0.009938922869305802,0.00046027820367761275,0.0012018433195385304,0.0,0.0,0.0,0.0,-0.003572024566918408,-0.003572024566918408,0
0.919,0.01,0.0,0.009939381451106158,0.00045688945371829035,0.0011922959626802156,0.009939381451106158,0.00045688945371829035,0.0011922959626802156,0.0,0.0,0.0,0.0,-0.0035437325811136233,-0.0035437325811136233,0
0.92,0.01,0.0,0.009939836656298748,0.00045352496032769314,0.0011828242763435564,0.009939836656298748,0.00045352496032769314,0.0011828242763435564,0.0,0.0,0.0,0.0,-0.003515663650674128,-0.003515663650674128,0
0.921,0.01,0.0,0.00994028850905687,0.00045018455714458157,0.0011734276631908502,0.00994028850905687,0.00045018455714458157,0.0011734276631908502,0.0,0.0,0.0,0.0,-0.0034878160314404383,-0.0034878160314404383,0
0.922,0.01,0.0,0.009940737033387994,0.000446868078871011,0.0011641055305660222,0.009940737033387994,0.000446868078871011,0.0011641055305660222,0.0,0.0,0.0,0.0,-0.0034601879926903223,-0.0034601879926903223,0
0.923,0.01,0.0,0.00994118225313482,0.0004435753612663919,0.0011548572904584028,0.00994118225313482,0.0004435753612663919,0.0011548572904584028,0.0,0.0,0.0,0.0,-0.0034327778170357703,-0.0034327778170357703,0
0.924,0.01,0.0,0.009941624191976339,0.00044030624114157335,0.001145682359466783,0.009941624191976339,0.00044030624114157335,0.001145682359466783,0.0,0.0,0.0,0.0,-0.003405583800326184,-0.003405583800326184,0
0.925,0.01,0.0,0.009942062873428867,0.0004370605563529498,0.0011365801587637351,0.009942062873428867,0.0004370605563529498,0.0011365801587637351,0.0,0.0,0.0,0.0,-0.0033786042515409065,-0.0033786042515409065,0
0.926,0.01,0.0,0.009942498320847107,0.0004338381457965909,0.0011275501140602206,0.009942498320847107,0.0004338381457965909,0.0011275501140602206,0.0,0.0,0.0,0.0,-0.003351837492703069,-0.003351837492703069,0
0.927,0.01,0.0,0.009942930557425168,0.0004306388494023951,0.0011185916555704395,0.009942930557425168,0.0004306388494023951,0.0011185916555704395,0.0,0.0,0.0,0.0,-0.003325281858771234,-0.003325281858771234,0
0.928,0.01,0.0,0.009943359606197605,0.0004274625081282659,0.0011097042179769676,0.009943359606197605,0.0004274625081282659,0.0011097042179769676,0.0,0.0,0.0,0.0,-0.003298935697546135,-0.003298935697546135,0
0.929,0.01,0.0,0.009943785490040442,0.00042430896395431234,0.0011008872403961494,0.009943785490040442,0.00042430896395431234,0.0011008872403961494,0.0,0.0,0.0,0.0,-0.0032727973695747536,-0.0032727973695747536,0
0.93,0.01,0.0,0.009944208231672198,0.00042117805987707213,0.0010921401663437525,0.009944208231672198,0.00042117805987707213,0.0010921401663437525,0.0,0.0,0.0,0.0,-0.0032468652480579507,-0.0032468652480579507,0
0.931,0.01,0.0,0.009944627853654886,0.00041806963990375864,0.0010834624437008737,0.009944627853654886,0.00041806963990375864,0.0010834624437008737,0.0,0.0,0.0,0.0,-0.003221137718745659,-0.003221137718745659,0
0.932,0.01,0.0,0.009945044378395032,0.0004149835490465311,0.0010748535246801248,0.009945044378395032,0.0004149835490465311,0.0010748535246801248,0.0,0.0,0.0,0.0,-0.0031956131798516196,-0.0031956131798516196,0
0.933,0.01,0.0,0.009945457828144676,0.0004119196333167885,0.0010663128657920557,0.009945457828144676,0.0004119196333167885,0.0010663128657920557,0.0,0.0,0.0,0.0,-0.0031702900419574576,-0.0031702900419574576,0
0.934,0.01,0.0,0.009945868225002362,0.00040887773971948703,0.0010578399278118353,0.009945868225002362,0.00040887773971948703,0.0010578399278118353,0.0,0.0,0.0,0.0,-0.003145166727914983,-0.003145166727914983,0
0.935,0.01,0.0,0.009946275590914141,0.0004058577162474807,0.0010494341757461955,0.009946275590914141,0.0004058577162474807,0.0010494341757461955,0.0,0.0,0.0,0.0,-0.0031202416727635907,-0.0031202416727635907,0
0.936,0.01,0.0,0.009946679947674543,0.0004028594118758857,0.0010410950788006066,0.009946679947674543,0.0004028594118758857,0.0010410950788006066,0.0,0.0,0.0,0.0,-0.0030955133236281185,-0.0030955133236281185,0
0.937,0.01,0.0,0.009947081316927562,0.00039988267655646857,0.0010328221103467212,0.009947081316927562,0.00039988267655646857,0.0010328221103467212,0.0,0.0,0.0,0.0,-0.0030709801396344716,-0.0030709801396344716,0
0.9380000000000001,0.01,0.0,0.009947479720167634,0.00039692736121205743,0.0010246147478900525,0.009947479720167634,0.00039692736121205743,0.0010246147478900525,0.0,0.0,0.0,0.0,-0.003046640591815475,-0.003046640591815475,0
0.9390000000000001,0.01,0.0,0.009947875178740595,0.00039399331773097703,0.001016472473037906,0.009947875178740595,0.00039399331773097703,0.001016472473037906,0.0,0.0,0.0,0.0,-0.00302249316302472,-0.00302249316302472,0
0.9400000000000001,0.01,0.0,0.009948267713844654,0.0003910803989615075,0.0010083947714675467,0.009948267713844654,0.0003910803989615075,0.0010083947714675467,0.0,0.0,0.0,0.0,-0.002998536347843306,-0.002998536347843306,0
0.9410000000000001,0.01,0.0,0.009948657346531341,0.0003881884587063666,0.0010003811328946166,0.009948657346531341,0.0003881884587063666,0.0010003811328946166,0.0,0.0,0.0,0.0,-0.0029747686524936867,-0.0029747686524936867,0
0.9420000000000001,0.01,0.0,0.009949044097706474,0.00038531735171721534,0.0009924310510417875,0.009949044097706474,0.00038531735171721534,0.0009924310510417875,0.0,0.0,0.0,0.0,-0.0029511885947535177,-0.0029511885947535177,0
0.9430000000000001,0.01,0.0,0.009949427988131082,0.0003824669336891876,0.0009845440236076492,0.009949427988131082,0.0003824669336891876,0.0009845440236076492,0.0,0.0,0.0,0.0,-0.002927794703865949,-0.002927794703865949,0
0.9440000000000001,0.01,0.0,0.00994980903842237,0.0003796370612554429,0.000976719552235838,0.00994980903842237,0.0003796370612554429,0.000976719552235838,0.0,0.0,0.0,0.0,-0.002904585520453473,-0.002904585520453473,0
0.9450000000000001,0.01,0.0,0.009950187269054634,0.00037682759198174324,0.0009689571424844003,0.009950187269054634,0.00037682759198174324,0.0009689571424844003,0.0,0.0,0.0,0.0,-0.0028815595964308827,-0.0028815595964308827,0
0.9460000000000001,0.01,0.0,0.009950562700360205,0.0003740383843610533,0.0009612563037953907,0.009950562700360205,0.0003740383843610533,0.0009612563037953907,0.0,0.0,0.0,0.0,-0.0028587154949253346,-0.0028587154949253346,0
0.9470000000000001,0.01,0.0,0.009950935352530367,0.0003712692978081639,0.0009536165494646915,0.009950935352530367,0.0003712692978081639,0.0009536165494646915,0.0,0.0,0.0,0.0,-0.0028360517901830917,-0.0028360517901830917,0
0.9480000000000001,0.01,0.0,0.009951305245616276,0.00036852019265433964,0.0009460373966120782,0.009951305245616276,0.00036852019265433964,0.0009460373966120782,0.0,0.0,0.0,0.0,-0.002813567067492251,-0.002813567067492251,0
0.9490000000000001,0.01,0.0,0.009951672399529878,0.00036579093014198997,0.000938518366151499,0.009951672399529878,0.00036579093014198997,0.000938518366151499,0.0,0.0,0.0,0.0,-0.0027912599230965895,-0.0027912599230965895,0
0.9500000000000001,0.01,0.0,0.009952036834044812,0.00036308137241936343,0.0009310589827615869,0.009952036834044812,0.00036308137241936343,0.0009310589827615869,0.0,0.0,0.0,0.0,-0.0027691289641120775,-0.0027691289641120775,0
0.9510000000000001,0.01,0.0,0.009952398568797318,0.0003603913825352659,0.0009236587748563971,0.009952398568797318,0.0003603913825352659,0.0009236587748563971,0.0,0.0,0.0,0.0,-0.002747172808449605,-0.002747172808449605,0
0.9520000000000001,0.01,0.0,0.009952757623287132,0.0003577208244338022,0.0009163172745563573,0.009952757623287132,0.0003577208244338022,0.0009163172745563573,0.0,0.0,0.0,0.0,-0.002725390084721724,-0.002725390084721724,0
0.9530000000000001,0.01,0.0,0.009953114016878378,0.00035506956294914125,0.0009090340176594628,0.009953114016878378,0.00035506956294914125,0.0009090340176594628,0.0,0.0,0.0,0.0,-0.0027037794321760344,-0.0027037794321760344,0
0.9540000000000001,0.01,0.0,0.009953467768800461,0.0003524374638003048,0.0009018085436126618,0.009953467768800461,0.0003524374638003048,0.0009018085436126618,0.0,0.0,0.0,0.0,-0.0026823395006045914,-0.0026823395006045914,0
0.9550000000000001,0.01,0.0,0.009953818898148944,0.0003498243935859794,0.0008946403954834796,0.009953818898148944,0.0003498243935859794,0.0008946403954834796,0.0,0.0,0.0,0.0,-0.0026610689502692964,-0.0026610689502692964,0
0.9560000000000001,0.01,0.0,0.009954167423886422,0.0003472302197793526,0.0008875291199318483,0.009954167423886422,0.0003472302197793526,0.0008875291199318483,0.0,0.0,0.0,0.0,-0.002639966451814857,-0.002639966451814857,0
0.9570000000000001,0.01,0.0,0.009954513364843405,0.0003446548107229715,0.000880474267182167,0.009954513364843405,0.0003446548107229715,0.000880474267182167,0.0,0.0,0.0,0.0,-0.002619030686203061,-0.002619030686203061,0
0.9580000000000001,0.01,0.0,0.009954856739719175,0.00034209803562362573,0.0008734753909955491,0.009954856739719175,0.00034209803562362573,0.0008734753909955491,0.0,0.0,0.0,0.0,-0.002598260344621295,-0.002598260344621295,0
0.9590000000000001,0.01,0.0,0.009955197567082649,0.0003395597645472532,0.0008665320486423073,0.009955197567082649,0.0003395597645472532,0.0008665320486423073,0.0,0.0,0.0,0.0,-0.002577654128414153,-0.002577654128414153,0
0.96,0.01,0.0,0.009955535865373238,0.00033703986841386986,0.0008596438008746324,0.009955535865373238,0.00033703986841386986,0.0008596438008746324,0.0,0.0,0.0,0.0,-0.0025572107489981732,-0.0025572107489981732,0
0.961,0.01,0.0,0.009955871652901701,0.0003345382189925222,0.0008528102118994944,0.009955871652901701,0.0003345382189925222,0.0008528102118994944,0.0,0.0,0.0,0.0,-0.0025369289277952234,-0.0025369289277952234,0
0.962,0.01,0.0,0.009956204947850985,0.0003320546888962636,0.0008460308493517328,0.009956204947850985,0.0003320546888962636,0.0008460308493517328,0.0,0.0,0.0,0.0,-0.0025168073961463477,-0.0025168073961463477,0
0.963,0.01,0.0,0.009956535768277073,0.00032958915157715353,0.0008393052842673726,0.009956535768277073,0.00032958915157715353,0.0008393052842673726,0.0,0.0,0.0,0.0,-0.00249684489524693,-0.00249684489524693,0
0.964,0.01,0.0,0.009956864132109815,0.00032714148132128066,0.0008326330910571225,0.009956864132109815,0.00032714148132128066,0.0008326330910571225,0.0,0.0,0.0,0.0,-0.002477040176061429,-0.002477040176061429,0
0.965,0.01,0.0,0.009957190057153764,0.00032471155324380877,0.0008260138474800976,0.009957190057153764,0.00032471155324380877,0.0008260138474800976,0.0,0.0,0.0,0.0,-0.002457391999256764,-0.002457391999256764,0
0.966,0.01,0.0,0.009957513561088998,0.00032229924328404597,0.0008194471346177267,0.009957513561088998,0.00032229924328404597,0.0008194471346177267,0.0,0.0,0.0,0.0,-0.002437899135122379,-0.002437899135122379,0
0.967,0.01,0.0,0.009957834661471945,0.0003199044282005372,0.0008129325368478725,0.009957834661471945,0.0003199044282005372,0.0008129325368478725,0.0,0.0,0.0,0.0,-0.00241856036350363,-0.00241856036350363,0
0.968,0.01,0.0,0.009958153375736202,0.0003175269855661798,0.0008064696418191361,0.009958153375736202,0.0003175269855661798,0.0008064696418191361,0.0,0.0,0.0,0.0,-0.0023993744737236256,-0.0023993744737236256,0
0.969,0.01,0.0,0.009958469721193342,0.0003151667937633627,0.0008000580404253691,0.009958469721193342,0.0003151667937633627,0.0008000580404253691,0.0,0.0,0.0,0.0,-0.002380340264513947,-0.002380340264513947,0
0.97,0.01,0.0,0.009958783715033724,0.0003128237319791277,0.0007936973267803758,0.009958783715033724,0.0003128237319791277,0.0007936973267803758,0.0,0.0,0.0,0.0,-0.0023614565439435964,-0.0023614565439435964,0
0.971,0.01,0.0,0.00995909537432729,0.000310497680200355,0.0007873870981928069,0.00995909537432729,0.000310497680200355,0.0007873870981928069,0.0,0.0,0.0,0.0,-0.0023427221293434997,-0.0023427221293434997,0
0.972,0.01,0.0,0.009959404716024375,0.0003081885192089708,0.0007811269551412556,0.009959404716024375,0.0003081885192089708,0.0007811269551412556,0.0,0.0,0.0,0.0,-0.002324135847242559,-0.002324135847242559,0
0.973,0.01,0.0,0.009959711756956483,0.0003058961305771784,0.00077491650124953,0.009959711756956483,0.0003058961305771784,0.00077491650124953,0.0,0.0,0.0,0.0,-0.00230569653329038,-0.00230569653329038,0
0.974,0.01,0.0,0.009960016513837091,0.0003036203966627123,0.0007687553432621304,0.009960016513837091,0.0003036203966627123,0.0007687553432621304,0.0,0.0,0.0,0.0,-0.0022874030321933247,-0.0022874030321933247,0
0.975,0.01,0.0,0.009960319003262417,0.00030136120060411464,0.0007626430910199031,0.009960319003262417,0.00030136120060411464,0.0007626430910199031,0.0,0.0,0.0,0.0,-0.0022692541976425673,-0.0022692541976425673,0
0.976,0.01,0.0,0.009960619241712211,0.00029911842631603533,0.0007565793574358866,0.009960619241712211,0.00029911842631603533,0.0007565793574358866,0.0,0.0,0.0,0.0,-0.002251248892250146,-0.002251248892250146,0
0.977,0.01,0.0,0.009960917245550526,0.00029689195848455434,0.0007505637584713339,0.009960917245550526,0.00029689195848455434,0.0007505637584713339,0.0,0.0,0.0,0.0,-0.002233385987470804,-0.002233385987470804,0
0.978,0.01,0.0,0.009961213031026477,0.00029468168256252704,0.0007445959131119393,0.009961213031026477,0.00029468168256252704,0.0007445959131119393,0.0,0.0,0.0,0.0,-0.0022156643635451445,-0.0022156643635451445,0
0.979,0.01,0.0,0.009961506614275016,0.0002924874847649524,0.0007386754433442257,0.009961506614275016,0.0002924874847649524,0.0007386754433442257,0.0,0.0,0.0,0.0,-0.0021980829094268017,-0.0021980829094268017,0
0.98,0.01,0.0,0.009961798011317694,0.0002903092520643635,0.0007328019741321259,0.009961798011317694,0.0002903092520643635,0.0007328019741321259,0.0,0.0,0.0,0.0,-0.002180640522718491,-0.002180640522718491,0
0.981,0.01,0.0,0.009962087238063409,0.0002881468721862411,0.0007269751333937369,0.009962087238063409,0.0002881468721862411,0.0007269751333937369,0.0,0.0,0.0,0.0,-0.002163336109606284,-0.002163336109606284,0
0.982,0.01,0.0,0.009962374310309156,0.0002860002336044496,0.0007211945519782531,0.009962374310309156,0.0002860002336044496,0.0007211945519782531,0.0,0.0,0.0,0.0,-0.0021461685847885548,-0.0021461685847885548,0
0.983,0.01,0.0,0.009962659243740781,0.00028386922553669546,0.0007154598636430882,0.009962659243740781,0.00028386922553669546,0.0007154598636430882,0.0,0.0,0.0,0.0,-0.002129136871419135,-0.002129136871419135,0
0.984,0.01,0.0,0.009962942053933712,0.00028175373794000845,0.0007097707050311549,0.009962942053933712,0.00028175373794000845,0.0007097707050311549,0.0,0.0,0.0,0.0,-0.002112239901033597,-0.002112239901033597,0
0.985,0.01,0.0,0.009963222756353708,0.000279653661506245,0.0007041267156483381,0.009963222756353708,0.000279653661506245,0.0007041267156483381,0.0,0.0,0.0,0.0,-0.0020954766134968494,-0.0020954766134968494,0
0.986,0.01,0.0,0.009963501366357578,0.00027756888765761414,0.0006985275378411193,0.009963501366357578,0.00027756888765761414,0.0006985275378411193,0.0,0.0,0.0,0.0,-0.0020788459569249795,-0.0020788459569249795,0
0.987,0.01,0.0,0.009963777899193924,0.00027549930854222585,0.0006929728167743991,0.009963777899193924,0.00027549930854222585,0.0006929728167743991,0.0,0.0,0.0,0.0,-0.002062346887638178,-0.002062346887638178,0
0.988,0.01,0.0,0.009964052370003853,0.00027344481702966145,0.0006874622004094606,0.009964052370003853,0.00027344481702966145,0.0006874622004094606,0.0,0.0,0.0,0.0,-0.0020459783700825795,-0.0020459783700825795,0
0.989,0.01,0.0,0.009964324793821703,0.00027140530670656656,0.0006819953394821321,0.009964324793821703,0.00027140530670656656,0.0006819953394821321,0.0,0.0,0.0,0.0,-0.002029739376780526,-0.002029739376780526,0
0.99,0.01,0.0,0.009964595185575752,0.0002693806718722659,0.0006765718874810928,0.009964595185575752,0.0002693806718722659,0.0006765718874810928,0.0,0.0,0.0,0.0,-0.0020136288882577347,-0.0020136288882577347,0
0.991,0.01,0.0,0.009964863560088936,0.0002673708075344005,0.0006711915006263679,0.009964863560088936,0.0002673708075344005,0.0006711915006263679,0.0,0.0,0.0,0.0,-0.001997645892992672,-0.001997645892992672,0
0.992,0.01,0.0,0.009965129932079547,0.00026537560940458727,0.0006658538378479674,0.009965129932079547,0.00026537560940458727,0.0006658538378479674,0.0,0.0,0.0,0.0,-0.0019817893873490533,-0.0019817893873490533,0
0.993,0.01,0.0,0.009965394316161941,0.0002633949738940996,0.0006605585607647031,0.009965394316161941,0.0002633949738940996,0.0006605585607647031,0.0,0.0,0.0,0.0,-0.0019660583755136685,-0.0019660583755136685,0
0.994,0.01,0.0,0.009965656726847233,0.0002614287981095711,0.0006553053336631715,0.009965656726847233,0.0002614287981095711,0.0006553053336631715,0.0,0.0,0.0,0.0,-0.0019504518694466455,-0.0019504518694466455,0
0.995,0.01,0.0,0.009965917178543993,0.0002594769798487206,0.000650093823476879,0.009965917178543993,0.0002594769798487206,0.000650093823476879,0.0,0.0,0.0,0.0,-0.001934968888807731,-0.001934968888807731,0
0.996,0.01,0.0,0.009966175685558926,0.0002575394175960989,0.0006449236997655554,0.009966175685558926,0.0002575394175960989,0.0006449236997655554,0.0,0.0,0.0,0.0,-0.0019196084609083286,-0.0019196084609083286,0
0.997,0.01,0.0,0.00996643226209757,0.00025561601051885793,0.0006397946346946054,0.00996643226209757,0.00025561601051885793,0.0006397946346946054,0.0,0.0,0.0,0.0,-0.0019043696206493266,-0.0019043696206493266,0
0.998,0.01,0.0,0.009966686922264965,0.0002537066584625411,0.0006347063030147245,0.009966686922264965,0.0002537066584625411,0.0006347063030147245,0.0,0.0,0.0,0.0,-0.0018892514104589253,-0.0018892514104589253,0
0.999,0.01,0.0,0.009966939680066332,0.00025181126194689555,0.000629658382041681,0.009966939680066332,0.00025181126194689555,0.000629658382041681,0.0,0.0,0.0,0.0,-0.0018742528802384584,-0.0018742528802384584,0
1.0,0.01,0.001,0.009967190549407758,0.000249929722161706,0.0006246505516362462,0.009967190549407758,0.000249929722161706,0.0006246505516362462,0.0,0.0,0.0,0.0,-0.0018593730873117664,-0.0018593730873117664,0
1.0010000000000001,0.01,0.001,0.009967389710347756,0.00014856027878583632,0.0006196834901945762,0.009967439544096842,0.0002480619409626501,0.0006196824941842653,-4.983374908562599e-08,-9.950166217681376e-05,9.96010310902809e-10,0.9950166217681375,-0.001844611096355031,-0.001844611096355031,0
1.002,0.01,0.001,0.009967488004537941,4.819455657224427e-05,0.0006147578627415538,0.009967684557985183,0.0002461854067093446,0.0006145514351088627,-1.965534472420788e-07,-0.0001979908501371003,2.064276326910761e-07,1.979908501371003,-0.0018255400757132278,-0.0018255400757132278,0
1.0030000000000001,0.01,0.001,0.009967486430719616,-5.117738620339142e-05,0.000609882175984236,0.009967921460890431,0.0002442564715269046,0.0006088726913677706,-4.350301708155174e-07,-0.000295433857730296,1.0094846164653958e-06,2.95433857730296,-0.0017936350925475963,-0.0017936350925475963,0
1.004,0.01,0.001,0.009967385977748978,-0.00014956537539672038,0.000605081952657945,0.009968146297188398,0.0002422338548330433,0.0006023002194820225,-7.603194394200513e-07,-0.0003917992302297637,2.7817331759225203e-06,3.917992302297637,-0.0017409824676075658,-0.0017409824676075658,0
1.0050000000000001,0.01,0.001,0.009967187624720673,-0.0002469791058421664,0.0006003984762402682,0.009968355280341632,0.00024007857462415223,0.0005945245676638487,-1.1676556209583994e-06,-0.00048705768046631865,5.8739085764194935e-06,4.8705768046631865,-0.0016602526208702173,-0.0016602526208702173,0
1.006,0.01,0.001,0.009966892341105822,-0.0003434281275718777,0.0005958875924272812,0.009968544787596605,0.0002377538799530176,0.0005852709090227688,-1.6524464907831382e-06,-0.0005811820075248953,1.0616683404512418e-05,5.811820075248953,-0.0015446738808950755,-0.0015446738808950755,0
1.0070000000000001,0.01,0.001,0.009966501086903163,-0.00043892183333707263,0.0005916185653331045,0.00996871135484421,0.00023522518459662118,0.0005742971531361304,-2.2102679410468395e-06,-0.0006741470179336938,1.7321412196974082e-05,6.741470179336937,-0.0013880072279572886,-0.0013880072279572886,0
1.008,0.01,0.001,0.00996601481280206,-0.0005334694473653552,0.0005876729864377919,0.009968851671638357,0.00023246000191159838,0.0005613921333516366,-2.8368588362963354e-06,-0.0007659294492769536,2.6280853086155373e-05,7.6592944927695354,-0.0011845219418047392,-0.0011845219418047392,0
1.0090000000000001,0.01,0.001,0.00996543446035616,-0.0006270800152901703,0.0005841437343707438,0.00996896257636771,0.000229427880874136,0.0005463738672689373,-3.528116011550231e-06,-0.0008565078961643062,3.776986710180648e-05,8.565078961643062,-0.0009289721258172179,-0.0009289721258172179,0
1.01,0.01,0.001,0.009964760962166542,-0.0007197623951910769,0.0005811339836770447,0.009969041051575693,0.00022610034330030766,0.0005290878879241316,-4.280089409150825e-06,-0.0009458627384913846,5.204609575291312e-05,9.458627384913845,-0.0006165740800545549,-0.0006165740800545549,0
1.0110000000000001,0.01,0.001,0.009963995242073328,-0.0008115252496859433,0.0005787562607727999,0.009969084219424072,0.00022245082224211797,0.0005094056432760112,-5.088977350744053e-06,-0.0010339760719280612,6.935061749678865e-05,10.339760719280612,-0.00024298449655724141,-0.00024298449655724141,0
1.012,0.01,0.001,0.009963138215354668,-0.0009023770390185073,0.000577131545352344,0.00996908933729557,0.00021845460155385326,0.0004872229616657088,-5.9511219409023874e-06,-0.0011208316405723604,8.990858368663514e-05,11.208316405723604,0.00019572054907435188,0.00019572054907435188,0
1.0130000000000001,0.01,0.001,0.009962190788932186,-0.0009923260150870121,0.0005763884155655636,0.009969053793531146,0.00021408875662267047,0.000462458580992121,-6.863004598959416e-06,-0.0012064147717096825,0.00011392983457344255,12.064147717096825,0.0007030658349007624,0.0007030658349007624,0
1.014,0.01,0.001,0.009961153861581931,-0.0010813802163618129,0.000576662235337041,0.009968975103297589,0.00020933209625673886,0.0004350527394140341,-7.821241715657776e-06,-0.0012907123126185518,0.00014160949592300693,12.907123126185517,0.0012821964832223642,0.0012821964832223642,0
1.0150000000000001,0.01,0.001,0.009960028324150001,-0.001169547463641964,0.0005780943822510442,0.009968850904581415,0.00020416510572369395,0.0004049658254571276,-8.822580431413346e-06,-0.001373712569365658,0.00017312855679391662,13.737125693656578,0.001935896728149089,0.001935896728149089,0
1.016,0.01,0.001,0.009958815059771996,-0.0012568353566028319,0.0005808315144767563,0.00996867895430496,0.00019856989093158686,0.0003721770854684786,-9.863894532963907e-06,-0.0014554052475344186,0.0002086544290082777,14.554052475344186,0.0026666079832864398,0.0026666079832864398,0
1.0170000000000001,0.01,0.001,0.009957514944095561,-0.0013432512710887584,0.0005850248752573893,0.00996845712456087,0.00019253012374402176,0.00033668338642463356,-1.0942180465309259e-05,-0.0015357813948327801,0.00024834148883275575,15.3578139483278,0.0034764462318861433,0.0034764462318861433,0
1.018,0.01,0.001,0.009956128845505282,-0.0014288023571066926,0.0005908296335344258,0.009968183398961215,0.00018603098842068791,0.0002984980321605172,-1.205455345593305e-05,-0.0016148333455273806,0.00029233160137390863,16.148333455273804,0.004367218761214708,0.004367218761214708,0
1.0190000000000001,0.01,0.001,0.009954657625349238,-0.0015134955374785518,0.000598404259324552,0.009967855869097573,0.0001790591291740352,0.00025764963114600074,-1.319824374833474e-05,-0.001692554666652587,0.0003407546281785513,16.925546666525868,0.00534044026223679,0.00534044026223679,0
1.02,0.01,0.001,0.009953102138166614,-0.001597337507111845,0.000607909932511757,0.00996747273110863,0.0001716025988324291,0.0002141810139949185,-1.4370592942016328e-05,-0.001768940105944274,0.0003937289185168384,17.68940105944274,0.006397348315092977,0.006397348315092977,0
1.0210000000000001,0.01,0.001,0.009951463231915723,-0.0016803347328498022,0.0006195099837606617,0.009967032282351821,0.00016365080859971715,0.00016814819894746762,-1.5569050436098006e-05,-0.0018439855414495194,0.00045136178481319404,18.43985541449519,0.007538918280287632,0.007538918280287632,0
1.022,0.01,0.001,0.009949741748201932,-0.001762493453863908,0.0006333693662995205,0.009966532918175787,0.00015519447890078298,0.00011961940362171256,-1.679116997385481e-05,-0.001917687932764691,0.0005137499626778079,19.17687932764691,0.008765877614868245,0.008765877614868245,0
1.0230000000000001,0.01,0.001,0.009947938522504916,-0.001843819682553328,0.0006496541573623589,0.009965973128790395,0.00014622559130230867,6.86741013828479e-05,-1.8034606285478524e-05,-0.0019900452738556367,0.000580980055979511,19.900452738556368,0.010078719632359956,0.010078719632359956,0
1.024,0.01,0.001,0.009946054384404782,-0.001924319205917258,0.0006685310881196209,0.00996535149623129,0.00013673734149766506,1.540212073061302e-05,-1.929711182650784e-05,-0.0020610565474149228,0.0006531289673890079,20.610565474149226,0.011477716724635378,0.011477716724635378,0
1.025,0.01,0.001,0.009944090157806602,-0.002003997587367706,0.0006901671009653604,0.009964666691415953,0.00012672409334453673,-4.0097213844837765e-05,-2.057653360935073e-05,-0.002130721680712243,0.0007302643148101982,21.30721680712243,0.012962933063383808,0.012962933063383808,0
1.026,0.01,0.001,0.009942046661162919,-0.0020828601689516562,0.0007147289330665677,0.009963917471288383,0.00011618133394363826,-9.7715901039452e-05,-2.1870810125463463e-05,-0.0021990415028952945,0.0008124448341060197,21.990415028952945,0.014534236798321665,0.014534236798321665,0
1.027,0.01,0.001,0.009939924707693844,-0.0021609120739529255,0.0007423827251166517,0.009963102676049608,0.00010510562974661479,-0.0001573380433978814,-2.317796835576459e-05,-0.0022660177036995404,0.0008997207685145332,22.660177036995403,0.016191311768756655,0.016191311768756655,0
1.028,0.01,0.001,0.009937725105604365,-0.002238158209845381,0.0007732936542704117,0.009962221226471314,9.349458368099847e-05,-0.00021884059086993332,-2.449612086694898e-05,-0.0023316527935263796,0.000992134245140345,23.316527935263796,0.0179336687446634,0.0179336687446634,0
1.029,0.01,0.001,0.009935448658298556,-0.0023146032715704425,0.0008076255902721505,0.009961272121289957,8.134679327988148e-05,-0.00028209404862405274,-2.5823462991401633e-05,-0.002395950064850324,0.0010897196388962031,23.959500648503237,0.019760656212914895,0.019760656212914895,0
1.03,0.01,0.001,0.009933096164590332,-0.002390251745113045,0.0008455407738218181,0.009960254434678831,6.866180980378246e-05,-0.0003469631504376896,-2.7158270088499525e-05,-0.0024589135549168274,0.0011925039242595076,24.589135549168272,0.021671470723881647,0.021671470723881647,0
1.031,0.01,0.001,0.00993066841891051,-0.0024651079113514273,0.0008871995162563731,0.009959167313795632,5.544009834200714e-05,-0.0004133074989423895,-2.8498894885120932e-05,-0.0025205480096934345,0.0013005070151987626,25.205480096934345,0.02366516681310582,0.02366516681310582,0
1.032,0.01,0.001,0.009928166211509885,-0.002539175850157255,0.0009327599196547787,0.009958009976403129,4.168299888065501e-05,-0.00048098217396064984,-2.9843764893244112e-05,-0.0025808588490379104,0.0014137420936154285,25.8085884903791,0.025740666512402477,0.025740666512402477,0
1.033,0.01,0.001,0.009925590328658083,-0.002612459444723695,0.0009823776165055064,0.009956781708560663,2.7392688324288847e-05,-0.0005498383101318276,-3.119137990257974e-05,-0.002639852133047984,0.001532215926637334,26.398521330479838,0.027896768464198196,0.027896768464198196,0
1.034,0.01,0.001,0.009922941552838004,-0.002684962386100119,0.001036205528104734,0.009955481862384222,1.2572143458161885e-05,-0.0006197236449860524,-3.2540309546217824e-05,-0.0026975345295582806,0.0016559291730907865,26.975345295582805,0.030132156652607378,0.030132156652607378,0
1.035,0.01,0.001,0.009920220662935604,-0.002756688177913154,0.0010943936408820594,0.009954109853872947,-2.774895162203158e-06,-0.0006904830385876015,-3.3889190937342814e-05,-0.002753913282750951,0.001784876679469661,27.53913282750951,0.032445408764292694,0.032445408764292694,0
1.036,0.01,0.001,0.009917428434424896,-0.0028276401412547607,0.0011570887998782198,0.00995266516079999,-1.864395840738355e-05,-0.0007619589658329812,-3.523672637509474e-05,-0.0028089961828473772,0.001919047765711201,28.089961828473772,0.034835004191737795,0.034835004191737795,0
1.037,0.01,0.001,0.009914565639547976,-0.0028978214197189936,0.0012244345186260951,0.009951147320665682,-3.502988286974428e-05,-0.0008339919824537482,-3.6581681117706447e-05,-0.0028627915368492495,0.0020584265010798433,28.627915368492495,0.03729933169125044,0.03729933169125044,0
1.038,0.01,0.001,0.009911633047489946,-0.0029672349845699976,0.0012965708047123692,0.009949555928711098,-5.192684427187122e-05,-0.0009064211657398002,-3.79228812211526e-05,-0.0029153081402981266,0.002202991970452169,29.153081402981265,0.03983669670754875,0.03983669670754875,0
1.039,0.01,0.001,0.009908631424548611,-0.003035883640024683,0.0013736340003223568,0.009947890635990081,-6.932839000124763e-05,-0.0009790845309659815,-3.925921144147006e-05,-0.0029665552500234356,0.002352718531288338,29.665552500234355,0.0424453283765267,0.0424453283765267,0
1.04,0.01,0.001,0.009905561534298845,-0.0031037700286343658,0.0014557566370950652,0.009946151147497938,-8.722747078467498e-05,-0.0010518194244722447,-4.0589613199092794e-05,-0.0030165425578496906,0.00250757606156731,30.165425578496905,0.04512338621734724,0.04512338621734724,0
1.041,0.01,0.001,0.00990242413775153,-0.003170896636750467,0.0015430673046391726,0.009944337220355008,-0.00010561647151599354,-0.0011244628943167005,-4.19130826034772e-05,-0.0030652801652344733,0.002667530198955873,30.65280165234473,0.04786896652472272,0.04786896652472272,0
1.042,0.01,0.001,0.009899219993506994,-0.003237265800060161,0.001635690532083609,0.00994244866204341,-0.0001244872412506501,-0.0011968520393903495,-4.3228668536414785e-05,-0.003112778558809511,0.0028325425714739584,31.127785588095108,0.05068010847192195,0.05068010847192195,0
1.043,0.01,0.001,0.00989594985790288,-0.0033028797091786068,0.0017337466820587242,0.009940485328695299,-0.00014383112238067818,-0.0012688243378529466,-4.4535470792419e-05,-0.0031590485867979286,0.0030025710199116707,31.590485867979286,0.05355479993465906,0.05355479993465906,0
1.044,0.01,0.001,0.009892614485156402,-0.0033677404152851185,0.0018373518565255335,0.009938447123431055,-0.00016363897900363876,-0.0013402179557208806,-4.583263827465274e-05,-0.0032041014362814797,0.003177569812246414,32.04101436281479,0.056490983045772936,0.056490983045772936,0
1.045,0.01,0.001,0.009889214627500958,-0.0034318498357913275,0.0019466178138914856,0.009936333994745814,-0.00018390122449906223,-0.0014108720364102703,-4.7119367244856034e-05,-0.003247948611292265,0.003357489850301756,33.57489850301756,0.05948655949026538,0.05948655949026538,0
1.046,0.01,0.001,0.009885751035317044,-0.0034952097600300666,0.0020616518968714394,0.009934145934942872,-0.00020460784832589224,-0.001480626972011494,-4.839489962582717e-05,-0.0032906019117041746,0.0035422788688829333,35.42278868882933,0.06253939554998933,0.06253939554998933,0
1.047,0.01,0.001,0.00988222445725749,-0.003557821854954323,0.0021825569705721834,0.009931882978612501,-0.00022574844205441066,-0.001549324657045376,-4.9658521355010546e-05,-0.0033320734128999127,0.0037318816276175593,37.31881627617559,0.06564732690693997,0.06564732690693997,0
1.048,0.01,0.001,0.009878635640366989,-0.003619687670836258,0.002309431370297759,0.009929545201154783,-0.00024731222464607384,-0.0016168087254259899,-5.09095607877947e-05,-0.003372375446190184,0.0039262400957237485,39.26240095723748,0.0688081632139248,0.0688081632139248,0
1.049,0.01,0.001,0.009874985330195929,-0.003680808646956839,0.0024423688585913836,0.009927132717345076,-0.00026928806699464097,-0.0016829247713303843,-5.2147387149146726e-05,-0.003411520579962198,0.004125293629921768,41.25293629921768,0.07201969244098994,0.07201969244098994,0
1.05,0.01,0.001,0.00987127427090855,-0.0037411861172772388,0.002581458591047489,0.009924645679940836,-0.0002916645157419121,-0.0017475205546518121,-5.337140903228545e-05,-0.003449521601535327,0.004328979145699302,43.289791456993015,0.07527968500582016,0.07527968500582016,0
1.051,0.01,0.001,0.009867503205385436,-0.0038008213160836703,0.00272678509044472,0.009922084278328495,-0.0003144298163813414,-0.001810446191690006,-5.4581072943059306e-05,-0.003486391499702329,0.004537231282134726,45.37231282134726,0.07858589769602808,0.07858589769602808,0
1.052,0.01,0.001,0.009863672875320386,-0.0038597153835978593,0.002878428228767469,0.009919448737209182,-0.0003375719356627012,-0.0018715543317095013,-5.577586188879567e-05,-0.0035221434479351583,0.00474998256047697,47.4998256047697,0.08193607739099207,0.08193607739099207,0
1.053,0.01,0.001,0.009859784021311681,-0.0039178693715458575,0.003036463216699681,0.009916739315322087,-0.00036107858331090514,-0.0019307003199754338,-5.695529401040546e-05,-0.0035567907882349523,0.004967163536675114,49.67163536675114,0.08532796459067171,0.08532796459067171,0
1.054,0.01,0.001,0.009855837382947829,-0.003975284248678372,0.0032009606001903368,0.009913956304204335,-0.0003849372330720225,-0.0019877423478552323,-5.811892125650621e-05,-0.00359034701560635,0.005188702948045569,51.88702948045569,0.0887592967586226,0.0887592967586226,0
1.055,0.01,0.001,0.009851833698887792,-0.004031960906236252,0.003371986263705258,0.009911100026986228,-0.0004091351430994027,-0.0020425415905540043,-5.92663280984361e-05,-0.0036228257631368494,0.005414527854259263,54.14527854259263,0.09222781148613901,0.09222781148613901,0
1.056,0.01,0.001,0.009847773706935792,-0.004087900163355209,0.0035496014397944854,0.009908170837220813,-0.0004336593756927566,-0.002094962333031847,-6.039713028502085e-05,-0.003654240787662452,0.0056445637728263325,56.44563772826332,0.09573124948430323,0.09573124948430323,0
1.057,0.01,0.001,0.009843658144110737,-0.004143102772404267,0.003733862724618764,0.009905169117746707,-0.00045849681640293497,-0.0021448720846320582,-6.151097363596945e-05,-0.0036846059560013324,0.005878734809250823,58.787348092508225,0.09926735741044901,0.09926735741044901,0
1.058,0.01,0.001,0.00983948774671036,-0.004197569424252851,0.003924822099092393,0.009902095279583193,-0.00048363419251503347,-0.002192141682930593,-6.260753287283365e-05,-0.003713935231737817,0.006116963782022986,61.16963782022986,0.10283389053536851,0.10283389053536851,0
1.059,0.01,0.001,0.009835263250370097,-0.004251300753461782,0.004122526955313019,0.009898949760856592,-0.0005090580909223504,-0.0022366453872991175,-6.368651048649539e-05,-0.0037422426625394315,0.006359172342612136,63.59172342612136,0.10642861525738834,0.10642861525738834,0
1.06,0.01,0.001,0.009830985390116856,-0.004304297343393862,0.004327020127961855,0.009895733025756989,-0.0005347549754036149,-0.002278260962656584,-6.474763564013296e-05,-0.0037695423679902475,0.006605281090618439,66.05281090618439,0.11004931146921404,0.11004931146921404,0
1.061,0.01,0.001,0.009826654900417673,-0.004356559731240021,0.004538339930370212,0.00989244556352439,-0.0005607112033157742,-0.002316869753867253,-6.57906631067167e-05,-0.003795848527924247,0.0068552096842374646,68.55209684237464,0.11369377478329756,0.11369377478329756,0
1.062,0.01,0.001,0.009822272515223426,-0.0044080884129573976,0.0047565201949603736,0.009889087887463439,-0.0005869130417145304,-0.0023523567512268103,-6.68153722400127e-05,-0.003821175371242867,0.007108876946187184,71.08876946187183,0.11735981862125033,0.11735981862125033,0
1.063,0.01,0.001,0.009817838968007626,-0.004458883848115998,0.004981590317780398,0.00988566053398581,-0.0006133466829146668,-0.002384610647462173,-6.782156597818362e-05,-0.003845537165201331,0.007366200965242571,73.66200965242571,0.12104527617268346,0.12104527617268346,0
1.064,0.01,0.001,0.009813354991800421,-0.004508946464650916,0.0052135753068638145,0.009882164061679506,-0.0006399982595020968,-0.0024135238866552647,-6.88090698790847e-05,-0.0038689482051488186,0.007627099193519079,76.27099193519079,0.12474800222863891,0.12474800222863891,0
1.065,0.01,0.001,0.009808821319217903,-0.004558276663517362,0.005452495834155986,0.009878599050404214,-0.0006668538588094398,-0.002438992705486244,-6.977773118631118e-05,-0.003891422804707922,0.00789148853964223,78.9148853964223,0.12846587489465922,0.12846587489465922,0
1.066,0.01,0.001,0.009804238682486793,-0.004606874823246063,0.005698368290759525,0.009874966100411968,-0.0006938995368667834,-0.002460917167176958,-7.072741792517497e-05,-0.00391297528637928,0.008159285457936483,81.59285457936483,0.13219679718832467,0.13219679718832467,0
1.067,0.01,0.001,0.009799607813464634,-0.00465474130439682,0.005951204845261304,0.009871265831492374,-0.0007211213318391701,-0.002479201188501641,-7.165801802773951e-05,-0.00393361997255765,0.008430406033762945,84.30406033762945,0.13593869852596097,0.13593869852596097,0
1.068,0.01,0.001,0.009794929443655578,-0.004701876453908297,0.006211013504913468,0.009867498882141673,-0.0007485052769622077,-0.00249375256021822,-7.256943848609441e-05,-0.0039533711769460895,0.008704766065131687,87.04766065131687,0.13968953610305235,0.13968953610305235,0
1.069,0.01,0.001,0.009790204304221877,-0.004748280609342339,0.006477798179450344,0.00986366590875494,-0.0007760374129870622,-0.0025044829612604824,-7.346160453306286e-05,-0.003972243196355277,0.008982281140710827,89.82281140710826,0.1434472961727451,0.1434472961727451,0
1.07,0.01,0.001,0.00978543312599118,-0.0047939541030213445,0.006751558747332393,0.009859767584840737,-0.0008037038001459551,-0.0025113079670186496,-7.433445884955613e-05,-0.00399025030287539,0.009262866714351043,92.62866714351043,0.14720999522669498,0.14720999522669498,0
1.071,0.01,0.001,0.00978061663945975,-0.004838897266057456,0.00703229112421722,0.009855804600257588,-0.000831490529649142,-0.0025141470520235547,-7.518796079783799e-05,-0.0040074067364083135,0.009546438176240775,95.46438176240774,0.15097568108232196,0.15097568108232196,0
1.072,0.01,0.001,0.009775755574791706,-0.004883110432272503,0.007319987333466188,0.00985177766047162,-0.0008593837347242169,-0.002512923587337877,-7.602208567991306e-05,-0.004023726697548286,0.009832910920804065,98.32910920804065,0.1547424338804797,0.1547424338804797,0
1.073,0.01,0.001,0.009770850661814398,-0.004926593942007876,0.007614635578503593,0.009847687485834767,-0.0008873696012084276,-0.002507564832946081,-7.683682402036957e-05,-0.004039224340799449,0.010122200411449674,101.22200411449674,0.1585083669973253,0.1585083669973253,0
1.074,0.01,0.001,0.009765902630010027,-0.004969348145823643,0.007916220316853248,0.009843534810882959,-0.0009154343777045585,-0.002498001925423838,-7.76321808729323e-05,-0.004053913768119085,0.010414222242277086,104.14222242277086,0.16227162787410787,0.16227162787410787,0
1.075,0.01,0.001,0.00976091220850363,-0.005011373408086445,0.008224722335685138,0.009839320383653694,-0.0009435643853107811,-0.0024841698611567,-7.840817515006489e-05,-0.004067809022775664,0.010708892196841837,107.08892196841836,0.1660303987684406,0.1660303987684406,0
1.076,0.01,0.001,0.009755880126047516,-0.0050526701104458525,0.008540118828712242,0.009835044965022459,-0.0009717460269347308,-0.002466007475367442,-7.916483897494296e-05,-0.004080924083511121,0.011006126304079685,110.06126304079685,0.1697828974305029,0.1697828974305029,0
1.077,0.01,0.001,0.009750807111002296,-0.005093238655199013,0.008862383474284842,0.009830709328057467,-0.0009999657962019167,-0.002443457417201334,-7.990221705517046e-05,-0.004093272858997096,0.011305840891486176,113.05840891486176,0.1735273777075106,0.1735273777075106,0
1.078,0.01,0.001,0.009745693891314605,-0.005133079468543596,0.009191486514536593,0.009826314257392181,-0.001028210285968435,-0.0024164661211088785,-8.062036607757624e-05,-0.00410486918257516,0.011607952635645472,116.0795263564547,0.17726213007965086,0.17726213007965086,0
1.079,0.01,0.001,0.009740541194491612,-0.005172193003719159,0.009527394835443318,0.00982186054861513,-0.0010564661964477919,-0.002384983774756006,-8.131935412351854e-05,-0.004115726807271367,0.011912378610199325,119.12378610199325,0.18098548213061072,0.18098548213061072,0
1.08,0.01,0.001,0.00973534974757246,-0.005210579744037214,0.009870072047662043,0.009817349007676512,-0.0010847203429615135,-0.00234896428368266,-8.199926010405215e-05,-0.0041258594010757,0.012219036331344704,122.19036331344704,0.18469579895569144,0.18469579895569144,0
1.081,0.01,0.001,0.009730120277096724,-0.005248240205800376,0.010219478568023957,0.009812780450311137,-0.0011129596633230473,-0.0023083652329216843,-8.266017321441332e-05,-0.0041352805424773285,0.01252784380094564,125.2784380094564,0.1883914835103626,0.1883914835103626,0
1.082,0.01,0.001,0.009724853509070009,-0.005285174941111119,0.010575571701561044,0.009808155701477275,-0.0011411712248643356,-0.0022631478457815764,-8.330219240726584e-05,-0.0041440037162467835,0.012838719547342621,128.3871954734262,0.19207097690209984,0.19207097690209984,0
1.083,0.01,0.001,0.00971955016892678,-0.005321384540570748,0.010938305723951961,0.009803475594810887,-0.0011693422311142869,-0.0022132769399883195,-8.392542588410781e-05,-0.004152042309456461,0.013151582663940281,131.5158266394028,0.19573275862816963,0.19573275862816963,0
1.084,0.01,0.001,0.009714210981490572,-0.005356869635869338,0.01130763196427834,0.009798740972094917,-0.0011974600281382088,-0.002158720881373354,-8.452999060434493e-05,-0.0041594096077311295,0.013466352845651694,134.66352845651693,0.19937534676194968,0.19937534676194968,0
1.085,0.01,0.001,0.00970883667093165,-0.005391630902267446,0.011683498887988055,0.009793952682743152,-0.001225512110547135,-0.0020994515352871996,-8.51160118115011e-05,-0.004166118791720311,0.013782950423275254,137.82950423275253,0.2029972980903052,0.2029972980903052,0
1.086,0.01,0.001,0.009703427960722238,-0.005425669060970528,0.01206585217996727,0.009789111583298298,-0.0012534861271858225,-0.002035444215910696,-8.568362257605974e-05,-0.004172182933784706,0.014101296395877967,141.01296395877966,0.20659720820442118,0.20659720820442118,0
1.087,0.01,0.001,0.00969798557358943,-0.005458984881397071,0.012454634827628019,0.009784218536943858,-0.0012813698865080574,-0.0019666776336286222,-8.62329633544278e-05,-0.004177614994889014,0.014421312461256641,144.2131246125664,0.2101737115464406,0.2101737115464406,0
1.088,0.01,0.001,0.009692510231465891,-0.005491579183341504,0.012849787203923017,0.009779274413029457,-0.0013091513616477494,-0.0018931338406233816,-8.676418156356586e-05,-0.0041824278216937546,0.014742921044546399,147.42921044546398,0.21372548141411318,0.21372548141411318,0
1.089,0.01,0.001,0.009687002655438441,-0.005523452839033084,0.013251247150203937,0.009774280086609235,-0.0013368186951941592,-0.0018147981748398508,-8.72774311707937e-05,-0.004186634143838925,0.015066045325043787,150.66045325043785,0.21725122992565193,0.21725122992565193,0
1.09,0.01,0.001,0.009681463565694635,-0.005554606775091953,0.013658950058843954,0.009769236437992976,-0.0013643602036794494,-0.0017316592024658147,-8.777287229834105e-05,-0.004190246571412504,0.015390609261309769,153.90609261309768,0.22074970794685544,0.22074970794685544,0
1.091,0.01,0.001,0.009675893681467436,-0.005585041974383686,0.014072828955549642,0.009764144352309606,-0.0013917643817866164,-0.0016437086590662536,-8.82506708421698e-05,-0.00419327759259707,0.015716537614615896,157.16537614615893,0.22421970498252541,0.22421970498252541,0
1.092,0.01,0.001,0.009670293720978083,-0.0056147594777736605,0.014492814581291497,0.009759004719082764,-0.0014190199062857013,-0.0015509413895035014,-8.871099810468103e-05,-0.004195739571487959,0.016043755970795,160.43755970795,0.22766004903407566,0.22766004903407566,0
1.093,0.01,0.001,0.009664664401377253,-0.00564376038578269,0.014918835473786302,0.009753818431818105,-0.0014461156397060553,-0.0014533552867696611,-8.915403044085224e-05,-0.004197644746076635,0.016372190760555964,163.72190760555964,0.23106960642523067,0.23106960642523067,0
1.094,0.01,0.001,0.009659006438684625,-0.005672045860145345,0.015350818048468462,0.009748586387602029,-0.001473040633752278,-0.0013509512298517782,-8.957994891740408e-05,-0.004199005226393067,0.01670176927832024,167.0176927832024,0.23444728159757044,0.23444728159757044,0
1.095,0.01,0.001,0.009653320547726921,-0.005699617125272496,0.015788686678891103,0.009743309486711548,-0.0014997841324713057,-0.0012437330207448916,-8.998893898462708e-05,-0.004199832992801191,0.017032419699635995,170.32419699635994,0.23779201687766527,0.23779201687766527,0
1.096,0.01,0.001,0.009647607442074543,-0.0057264754696196105,0.01623236377650126,0.009737988632234977,-0.0015263355751780048,-0.001131707320722866,-9.038119016043476e-05,-0.004200139894441606,0.017364071097224126,173.64071097224127,0.24110279221745579,0.24110279221745579,0
1.097,0.01,0.001,0.009641867833976876,-0.0057526222469623965,0.01668176986973702,0.009732624729703213,-0.0015526845991464574,-0.0010148835859716218,-9.075689572633772e-05,-0.004199937647815939,0.017696653455708644,176.96653455708642,0.24437862490945683,0.24437862490945683,0
1.098,0.01,0.001,0.009636102434296374,-0.005778058877581411,0.017136823682397606,0.00972721868673127,-0.0015788210420740279,-0.0008932740026847757,-9.111625243489636e-05,-0.0041992378355073835,0.01803009768508238,180.30097685082382,0.24761856927833126,0.24761856927833126,0
1.099,0.01,0.001,0.009630311952441498,-0.005802786849357293,0.017597442211240658,0.009721771412669859,-0.0016047349443251186,-0.0007668934217166151,-9.145946022836096e-05,-0.004198051905032174,0.018364335632957272,183.64335632957273,0.2508217163503135,0.2508217163503135,0
1.1,0.01,0.001,0.009624497096298602,-0.005826807718778284,0.01806354080276402,0.009716283818266735,-0.0016304165509614245,-0.0006357592928830055,-9.17867219681328e-05,-0.00419639116781686,0.018699300095647027,186.99300095647027,0.25398719350187093,0.25398719350187093,0
1.101,0.01,0.001,0.009618658572162866,-0.005850123111861766,0.018535033229132167,0.009710756815337555,-0.001655856313565347,-0.0004998915989963802,-9.209824317468925e-05,-0.004194266798296419,0.019034924828128547,190.34924828128547,0.25711416408900334,0.25711416408900334,0
1.102,0.01,0.001,0.00961279708466833,-0.00587273472499151,0.019011831763210262,0.00970519131644603,-0.001681044891863087,-0.00035931278971654973,-9.239423177769858e-05,-0.004191689833128422,0.019371144552926812,193.7114455292681,0.26020182705844874,0.26020182705844874,0
1.103,0.01,0.001,0.009606913336717152,-0.005894644325672409,0.019493847252671514,0.009699588234593106,-0.0017059731551538292,-0.00021404771529524684,-9.267489787595333e-05,-0.00418867117051858,0.01970789496796676,197.07894967966757,0.2632494165420818,0.2632494165420818,0
1.104,0.01,0.001,0.009601008029408142,-0.005915853753204433,0.019980989193146104,0.009693948482914997,-0.0017306321835512714,-6.412356028809708e-05,-9.294045350685502e-05,-0.004185221569653162,0.0200451127534342,200.451127534342,0.26625620143568796,0.26625620143568796,0
1.105,0.01,0.001,0.00959508186196466,-0.00593636491927759,0.02047316580038234,0.009688272974389792,-0.0017550132690436508,9.043022269589434e-05,-9.319111242513285e-05,-0.004181351650233939,0.020382735577686443,203.8273557768644,0.26922148496327836,0.26922148496327836,0
1.106,0.01,0.001,0.009589135531661958,-0.005956179808489669,0.02097028408139314,0.00968256262155247,-0.0017791079163782717,0.0002495819791410085,-9.34270898905118e-05,-0.004177071892111398,0.02072070210225213,207.2070210225213,0.2721446042280622,0.2721446042280622,0
1.107,0.01,0.001,0.009583169733754053,-0.005975300478788559,0.021472249904563274,0.009676818336218092,-0.001802907843776427,0.0004132979186048157,-9.364860246403872e-05,-0.004172392635012132,0.021058951985958457,210.58951985958456,0.27502492975111714,0.27502492975111714,0
1.108,0.01,0.001,0.009577185161400185,-0.005993729061840942,0.021978968068694715,0.00967104102921299,-0.0018264049834844725,0.0005815421804720939,-9.385586781280458e-05,-0.004167324078356469,0.02139742588822262,213.9742588822262,0.2778618649988118,0.2778618649988118,0
1.109,0.01,0.001,0.009571182505590936,-0.006011467763329141,0.0224903423709699,0.009665231610113725,-0.0018495914821666946,0.000754276899426523,-9.404910452278856e-05,-0.004161876281162446,0.021736065471543376,217.36065471543375,0.28065484589992007,0.28065484589992007,0
1.11,0.01,0.001,0.009565162455074102,-0.006028518863177961,0.023006275673814375,0.00965939098699368,-0.0018724597011454925,0.0009314622705871274,-9.422853191957785e-05,-0.004156059162032468,0.02207481340322725,220.74813403227247,0.2834033403533871,0.2834033403533871,0
1.111,0.01,0.001,0.009559125696280367,-0.00604488471571328,0.023526669970642365,0.00965352006617704,-0.0018950022164942765,0.001113056614259456,-9.439436989667344e-05,-0.0041498824992190035,0.022413613356382908,224.13613356382908,0.2861068477276474,0.2861068477276474,0
1.112,0.01,0.001,0.009553072913248842,-0.00606056774975422,0.02405142645047064,0.009647619752000033,-0.0019172118189883524,0.0012990164402545694,-9.454683875119094e-05,-0.004143355930765868,0.02275241001021607,227.5241001021607,0.2887648983523272,0.2887648983523272,0
1.113,0.01,0.001,0.009547004787552564,-0.006075570468640677,0.02458044556138768,0.009641690946579242,-0.0019390815139189678,0.001489296511731434,-9.468615902667732e-05,-0.0041364889547217095,0.023091149049656246,230.91149049656246,0.2913770530031803,0.2913770530031803,0
1.114,0.01,0.001,0.009540921998223978,-0.006089895450197996,0.025113627072866948,0.009635734549586808,-0.001960604520775564,0.0016838499085212444,-9.481255136283007e-05,-0.004129290929422432,0.023429777164345703,234.29777164345703,0.29394290238102005,0.29394290238102005,0
1.115,0.01,0.001,0.0095348252216805,-0.006103545346640581,0.025650870136914566,0.00962975145803239,-0.001981774272801171,0.0018826280898946689,-9.492623635188983e-05,-0.00412177107383941,0.023768242047019897,237.68242047019896,0.2964620665854172,0.2964620665854172,0
1.116,0.01,0.001,0.0095287151316502,-0.006116522884416206,0.02619207334804325,0.009623742566051691,-0.002002584416425763,0.002085580956735555,-9.502743440149147e-05,-0.0041139384679904425,0.024106492391307695,241.06492391307694,0.2989341945838575,0.2989341945838575,0
1.117,0.01,0.001,0.009522592399097668,-0.006128830863992785,0.026737134802065795,0.009617708764701423,-0.002023028810582297,0.002292656913086973,-9.511636560375486e-05,-0.004105802053410488,0.02444447788897882,244.44477888978818,0.30135896367707193,0.30135896367707193,0
1.118,0.01,0.001,0.009516457692150128,-0.006140472159589357,0.02728595215370282,0.009611650941760546,-0.002043101525910027,0.002503802927037848,-9.519324961041777e-05,-0.004097370633679329,0.02478214922666497,247.8214922666497,0.30373607896116717,0.30373607896116717,0
1.119,0.01,0.001,0.00951031167602384,-0.006151449718853019,0.027838422673000743,0.009605569981537644,-0.0020627968438496013,0.0027189645909205594,-9.525830551380433e-05,-0.004088652875003417,0.025119458082080184,251.19458082080183,0.306065272787194,0.306065272787194,0
1.12,0.01,0.001,0.009504155012950858,-0.006161766562483533,0.028394443300557227,0.009599466764684303,-0.002082109255634321,0.0029380861807920505,-9.531175173344529e-05,-0.004079657306849211,0.025456357119765176,254.56357119765175,0.3083463042187331,0.3083463042187331,0
1.121,0.01,0.001,0.009497988362106188,-0.006171425783807313,0.028953910701552555,0.009593342168014324,-0.0021010334611818566,0.003161110715172961,-9.535380590813651e-05,-0.004070392322625457,0.025792799986379594,257.92799986379595,0.31057895848809824,0.31057895848809824,0
1.122,0.01,0.001,0.009491812379535386,-0.0061804305483024805,0.02951672131858652,0.009587197064328685,-0.002119564367890598,0.0033879800130213996,-9.53846847932989e-05,-0.004060866180411882,0.026128741305565122,261.2874130556512,0.3127630464516429,0.3127630464516429,0
1.123,0.01,0.001,0.009485627718082677,-0.0061887840930766715,0.030082771423321445,0.009581032322246066,-0.0021376970893447296,0.0036186347509195574,-9.540460416338978e-05,-0.004051087003731942,0.026464136672401887,264.64136672401884,0.3148984040447411,0.3148984040447411,0
1.124,0.01,0.001,0.00947943502731959,-0.006196489726299247,0.03065195716693305,0.009574848806038882,-0.0021554269439319927,0.0038530145194535653,-9.541377871929123e-05,-0.004041062782367254,0.026798942647479486,267.98942647479487,0.3169848917368707,0.3169848917368707,0
1.125,0.01,0.001,0.009473234953474217,-0.006203550826589544,0.03122417462937179,0.009568647375474613,-0.0021727494533780537,0.00409105787876818,-9.541242200039601e-05,-0.00403080137321149,0.027133116750603613,271.33116750603614,0.3190223939873178,0.3190223939873178,0
1.1260000000000001,0.01,0.001,0.009467028139361065,-0.006209970842362793,0.03179931986743821,0.009562428885662397,-0.0021896603412012235,0.004332702413280109,-9.540074630133219e-05,-0.00402031050116157,0.027466617454158102,274.66617454158103,0.3210108187019083,0.3210108187019083,0
1.127,0.01,0.001,0.009460815224311624,-0.0062157532911352965,0.032377288961676826,0.009556194186904713,-0.00220615553109126,0.0045778847855348585,-9.53789625930887e-05,-0.0040095977600440365,0.02779940417614197,277.9940417614197,0.32295009669118535,0.32295009669118535,0
1.1280000000000001,0.01,0.001,0.00945459684410562,-0.006220901758790444,0.03295797806209368,0.009549944124554057,-0.002222231145215828,0.004826540789193823,-9.534728044843788e-05,-0.003998670613574616,0.02813143727289986,281.3143727289986,0.3248401811304431,0.3248401811304431,0
1.129,0.01,0.001,0.00944837363090303,-0.006225419898807123,0.03354128343270377,0.009543679538874512,-0.0022378835024581337,0.005078605401139606,-9.530590797148138e-05,-0.003987536396348989,0.02846267803156416,284.62678031564155,0.32668104702198697,0.32668104702198697,0
1.1300000000000001,0.01,0.001,0.009442146213176891,-0.0062293114314520715,0.03412710149491494,0.009537401264908077,-0.002253109116589148,0.005334012832689027,-9.5255051731186e-05,-0.003976202314862924,0.028793088662225914,287.93088662225915,0.3284726906599573,0.3284726906599573,0
1.131,0.01,0.001,0.009435915215646929,-0.006232580142937661,0.0347153288697559,0.009531110132345694,-0.0022679046943777518,0.005592696579904508,-9.519491669876534e-05,-0.00396467544855991,0.029122632289851395,291.22632289851396,0.3302151290980726,0.3302151290980726,0
1.1320000000000001,0.01,0.001,0.009429681259214043,-0.0062352298845466305,0.03530586241895632,0.009524806965402819,-0.0022822671336420347,0.005854589472995849,-9.512570618877558e-05,-0.003952962750904596,0.02945127294596047,294.5127294596047,0.33190839962059915,0.33190839962059915,0
1.133,0.01,0.001,0.0094234449608957,-0.006237264571725202,0.03589859928488788,0.009518492582699472,-0.002296193521244916,0.006119623724805568,-9.504762180377255e-05,-0.003941071050480286,0.029778975560082313,297.7897556008231,0.3335525592168507,0.3335525592168507,0
1.1340000000000001,0.01,0.001,0.009417206933762221,-0.006238688183146064,0.03649343692937553,0.009512167797144665,-0.002309681131037144,0.0063877309783722195,-9.49608633824435e-05,-0.0039290070521089205,0.030105705951003314,301.0570595100331,0.3351476840594758,0.3351476840594758,0
1.135,0.01,0.001,0.009410967786874046,-0.006239504759742599,0.0370902731713888,0.009505833415825102,-0.002322727421750672,0.006658842353566976,-9.48656289510557e-05,-0.003916777337991927,0.030431430817821823,304.3143081782182,0.3366938689868304,0.3366938689868304,0
1.1360000000000001,0.01,0.001,0.00940472812521996,-0.006239718403715779,0.03768900622362357,0.009499490239898049,-0.00233533003484532,0.006932888492800024,-9.476211467808818e-05,-0.003904388368870459,0.030756117730823544,307.5611773082354,0.3381912269896663,0.3381912269896663,0
1.137,0.01,0.001,0.009398488549656343,-0.006239333277515093,0.03828953472798513,0.009493139064488329,-0.00234748679231153,0.007209799605794309,-9.465051483198601e-05,-0.003891846485203563,0.03107973512219082,310.7973512219082,0.3396398887023597,0.3396398887023597,0
1.1380000000000001,0.01,0.001,0.00939224965684743,-0.006238353602794849,0.038891757789983786,0.009486780678589296,-0.0023591956944319895,0.007489505513424893,-9.453102174186538e-05,-0.0038791579083628596,0.03140225227655889,314.0225227655889,0.3410400018989046,0.3410400018989046,0
1.139,0.01,0.001,0.009386012039206644,-0.006236783659347166,0.03949557501205474,0.009480415864967746,-0.0023704549175047732,0.007771935690623305,-9.44038257611017e-05,-0.003866328741842393,0.031723639321431435,317.2363932143143,0.342391730993878,0.342391730993878,0
1.1400000000000001,0.01,0.001,0.009379776284839,-0.00623462778401297,0.0401008865258143,0.009474045400072649,-0.0023812628115306134,0.008057019308346982,-9.426911523364827e-05,-0.003853364972482357,0.03204386721746731,320.4386721746731,0.34369525654857025,0.34369525654857025,0
1.141,0.01,0.001,0.009373542977484611,-0.0062318903695722455,0.040707593023264835,0.009467670053947658,-0.0023916178978668086,0.008344685274614898,-9.41270764630471e-05,-0.003840272471705437,0.03236290774864994,323.62907748649934,0.344950774782423,0.344950774782423,0
1.1420000000000001,0.01,0.001,0.009367312696463308,-0.0062285758636147995,0.04131559578696126,0.00946129059014726,-0.0024015188668502305,0.008634862274610905,-9.397789368395179e-05,-0.003827056996764569,0.03268073351235035,326.8073351235035,0.3461584970899958,0.3461584970899958,0
1.143,0.01,0.001,0.009361086016620406,-0.006224688767392764,0.04192479671915207,0.009454907765656556,-0.0024109645753917957,0.008927478809857501,-9.382174903614995e-05,-0.003813724192000968,0.03299731790929457,329.97317909294566,0.34731864956354563,0.34731864956354563,0
1.1440000000000001,0.01,0.001,0.00935486350827362,-0.006220233634656015,0.04253509836990831,0.009448522330814528,-0.002419954044544721,0.009222463236462914,-9.365882254090685e-05,-0.0038002795901112938,0.0333126351334454,333.126351334454,0.34843147252142703,0.34843147252142703,0
1.145,0.01,0.001,0.00934864573716116,-0.006215215070471693,0.04314640396425401,0.009442135029240779,-0.0024284864570487895,0.009519743802445585,-9.348929207961959e-05,-0.0037867286134229037,0.033626660161808423,336.2666016180842,0.34949722004236516,0.34949722004236516,0
1.1460000000000001,0.01,0.001,0.009342433264391003,-0.006209637730028968,0.043758617428311844,0.009435746597765624,-0.0024365611548528092,0.009819248684140233,-9.33133333746207e-05,-0.003773076575176159,0.03393936874417161,339.3936874417161,0.3505161595057995,0.3505161595057995,0
1.147,0.01,0.001,0.009336226646391381,-0.006203506317430154,0.044371643414478225,0.00942935776636348,-0.0024441776366173652,0.010120906021690712,-9.313111997209973e-05,-0.003759328680812789,0.034250737392787514,342.5073739278751,0.3514885711383329,0.3514885711383329,0
1.1480000000000001,0.01,0.001,0.009330026434862478,-0.006196825584469296,0.044985387325641786,0.009422969258089508,-0.0024513355551999015,0.01042464395363509,-9.294282322703032e-05,-0.003745490029269395,0.034560743372006694,345.6074337200669,0.352414747566435,0.352414747566435,0
1.149,0.01,0.001,0.009323833176729352,-0.00618960032939927,0.04559975533845981,0.009416581789019387,-0.002458034715124122,0.010730390650589127,-9.274861229003478e-05,-0.003731565614275148,0.03486936468787068,348.6936468787068,0.3532949933754468,0.3532949933754468,0
1.1500000000000001,0.01,0.001,0.00931764741409609,-0.006181835395688458,0.04621465442570697,0.009410196068192194,-0.002464275070035615,0.011038074348034662,-9.254865409610326e-05,-0.0037175603256528428,0.03517658007767231,351.7658007767231,0.35412962467501163,0.35412962467501163,0
1.151,0.01,0.001,0.009311469684201231,-0.006173535670768006,0.04682999237771117,0.009403812797556317,-0.002470056720145565,0.01134762337821997,-9.234311335508567e-05,-0.003703478950622441,0.0354823689994912,354.82368999491194,0.35491896867094486,0.35491896867094486,0
1.1520000000000001,0.01,0.001,0.009305300519374423,-0.006164706084770678,0.047445677822891094,0.00939743267191832,-0.002475379909664339,0.011658966201179595,-9.213215254389763e-05,-0.0036893261751063393,0.0357867116217115,357.867116217115,0.3556633632436563,0.3556633632436563,0
1.153,0.01,0.001,0.009299140446994359,-0.006155351609262247,0.0480616202474104,0.009391056378894718,-0.0024802450242266865,0.011972031434881472,-9.191593190035867e-05,-0.003675106585035561,0.036089588812528925,360.8958881252892,0.35636315653314554,0.35636315653314554,0
1.154,0.01,0.001,0.009292989989447983,-0.006145477255966402,0.048677730013963416,0.009384684598866587,-0.0024846525883102395,0.012286747884509638,-9.169460941860393e-05,-0.003660824667656162,0.036390982129453776,363.9098212945377,0.35701870653061807,0.35701870653061807,0
1.155,0.01,0.001,0.00928684966409097,-0.00613508807548406,0.049293918379707376,0.009378318004936955,-0.0024886032626489293,0.01260304457089106,-9.146834084598592e-05,-0.003646484812835131,0.03669087380881632,366.90873808816315,0.35763038067678643,0.35763038067678643,0
1.156,0.01,0.001,0.009280719983209486,-0.006124189156008015,0.04991009751335616,0.009371957262890902,-0.0024920978416428942,0.012920850758075622,-9.123727968141614e-05,-0.003632091314365121,0.036989246755280536,369.89246755280533,0.35819855546685453,0.35819855546685453,0
1.157,0.01,0.001,0.00927460145398325,-0.006112785622033757,0.05052618051145059,0.00936560303115834,-0.002495137250766386,0.013240095980078434,-9.100157717508925e-05,-0.003617648371267371,0.03728608453137215,372.8608453137215,0.35872361606222647,0.35872361606222647,0
1.158,0.01,0.001,0.009268494578449872,-0.006100882633067352,0.05114208141382047,0.009359255960779382,-0.002497722543975156,0.013560710066793985,-9.076138232951003e-05,-0.003603160089092196,0.037581371347026486,375.8137134702649,0.3592059559089593,0.3592059559089593,0
1.159,0.01,0.001,0.009262399853470486,-0.006088485382331174,0.05175771521825332,0.009352916695372257,-0.002499854901114714,0.013882623169091963,-9.051684190177108e-05,-0.00358863048121646,0.037875092049161355,378.75092049161356,0.3596459763629696,0.3596459763629696,0
1.16,0.01,0.001,0.00925631777069669,-0.006075599095468315,0.05237299789438493,0.009346585871103746,-0.0025015356253308297,0.014205765783104781,-9.026810040705519e-05,-0.003574063470137485,0.03816723211128015,381.67232111280146,0.36004408632198803,0.36004408632198803,0
1.161,0.01,0.001,0.009250248816538766,-0.006062229029246448,0.0529878463968268,0.009340264116662018,-0.002502766140483604,0.01453006877371695,-9.001530012325148e-05,-0.003559462888762844,0.03845777762310985,384.5777762310984,0.3604007018642905,0.3604007018642905,0
1.162,0.01,0.001,0.009244193472135205,-0.006048380470261888,0.053602178677545506,0.009333952053231885,-0.002503547988566349,0.01485546339726689,-8.975858109668e-05,-0.0035448324816955393,0.038746715280278614,387.46715280278613,0.3607162458941744,0.3607162458941744,0
1.163,0.01,0.001,0.009238152213323534,-0.006034058733644609,0.05421591369750897,0.009327650294472384,-0.002503882827130521,0.01518188132347175,-8.949808114885015e-05,-0.0035301759065140877,0.03903403237403722,390.3403237403722,0.36099114779417896,0.36099114779417896,0
1.164,0.01,0.001,0.009232125510612412,-0.006019269161764899,0.05482897143761457,0.009321359446496634,-0.0025037724267178638,0.015509254656586029,-8.923393588422188e-05,-0.0035154967350470353,0.03931971678102854,393.19716781028535,0.3612258430840454,0.3612258430840454,0
1.165,0.01,0.001,0.009226113829155051,-0.006004017122942379,0.05544127290891395,0.009315080107853948,-0.0025032186683009022,0.015837515955804952,-8.896627869889664e-05,-0.0035007984546414767,0.039603756953109,396.03756953108996,0.3614207730863894,0.3614207730863894,0
1.166,0.01,0.001,0.009220117628723908,-0.005988308010158025,0.05605274016214952,0.009308812869514115,-0.002502223540732864,0.01616659825492375,-8.869524079020696e-05,-0.003486084469425161,0.03988614190722577,398.86141907225766,0.3615763845990543,0.3615763845990543,0
1.167,0.01,0.001,0.009214137363686658,-0.005972147239769854,0.05666329629661704,0.00930255831485383,-0.0025007891382080715,0.016496435081263965,-8.842095116717158e-05,-0.0034713581015617823,0.040166861215353074,401.6686121535307,0.36169312957415034,0.36169312957415034,0
1.168,0.01,0.001,0.009208173482983464,-0.005955540250232903,0.05727286546836935,0.00929631701964521,-0.0024989176577338143,0.016826960473878196,-8.814353666174515e-05,-0.0034566225924990883,0.040445904994491154,404.4590499449115,0.3617714648037005,0.3617714648037005,0
1.169,0.01,0.001,0.009202226430105521,-0.005938492500824098,0.05788137289777554,0.009290089552046365,-0.002496611396614653,0.01715810900104457,-8.786312194084336e-05,-0.0034418811042094453,0.04072326389673098,407.23263896730975,0.36181185161190665,0.36181185161190665,0
1.17,0.01,0.001,0.009196296643074864,-0.005921009470372615,0.05848874487645015,0.009283876472593959,-0.0024938727499500806,0.017489815777062566,-8.757982951909486e-05,-0.003427136720422534,0.040998929099387585,409.98929099387584,0.36181475555397036,0.36181475555397036,0
1.171,0.01,0.001,0.009190384554425444,-0.005903096655996264,0.05909490877356673,0.009277678334197731,-0.002490704208146421,0.017822016478361628,-8.729377977228711e-05,-0.0034123924478498434,0.0412728922952051,412.728922952051,0.3617806461214279,0.3617806461214279,0
1.172,0.01,0.001,0.009184490591185483,-0.00588475957184449,0.05969979304157005,0.009271495682136933,-0.0024871083544438168,0.018154647358934174,-8.70050909514506e-05,-0.003397651217400673,0.04154514568263587,415.4514568263587,0.36170999645397384,0.36170999645397384,0
1.173,0.01,0.001,0.009178615174861052,-0.005866003747848469,0.060303327221301044,0.00926532905405862,-0.0024830878624591017,0.018487645265104748,-8.67138791975676e-05,-0.003382915885389367,0.041815681956196296,418.15681956196295,0.36160328305770584,0.36160328305770584,0
1.174,0.01,0.001,0.009172758721420921,-0.005846834728478839,0.060905441946548615,0.009259178979977791,-0.002478645493745338,0.018820947649646886,-8.64202585568706e-05,-0.0033681892347335015,0.042084494296901725,420.8449429690172,0.3614609855297548,0.3614609855297548,0
1.175,0.01,0.001,0.009166921641282633,-0.00582725807151154,0.06150606894804206,0.009253045982279298,-0.0024737840953687608,0.019154492585259416,-8.612434099666486e-05,-0.003353473976142779,0.04235157636278264,423.51576362782635,0.36128358628923696,0.36128358628923696,0
1.176,0.01,0.001,0.009161104339299812,-0.005807279346802228,0.06210514105689796,0.009246930575721495,-0.0024685065975038212,0.0194882187774139,-8.582623642168323e-05,-0.0033387727492984066,0.04261692227948406,426.1692227948406,0.3610715703144898,0.3610715703144898,0
1.177,0.01,0.001,0.009155307214750696,-0.005786904135069725,0.06270259220753521,0.009240833267441613,-0.002462816011047005,0.01982206557658495,-8.552605269091657e-05,-0.0033240881240227203,0.042880526630950266,428.80526630950266,0.36082542488651637,0.36082542488651637,0
1.178,0.01,0.001,0.009149530661327877,-0.005766138026688932,0.06329835744007148,0.009234754556962774,-0.0024567154252500625,0.020155972989875065,-8.52238956348967e-05,-0.0033094226014388694,0.043142384450196414,431.42384450196414,0.36054563933859196,0.36054563933859196,0
1.179,0.01,0.001,0.009143775067129241,-0.005744986620493615,0.06389237290221472,0.00922869493620265,-0.002450208005373258,0.020489881692045697,-8.4919869073408e-05,-0.0032947786151203574,0.04340249121016902,434.0249121016902,0.3602327048119669,0.3602327048119669,0
1.18,0.01,0.001,0.009138040814650108,-0.005723455522589471,0.06448457585066263,0.009222654889483688,-0.002443296990359212,0.020823733035966175,-8.461407483358052e-05,-0.0032801585322302595,0.043660842814696454,436.6084281469645,0.3598871140176092,0.3598871140176092,0
1.181,0.01,0.001,0.009132328280776543,-0.005701550345177845,0.06507490465202337,0.00921663489354492,-0.0024359856905278787,0.021157469062492145,-8.430661276837698e-05,-0.0032655646546499665,0.04391743558953122,439.1743558953122,0.3595093610039086,0.3595093610039086,0
1.182,0.01,0.001,0.009126637836779852,-0.005679276705390477,0.06566329878327022,0.009210635417555235,-0.0024282774852931867,0.021491032509785003,-8.399758077538323e-05,-0.0032509992200972907,0.04417226627348522,441.7226627348522,0.35909994093030395,0.35909994093030395,0
1.183,0.01,0.001,0.009120969848312222,-0.00565664022413561,0.06624969883174306,0.009204656923128178,-0.00242017582090181,0.021824366822084024,-8.36870748159562e-05,-0.0032364644032338,0.044425332009659035,444.25332009659036,0.35865934984672787,0.35865934984672787,0
1.184,0.01,0.001,0.00911532467540352,-0.005633646524955795,0.06683404649470906,0.009198699864338158,-0.0024116842081945557,0.022157416157942467,-8.337518893463715e-05,-0.0032219623167612393,0.044676630336766596,446.76630336766596,0.3581880844788321,0.3581880844788321,0
1.185,0.01,0.001,0.009109702672459231,-0.0056103012328977174,0.06741628457849524,0.009192764687738069,-0.0024028062203907802,0.02249012539793918,-8.306201527883729e-05,-0.003207495012506937,0.04492615918055606,449.2615918055606,0.3576866420189164,0.3576866420189164,0
1.186,0.01,0.001,0.009104104188259498,-0.005586609973394341,0.06799635699720495,0.009186851832378287,-0.0023935454908962516,0.02282244015187706,-8.274764411878889e-05,-0.0031930644824980895,0.04517391684532789,451.7391684532789,0.3571555199224852,0.3571555199224852,0
1.187,0.01,0.001,0.009098529565959308,-0.005562578371159646,0.06857420877103035,0.009180961729826997,-0.0023839057111348415,0.02315430676547952,-8.243216386768885e-05,-0.0031786726600248044,0.04541990200555083,454.19902005550824,0.35659521571035047,0.35659521571035047,0
1.188,0.01,0.001,0.009092979143089742,-0.005538212049096243,0.06914978602417295,0.00917509480419183,-0.0023738906284043963,0.023485672326596353,-8.211566110208693e-05,-0.003164321420691847,0.04566411369757659,456.6411369757659,0.3560062267762367,0.3560062267762367,0
1.189,0.01,0.001,0.009087453251560339,-0.005513516627216118,0.06972303598238383,0.009169251472142755,-0.0023635040437571327,0.023816484670929883,-8.179822058241616e-05,-0.0031500125834589853,0.04590655131145395,459.0655131145395,0.3553890501997943,0.3553890501997943,0
1.19,0.01,0.001,0.009081952217662512,-0.00548849772157474,0.07029390697013516,0.009163432142936235,-0.002352749809904855,0.02414669238729262,-8.147992527372284e-05,-0.0031357479116698853,0.04614721458284254,461.47214582842537,0.3547441825649349,0.3547441825649349,0
1.191,0.01,0.001,0.009076476362074041,-0.0054631609432187755,0.0708623484074343,0.009157637218440562,-0.0023416318291492916,0.02447624482240718,-8.116085636652136e-05,-0.003121529114069484,0.04638610358502712,463.8610358502712,0.3540721197834493,0.3540721197834493,0
1.192,0.01,0.001,0.00907102599986459,-0.005437511897147608,0.07142831080629204,0.009151867093162378,-0.002330154051337814,0.02480509208525948,-8.08410932977878e-05,-0.003107357845809794,0.04662321872103256,466.2321872103256,0.35337335692381,0.35337335692381,0
1.193,0.01,0.001,0.009065601440502282,-0.005411556181288879,0.0719917457668556,0.00914612215427435,-0.002318320471844776,0.025133185051015795,-8.052071377206808e-05,-0.0030932357094441035,0.04685856071583981,468.5856071583981,0.3526483880450666,0.3526483880450666,0
1.194,0.01,0.001,0.009060202987861265,-0.005385299385488228,0.07255260597321757,0.009140402781643929,-0.0023061351295787097,0.02546047536451433,-8.019979378266415e-05,-0.003079164255909518,0.047092130608703237,470.92130608703235,0.35189770603580683,0.35189770603580683,0
1.195,0.01,0.001,0.009054830940230301,-0.005358747090513409,0.07311084518891145,0.009134709347863226,-0.002293602105015569,0.02578691544334198,-7.987840763292418e-05,-0.0030651449854978397,0.04732392974556947,473.23929745569467,0.3511218024580538,0.3511218024580538,0
1.196,0.01,0.001,0.009049485590322329,-0.0053319048670729535,0.07366641825210422,0.009129042218279908,-0.002280725518258214,0.026112458480506473,-7.955662795757976e-05,-0.0030511793488147395,0.04755395977159775,475.5395977159775,0.35032116739605446,0.35032116739605446,0
1.197,0.01,0.001,0.009044167225285015,-0.005304778274849528,0.07421928107049647,0.009123401751029154,-0.0022675095271222937,0.02643705844671435,-7.92345257441384e-05,-0.0030372687477272344,0.04778222262378212,477.8222262378212,0.34949628930987053,0.34949628930987053,0
1.198,0.01,0.001,0.009038876126712255,-0.005277372861548117,0.07476939061594005,0.009117788297066567,-0.002253958325248683,0.026760670092264908,-7.891217035431268e-05,-0.0030234145362994344,0.04800872052367515,480.08720523675146,0.34864765489370786,0.34864765489370786,0
1.199,0.01,0.001,0.009033612570656614,-0.005249694161959179,0.0753167049187835,0.009112202200202094,-0.002240076140242592,0.027083248948570216,-7.858962954548042e-05,-0.003009618021716587,0.04823345597021329,482.33455970213294,0.3477757489388784,0.3477757489388784,0
1.2,0.01,0.0,0.009028376827642712,-0.005221747697036872,0.07586118306195495,0.009106643797134849,-0.002225867231839474,0.027404751329311052,-7.826696949213632e-05,-0.002995880465197398,0.0484564317326439,484.564317326439,0.3468810542013623,0.3468810542013623,0
1.201,0.01,0.0,0.009023218996430597,-0.005094037310815658,0.07640278417878178,0.009101113417488874,-0.002211335890097814,0.027725134331238757,-7.789442105827701e-05,-0.002882701420717844,0.048677649847543025,486.77649847543023,0.3459640512738389,0.3459640512738389,0
1.202,0.01,0.0,0.009018188508590942,-0.004967060216108134,0.07694146845846435,0.009095613503707968,-0.0021964640194610525,0.028044558294100547,-7.742499511702652e-05,-0.002770596196647081,0.0488969101643638,488.969101643638,0.34502079255852447,0.34502079255852447,0
1.203,0.01,0.0,0.009013284633025174,-0.0048408120420818275,0.07747718928435547,0.009090148515171783,-0.0021812124142700294,0.028363366252245014,-7.686388214660916e-05,-0.002659599627811798,0.049113823032110454,491.1382303211045,0.3440432299431926,0.3440432299431926,0
1.204,0.01,0.0,0.009008506642957884,-0.004715288515748727,0.0780098840527228,0.0090847227296427,-0.002165544260568029,0.028681863386370927,-7.621608668481605e-05,-0.0025497442551806982,0.04932802066635188,493.28020666351875,0.3430239240410664,0.3430239240410664,0
1.205,0.01,0.0,0.009003853815831709,-0.004590485476276915,0.07853947542092735,0.00907934024877706,-0.002149425065691889,0.02900031907086083,-7.548643294535105e-05,-0.0024410604105850257,0.04953915635006652,495.39156350066514,0.3419560169257796,0.3419560169257796,0
1.206,0.01,0.0,0.008999325433188583,-0.0044663988879462225,0.07906587249863291,0.00907400500346851,-0.002132822589081864,0.02931896883972961,-7.467957027992682e-05,-0.0023335762988643586,0.0497469036589033,497.469036589033,0.34083320583419496,0.34083320583419496,0
1.207,0.01,0.0,0.008994920780538693,-0.004343024851817095,0.07958897198409384,0.009068720759028861,-0.0021157067743086833,0.029638016273911008,-7.379997849016849e-05,-0.002227318077508412,0.049950955710182834,499.5095571018283,0.3396497178069726,0.3396497178069726,0
1.208,0.01,0.0,0.008990639147218371,-0.004220359616179104,0.08010865924750464,0.009063491120211528,-0.002098049682315381,0.029957634812523115,-7.285197299315704e-05,-0.002122309933863723,0.050151024434981525,501.51024434981525,0.33840028523779786,0.33840028523779786,0
1.209,0.01,0.0,0.008986479826238129,-0.004098399585842981,0.08062480936333244,0.009058319536082542,-0.002079825425870657,0.030277969490674947,-7.183970984441304e-05,-0.002018574159972324,0.05034683987265749,503.4683987265749,0.3370801223028552,0.3370801223028552,0
1.21,0.01,0.0,0.008982442114121945,-0.003977141330337506,0.08113728809349322,0.00905320930474399,-0.002061010105229726,0.030599138606298686,-7.076719062204528e-05,-0.0019161312251077798,0.050538149487194525,505.3814948719452,0.3356849022430195,0.3356849022430195,0
1.211,0.01,0.0,0.008978525310738882,-0.0038565815910701737,0.08164595282317348,0.009048163577914532,-0.0020415817449979047,0.0309212353184173,-6.963826717565e-05,-0.001814999846072269,0.050724717504756184,507.2471750475618,0.3342107354720243,0.3342107354720243,0
1.212,0.01,0.0,0.008974728719128048,-0.0037367172875081792,0.08215065345104244,0.009043185365371496,-0.0020215202321914594,0.031244329179184304,-6.845664624344737e-05,-0.0017151970553167199,0.050906324271858136,509.06324271858136,0.3326541484846217,0.3326541484846217,0
1.213,0.01,0.0,0.008971051645317819,-0.003617545522434026,0.08265123323554416,0.00903827753925897,-0.0020008072554895807,0.03156846760196166,-6.722589394115089e-05,-0.0016167382669444452,0.0510827656335825,510.827656335825,0.33101206353945756,0.33101206353945756,0
1.214,0.01,0.0,0.008967493398140276,-0.003499063586327842,0.08314752959890512,0.009033442838266119,-0.001979426245670745,0.03189367726763272,-6.594944012584293e-05,-0.001519637340657097,0.0512538523312724,512.538523312724,0.3292817790921845,0.3292817790921845,0
1.215,0.01,0.0,0.008964053289041651,-0.0033812689609263773,0.08363937489044106,0.009028683871679802,-0.001957362317226108,0.032219965471280344,-6.463058263815082e-05,-0.0014239066437002693,0.05141940941916071,514.1940941916071,0.3274609509549897,0.3274609509549897,0
1.216,0.01,0.0,0.008960730631889619,-0.0032641593220066175,0.08412659711069517,0.00902400312331552,-0.001934602211142034,0.032547321411295266,-6.327249142590134e-05,-0.0013295571108645834,0.05157927569939991,515.7927569939991,0.3255475741593994,0.3255475741593994,0
1.217,0.01,0.0,0.008957524742778177,-0.003147732541439951,0.0846090205978917,0.009019402955330512,-0.0019111342388433462,0.03287571742291626,-6.18782125523347e-05,-0.0012365983025966047,0.05173330317497544,517.3330317497544,0.3235399654999105,0.3235399654999105,0
1.218,0.01,0.0,0.008954434939830802,-0.0030319866885609352,0.08508646667813995,0.00901488561192272,-0.001886948227288383,0.033205110158142676,-6.045067209191693e-05,-0.0011450384612725522,0.05188135651999727,518.8135651999727,0.3214367467366648,0.3214367467366648,0
1.219,0.01,0.0,0.00895146054300258,-0.002916920030892862,0.08555875428077818,0.00901045322291926,-0.001862035465206495,0.033535441713899744,-5.899267991667928e-05,-0.001054884565686367,0.052023312566878435,520.2331256687843,0.31923682843595724,0.31923682843595724,0
1.22,0.01,0.0,0.008948600873881897,-0.0028025310342705274,0.08602570052020149,0.00900610780725787,-0.0018363886504681774,0.03386664071027929,-5.750693337597257e-05,-0.0009661423838023501,0.0521590598099222,521.590598099222,0.31693939442804897,0.31693939442804897,0
1.221,0.01,0.0,0.008945855255492316,-0.0026888183623989164,0.08648712124547377,0.00900185127636473,-0.0018100018385776415,0.034198623320622075,-5.599602087241404e-05,-0.0008788165238212749,0.05228849792485169,522.8849792485169,0.31454388686231116,0.31454388686231116,0
1.222,0.01,0.0,0.008943223012095141,-0.0025757808758848358,0.08694283155898166,0.00899768543743193,-0.001782870392277241,0.03453129425515308,-5.446242533678827e-05,-0.0007929104836075947,0.05241153730382858,524.1153730382858,0.3120499918403272,0.3120499918403272,0
1.223,0.01,0.0,0.008940703468993208,-0.00246341763077694,0.08739264630534724,0.008993611996597723,-0.0017549909322528347,0.03486454769982802,-5.290852760451471e-05,-0.0007084266985241054,0.05252809860551922,525.2809860551922,0.3094576256081547,0.3094576256081547,0
1.224,0.01,0.0,0.008938295952336361,-0.002351727876648047,0.08783638053177587,0.008989632562032704,-0.0017263612889288232,0.03519826821199747,-5.133660969634281e-05,-0.000625366587719224,0.05263811231977839,526.381123197784,0.30676692128946303,0.30676692128946303,0
1.225,0.01,0.0,0.008935999788929068,-0.0022407110542521564,0.088273849920977,0.008985748646934797,-0.001696980455341325,0.035532331574445006,-4.9748858005729465e-05,-0.0005437305989108314,0.052741518346532,527.41518346532,0.3039782161418456,0.3039782161418456,0
1.226,0.01,0.0,0.008933814306040582,-0.002130366792787136,0.08870487119775818,0.008981961672435998,-0.001666848541077649,0.03586660560930654,-4.8147366395415864e-05,-0.00046351825170948724,0.05283826558845164,528.3826558845163,0.3010920393190979,0.3010920393190979,0
1.227,0.01,0.0,0.00893173883121801,-0.002020694906792678,0.08912926251035538,0.008978272970423612,-0.0016359667272699862,0.03620095095333124,-4.653413920560276e-05,-0.0003847281795226916,0.05292831155702414,529.2831155702414,0.2981091001227707,0.2981091001227707,0
1.228,0.01,0.0,0.008929772692102666,-0.0019116953927117654,0.08954684378752827,0.008974683786278689,-0.0016043372226310154,0.03653522179589783,-4.491109417602279e-05,-0.00030735817008075003,0.05301162199163043,530.1162199163043,0.2950302767267896,0.2950302767267896,0
1.229,0.01,0.0,0.008927915216250026,-0.0018033684251426304,0.08995743707241345,0.008971195281534283,-0.00157196322051887,0.03686926658115566,-4.3280065284256874e-05,-0.00023140520462376028,0.05308817049125779,530.8817049125779,0.2918566053594329,0.2918566053594329,0
1.23,0.01,0.0,0.008926165730953551,-0.001695714352806917,0.09036086683409632,0.008967808536456016,-0.0015388488570187674,0.03720292867561648,-4.16428055024648e-05,-0.00015686549578814964,0.053157938158479835,531.5793815847983,0.28858926992739864,0.28858926992739864,0
1.231,0.01,0.0,0.0089245235630727,-0.001588733694258591,0.09075696025782908,0.00896452455254744,-0.0015049991700283821,0.03753604700248055,-4.0000989474740095e-05,-8.373452423020896e-05,0.05322091325534852,532.2091325534852,0.28522959206717147,0.28522959206717147,0
1.232,0.01,0.0,0.008922988038865341,-0.0014824271333569738,0.09114554751479151,0.008961344254982512,-0.0014704200593339235,0.03786845664393998,-3.835621611717084e-05,-1.2007074023050353e-05,0.05327709087085153,532.7709087085152,0.28177902160931634,0.28177902160931634,0
1.233,0.01,0.0,0.008921558483824792,-0.0013767955145261661,0.0915264620122603,0.008958268494967492,-0.0014351182476637083,0.03819998941266214,-3.671001114270017e-05,5.8322733137542186e-05,0.05332647259959817,533.2647259959816,0.27823912744179413,0.27823912744179413,0
1.234,0.01,0.0,0.008920234222521717,-0.001271839837822073,0.0918995406250233,0.008955298052034478,-0.001399101242705921,0.03853047439361767,-3.506382951276067e-05,0.00012726140488384784,0.05336906623140563,533.6906623140562,0.2746115887587539,0.2746115887587539,0
1.235,0.01,0.0,0.008919014578451024,-0.0011675612538271955,0.09226462390884634,0.008952433636268705,-0.0013623773000771236,0.03885973845738003,-3.341905781768101e-05,0.00019481604624992815,0.05340488545146631,534.048854514663,0.2708981866817073,0.2708981866817073,0
1.236,0.01,0.0,0.008917898873883962,-0.0010639610583923756,0.09262155629677268,0.008949675890471683,-0.0013249553872280093,0.039187606745986855,-3.1777016587720974e-05,0.0002609943288356337,0.05343394955078583,534.3394955078583,0.26710079624038663,0.26710079624038663,0
1.237,0.01,0.0,0.008916886429725539,-0.0009610406872437237,0.0929701862790078,0.00894702539226219,-0.0012868451482727814,0.03951390313241861,-3.013896253665181e-05,0.00032580446102905777,0.05345628314658919,534.5628314658919,0.26322137870092543,0.26322137870092543,0
1.238,0.01,0.0,0.008915976565377388,-0.00085880171047204,0.09331036656711628,0.008944482656117038,-0.001248056869728515,0.03983845065471518,-2.8506090739649492e-05,0.0003892551592564749,0.053471915912401094,534.719159124011,0.25926197422943087,0.25926197422943087,0
1.239,0.01,0.0,0.008915168598606206,-0.0007572458269211583,0.09364195424323248,0.0089420481353535,-0.00120860144715077,0.04016107192571815,-2.6879536747294666e-05,0.0004513556202296118,0.05348088231751433,534.8088231751433,0.2552246948793373,0.2552246948793373,0
1.24,0.01,0.0,0.008914461845417833,-0.0006563748584907944,0.09396481089496161,0.008939722224055213,-0.0011684903526517148,0.040481589519393804,-2.5260378637379302e-05,0.0005121154941609204,0.05348322137556781,534.832213755678,0.25111171789130715,0.25111171789130715,0
1.241,0.01,0.0,0.008913855619937093,-0.0005561907443686602,0.09427880273662437,0.008937505258943313,-0.0011277356032869657,0.0407998263346611,-2.3649639006220052e-05,0.0005715448589183055,0.053478976401963266,534.7897640196327,0.2469252792947607,0.2469252792947607,0
1.242,0.01,0.0,0.008913349234293396,-0.0004566955352058224,0.09458380071747502,0.008935397521194492,-0.0010863497302973555,0.04111560593761768,-2.20482869010951e-05,0.0006296541950915331,0.05346819477985734,534.6819477985734,0.24266766780050109,0.24266766780050109,0
1.243,0.01,0.0,0.008912941998512214,-0.0003578913872485301,0.0948796806175007,0.00893339923820762,-0.001044345749191823,0.041428752883028094,-2.0457239695405652e-05,0.000686454361943293,0.0534509277344726,534.509277344726,0.23834121897414384,0.23834121897414384,0
1.244,0.01,0.0,0.008912633220412434,-0.000259780556439008,0.09516632313138756,0.008931510585320544,-0.0010017371306576298,0.04173909301590942,-1.8877364908109415e-05,0.0007419565742186219,0.05342723011547815,534.2723011547814,0.23394830968046332,0.23394830968046332,0
1.245,0.01,0.0,0.008912422205509614,-0.00016236539249701743,0.09544361394121896,0.008929731687478558,-0.0009585377722841175,0.04204645375402168,-1.7309481968943996e-05,0.0007961723797871,0.05339716018719728,533.9716018719728,0.2294913527890028,0.2294913527890028,0
1.246,0.01,0.0,0.008912308256925176,-6.564833299331649e-05,0.09571144377844999,0.008928062620856088,-0.0009147619710862506,0.042350664352043536,-1.5754363930911217e-05,0.0008491136380929341,0.053360779426406456,533.6077942640645,0.22497279213163157,0.22497279213163157,0
1.247,0.01,0.0,0.008912290675301516,3.036810257449102e-05,0.09596970847568331,0.008926503414432971,-0.0008704243968142213,0.04265155614818742,-1.4212739131455251e-05,0.0009007924993887123,0.05331815232749589,533.1815232749589,0.22039509770301358,0.22039509770301358,0
1.248,0.01,0.0,0.00891236875872303,0.00012568131869384656,0.09621830900875192,0.008925054051526769,-0.0008255400660354292,0.04294896279398319,-1.2685292803739714e-05,0.0009512213847292758,0.053269346214768726,532.6934621476872,0.21576076109521214,0.21576076109521214,0
1.249,0.01,0.0,0.00891254180264305,0.0002202886497275871,0.09645715152959607,0.00892371447128243,-0.0007801243169752063,0.04324272046793429,-1.117266863938024e-05,0.0010004129667027933,0.05321443106166178,532.1443106166178,0.2110722911579641,0.2110722911579641,0
1.25,0.01,0.0,0.00891280909981665,0.00031418736577404355,0.09668614739040357,0.008922484570120622,-0.0007341927851027087,0.04353266807372676,-9.67547030397177e-06,0.0010483801508767523,0.05315347931667681,531.534793166768,0.206332209876388,0.206332209876388,0
1.2510000000000001,0.01,0.0,0.008913169940239305,0.00040737467848872,0.09690521315946549,0.008921364203145977,-0.0006877613794484674,0.04381864742364844,-8.19426290667169e-06,0.0010951360579371874,0.05308656573581705,530.8656573581704,0.20154304845816373,0.20154304845816373,0
1.252,0.01,0.0,0.00891362361109132,0.0004998477468599104,0.09711427062918206,0.008920353185516483,-0.0006408462596401442,0.044100503407852785,-6.729574425162407e-06,0.0011406940065000547,0.05301376722132927,530.1376722132927,0.19670734362247444,0.19670734362247444,0
1.2530000000000001,0.01,0.0,0.008914169396688055,0.0005916036829311076,0.09731324681663801,0.008919451293775199,-0.0005934638136431489,0.044378084150080196,-5.2818970871434945e-06,0.0011850674965742565,0.05293516266655782,529.3516266655781,0.19182763408322145,0.19182763408322145,0
1.254,0.01,0.0,0.008914806578435791,0.0006826395574635438,0.09750207395714988,0.008918658267145408,-0.0005456306361928206,0.04465124115042864,-3.851688709616274e-06,0.0012282701936563644,0.05285083280672124,528.5083280672123,0.18690645721931087,0.18690645721931087,0
1.2550000000000001,0.01,0.0,0.008915534434793275,0.0007729524055326568,0.09768068949117349,0.008917973808790355,-0.0004973635079049916,0.04491982941574476,-2.4393739970797468e-06,0.0012703159134376484,0.05276086007542873,527.6086007542873,0.18194634592494818,0.18194634592494818,0
1.256,0.01,0.0,0.008916352241238781,0.000862539232052718,0.09784903604494422,0.008917397587038585,-0.0004486793750518331,0.045183707578186606,-1.0453457998035875e-06,0.0013112186071045512,0.05266532846675761,526.653284667576,0.1769498256332227,0.1769498256332227,0
1.2570000000000001,0.01,0.0,0.008917259270242698,0.0009513970172242827,0.09800706140520912,0.008916929236575956,-0.0003995953299899893,0.045442738002490414,3.3003366674277945e-07,0.0013509923472142722,0.05256432340271871,525.6432340271871,0.1719194115063516,0.1719194115063516,0
1.258,0.01,0.0,0.008918254791245495,0.0010395227218995204,0.09815471848839538,0.008916568359605302,-0.0003501285922281015,0.04569678688245442,1.6864316401930812e-06,0.001389651314127622,0.05245793160594096,524.5793160594096,0.16685760578626052,0.16685760578626052,0
1.2590000000000001,0.01,0.0,0.00891933807064102,0.0011269132928608738,0.09829196530454683,0.008916314526974708,-0.0003002964901209475,0.04594572432713522,3.0235436663111903e-06,0.0014272097829818213,0.052346240977411605,523.462409774116,0.16176689529933874,0.16176689529933874,0
1.26,0.01,0.0,0.008920508371765034,0.001213565668008861,0.09841876491634677,0.008916167279275336,-0.0002501164431775163,0.04618942443723432,4.341092489697912e-06,0.0014636821111863772,0.05222934047911245,522.2934047911244,0.15664974910940277,0.15664974910940277,0
1.2610000000000001,0.01,0.0,0.008921764954888889,0.0012994767814551885,0.09853508539353335,0.00891612612790971,-0.0001996059449704658,0.046427765372135575,5.638826979178363e-06,0.0014990827264256543,0.05210732002139778,521.0732002139778,0.15150861631310608,0.15150861631310608,0
1.262,0.01,0.0,0.008923107077218233,0.0013846435685176788,0.0986408997630011,0.00891619055613133,-0.00014878254663452996,0.04666062940803784,6.916521086903701e-06,0.0015334261151522088,0.051980270354963255,519.8027035496325,0.1463459239722198,0.1463459239722198,0
1.2630000000000001,0.01,0.0,0.008924533992896683,0.0014690629706138368,0.09873618595487064,0.00891636002005644,-9.766384094156923e-05,0.046887902987610884,8.1739728402426e-06,0.001566726811555406,0.05184828296725976,518.4828296725976,0.14116407517737883,0.14116407517737883,0
1.264,0.01,0.0,0.008926044953014321,0.0015527319400501915,0.09882092674479756,0.008916633949648803,-4.6267446940071706e-05,0.047109476761587527,9.411003365518769e-06,0.0015989993869902632,0.051711449983210034,517.1144998321004,0.135965447238088,0.135965447238088,0
1.2650000000000001,0.01,0.0,0.008927639205620938,0.0016356474447048292,0.09889510969278,0.008917011749678226,5.389004852944656e-06,0.04732524562268978,1.062745594271157e-05,0.0016302584398518846,0.05156986407009022,515.6986407009022,0.13075238999390848,0.13075238999390848,0
1.266,0.01,0.0,0.008929315995743895,0.0017178064726008299,0.0989587270787142,0.008917492800653647,5.728788671955215e-05,0.04753510873227213,1.1823195090248859e-05,0.0016605185858812777,0.05142361834644207,514.2361834644206,0.1255272242419716,0.1255272242419716,0
1.2670000000000001,0.01,0.0,0.008931074565410516,0.0017992060363685705,0.09901177583493691,0.008918076459731484,0.00010941158747984536,0.04773896954005133,1.2998105679031674e-05,0.0016897944488887251,0.05127280629488558,512.7280629488557,0.12029224027606755,0.12029224027606755,0
1.268,0.01,0.0,0.008932914153674873,0.0018798431775951172,0.09905425747598351,0.00891876206159999,0.00016174252571383215,0.04793673579727807,1.415209207488409e-05,0.001718100651881285,0.05111752167870544,511.17521678705435,0.11504969653275321,0.11504969653275321,0
1.2690000000000001,0.01,0.0,0.008934833996648878,0.0019597149710591723,0.09908617802578135,0.008919548919340277,0.00021426316247780147,0.04812831956369309,1.5285077308600792e-05,0.0017454518085813708,0.05095785846208826,509.57858462088257,0.10980181834006064,0.10980181834006064,0
1.27,0.01,0.0,0.00893683332753753,0.002038818528850262,0.09910754794248845,0.008920436325264697,0.00026695601352653395,0.04831363720859716,1.6397002272832556e-05,0.0017718625153237283,0.05079391073389129,507.9391073389129,0.10455079676455004,0.10455079676455004,0
1.2710000000000001,0.01,0.0,0.008938911376678255,0.0021171510043710806,0.0991183820411786,0.008921423551733228,0.0003198036610525912,0.04849260940635232,1.7487824945027278e-05,0.0017973473433184894,0.050625772634826274,506.25772634826274,0.09929878755253885,0.09929878755253885,0
1.272,0.01,0.0,0.008941067371584156,0.0021947095962221016,0.0991186994145655,0.008922509851948465,0.00037278876495376595,0.048665161126619456,1.8557519635691022e-05,0.0018219208312683357,0.05045353828794604,504.53538287946037,0.09404791016156722,0.09404791016156722,0
1.2730000000000001,0.01,0.0,0.00894330053699111,0.0022714915519677693,0.09910852335195006,0.00892369446072986,0.0004258940736396341,0.048831221619626,1.9606076261250924e-05,0.0018455974783281352,0.05027730173232406,502.77301732324054,0.08880024687821919,0.08880024687821919,0
1.274,0.01,0.0,0.008945610094908569,0.0023474941717837716,0.09908788125656698,0.008924976595267763,0.0004791024343880063,0.048990724396746003,2.0633499640805228e-05,0.0018683917373957652,0.050097156859820975,500.9715685982097,0.0835578420185712,0.0835578420185712,0
1.2750000000000001,0.01,0.0,0.008947995264673932,0.0024227148119850624,0.09905680456149892,0.008926355455857845,0.0005323968032619239,0.04914360720666435,2.1639808816087402e-05,0.0018903180087231385,0.049913197354834564,499.1319735483456,0.07832270120768747,0.07832270120768747,0
1.276,0.01,0.0,0.008950455263010422,0.0024971508884344845,0.09901532864431893,0.00892783022661645,0.0005857602545977021,0.04928981200738593,2.2625036393971246e-05,0.0019113906338367823,0.049725516636933004,497.25516636933,0.07309679073467379,0.07309679073467379,0
1.2770000000000001,0.01,0.0,0.008952989304088263,0.002570799879831981,0.09896349274061493,0.008929400076177405,0.0006391759900743735,0.04942928493434079,2.3589227910857796e-05,0.0019316238897576076,0.04953420780627414,495.3420780627414,0.06788203697994888,0.06788203697994888,0
1.278,0.01,0.0,0.008955596599589125,0.0026436593308845524,0.09890133985654241,0.0089310641583708,0.0006926273473747277,0.04956197626482626,2.453244121832475e-05,0.0019510319835098246,0.04933936359171615,493.3936359171615,0.06268032591146433,0.06268032591146433,0
1.2790000000000001,0.01,0.0,0.008958276358773668,0.002715726855357246,0.0988289166805454,0.008932821612884228,0.0007460978084480048,0.049687840379017356,2.5454745889439898e-05,0.001969629046909241,0.049141076301528044,491.4107630152804,0.05749350264677844,0.05749350264677844,0
1.28,0.01,0.0,0.008961027788552072,0.0027870001390055982,0.09874627349437862,0.008934671565906988,0.0007995710073841524,0.04980683571776811,2.635622264508461e-05,0.0019874291316214457,0.04893943777661051,489.39437776610504,0.052323371077948266,0.052323371077948266,0
1.281,0.01,0.0,0.008963850093557442,0.002857476942390083,0.09865346408355802,0.00893661313075768,0.000853030737909385,0.04991892473741684,2.723696279976172e-05,0.002004446204480698,0.04873453934614118,487.3453934614118,0.047171693556316896,0.047171693556316896,0
1.282,0.01,0.0,0.008966742476221978,0.0029271551035732215,0.09855054564736032,0.008938645408495672,0.0009064609605126595,0.050024073861800265,2.80970677263067e-05,0.002020694143060562,0.048526471785560056,485.26471785560057,0.04204019063440523,0.04204019063440523,0
1.283,0.01,0.0,0.008969704136855777,0.002996032540700144,0.09843757870848666,0.008940767488516866,0.0009598458092125232,0.050122253431672946,2.8936648338910576e-05,0.0020361867314876206,0.04831532527681371,483.15325276813707,0.036930540862162964,0.036930540862162964,0
1.284,0.01,0.0,0.008972734273728146,0.0030641072544634676,0.09831462702249952,0.008942978449134166,0.0010131695979736244,0.05021343765172026,2.975582459397927e-05,0.0020509376564898435,0.04810118937077926,481.0118937077925,0.031844380635007496,0.031844380635007496,0
1.285,0.01,0.0,0.008975832083151346,0.00313137733045348,0.09818175748713705,0.008945277358143088,0.0010664168267820525,0.05029760453534561,3.0554725008258635e-05,0.0020649605036714277,0.04788415295179144,478.84152951791435,0.02678330409107499,0.02678330409107499,0
1.286,0.01,0.0,0.008978996759566616,0.0031978409413946918,0.09803904005160308,0.008947663273372878,0.001119572187388506,0.05037473584740484,3.1333486193737756e-05,0.002078268754006186,0.04766430420419824,476.64304204198237,0.021748863055283785,0.021748863055283785,0
1.287,0.01,0.0,0.008982227495632373,0.00326349634926991,0.09788654762592676,0.008950135243223542,0.001172620568728146,0.05044481704505364,3.2092252408830874e-05,0.002090875780541764,0.04744173058087312,474.4173058087312,0.016742567027859145,0.016742567027859145,0
1.288,0.01,0.0,0.008985523482314491,0.0033283419073330696,0.09772435599048016,0.008952692307189135,0.00122554706202584,0.05050783721686668,3.2831175125355716e-05,0.0021027948453072294,0.04721651877361348,472.1651877361348,0.011765883215032247,0.011765883215032247,0
1.289,0.01,0.0,0.00898888390897853,0.0033923760620121223,0.09755254370573803,0.008955333496367684,0.0012783369655953597,0.05056378902038041,3.355041261084504e-05,0.0021140390964167624,0.04698875468535762,469.88754685357617,0.006820236599783591,0.006820236599783591,0
1.29,0.01,0.0,0.008992307963483817,0.003455597354703365,0.09737119202235921,0.008958057833958092,0.001330975789340945,0.050612668618204945,3.4250129525724773e-05,0.0021246215653624202,0.04675852340415426,467.5852340415426,0.0019070100504645637,0.0019070100504645637,0
1.291,0.01,0.0,0.008995794832279273,0.0035180044234586383,0.09718038479166459,0.00896086433574435,0.001383449258969496,0.050654475612843974,3.493049653492328e-05,0.0021345551644891426,0.046525909178820615,465.25909178820615,-0.0029724555346719583,-0.0029724555346719583,0
1.292,0.01,0.0,0.008999343700500852,0.0035795960045668976,0.09698020837658274,0.008963752010567384,0.0014357433199215194,0.05068921298035572,3.559168993346774e-05,0.0021438526846453785,0.04629099539622702,462.90995396227015,-0.00781686104899837,-0.00781686104899837,0
1.293,0.01,0.0,0.009002953752070539,0.0036403709340316996,0.09677075156312998,0.008966719860784863,0.001487844141028796,0.050716887002981804,3.623389128567557e-05,0.002152526793002904,0.04605386456014817,460.5386456014817,-0.012624948966991845,-0.012624948966991845,0
1.294,0.01,0.0,0.009006624169796761,0.0037003281489462105,0.09655210547248802,0.008969766882719249,0.0015397381179066117,0.050737507200865464,3.685728707751232e-05,0.002160590031039599,0.045814598271622556,458.14598271622555,-0.017395503103429633,-0.017395503103429633,0
1.295,0.01,0.0,0.009010354135476115,0.0037594666887673716,0.09632436347373821,0.008972892067094413,0.0015914118760882406,0.05075108626297488,3.74620683817016e-05,0.002168054812679131,0.04557327721076333,455.7327721076333,-0.02212734834409602,-0.02212734834409602,0
1.296,0.01,0.0,0.009014142829996328,0.003817785696490914,0.09608762109730828,0.008976094399461086,0.001642852273909216,0.050757639977341916,3.8048430535241734e-05,0.0021749334225816984,0.04532998111996637,453.2998111996637,-0.026819350349619242,-0.026819350349619242,0
1.297,0.01,0.0,0.009017989433440347,0.003875284419728941,0.09584197594918371,0.008979372860611429,0.001694046405148807,0.050757187160721855,3.861657282891798e-05,0.0021812380145801342,0.04508478878846186,450.84788788461856,-0.03147041523408145,-0.03147041523408145,0
1.298,0.01,0.0,0.009021893125191454,0.00393196221169183,0.09558752762593259,0.008982726426982985,0.0017449816014359636,0.05074974958777421,3.916669820846867e-05,0.002186980610255866,0.04483777803815838,448.37778038158376,-0.03607948921993476,-0.03607948921993476,0
1.299,0.01,0.0,0.009025853084039314,0.003987818532076243,0.09532437763058971,0.008986154071052282,0.0017956454344268597,0.0507353519198605,3.969901298703227e-05,0.0021921730976493833,0.04458902571072921,445.8902571072921,-0.040645558270725246,-0.040645558270725246,0
1.3,0.01,0.0,0.009029868488286867,0.004042852947861059,0.0950526292894426,0.008989654761718329,0.0018460257177610225,0.05071402163354977,4.021372656853872e-05,0.0021968272301000364,0.04433860765589282,443.3860765589282,-0.04516764770302384,-0.04516764770302384,0
1.301,0.01,0.0,0.00903393851585797,0.004097065134013044,0.0947723876697591,0.008993227464676259,0.001896110508802907,0.05068578894891857,4.071105118171048e-05,0.002200954625210137,0.044086598720840524,440.8659872084052,-0.04964482177898688,-0.04964482177898688,0
1.302,0.01,0.0,0.009038062344405703,0.004150454874104137,0.09448375949849334,0.008996871142781365,0.001945888110175634,0.05065068675772742,4.11912016243382e-05,0.0022045667639285027,0.04383307274076592,438.3307274076592,-0.0540761832808192,-0.0540761832808192,0
1.303,0.01,0.0,0.009042239151421242,0.004203022060842204,0.09418685308200447,0.009000584756403729,0.001995347071093477,0.05060875055155219,4.1654395017513834e-05,0.002207674989748727,0.04357810253045229,435.78102530452287,-0.05846087306843373,-0.05846087306843373,0
1.304,0.01,0.0,0.009046468114343233,0.004254766696517155,0.09388177822681948,0.009004367263773702,0.002044476188499554,0.050560018349944225,4.210085056953125e-05,0.002210290508017601,0.043321759876875254,433.2175987687525,-0.06279806962152534,-0.06279806962152534,0
1.305,0.01,0.0,0.009050748410667553,0.0043056888933643055,0.09356864616146926,0.009008217621318424,0.0020932645080150485,0.05050453062868988,4.253078934912842e-05,0.002212424385349257,0.04306411553277938,430.6411553277938,-0.06708698856720385,-0.06708698856720385,0
1.306,0.01,0.0,0.00905507921805741,0.004355788873846909,0.09324756945942472,0.009012134783989628,0.0021417013247061593,0.05044233024823573,4.294443406778134e-05,0.00221408754914075,0.04280523921118899,428.0523921118899,-0.07132688219434957,-0.07132688219434957,0
1.307,0.01,0.0,0.009059459714453677,0.004405066970859746,0.09291866196315708,0.009016117705582881,0.0021897761836748293,0.05037346238234283,4.334200887079649e-05,0.0022152907871849166,0.04254519958081425,425.4519958081425,-0.07551703895571027,-0.07551703895571027,0
1.308,0.01,0.0,0.009063889078185394,0.004453523627855708,0.09258203870934475,0.009020165339048519,0.0022374788804792184,0.05029797444702938,4.372373913687569e-05,0.00221604474737649,0.042284064262315374,422.8406426231537,-0.07965678295882661,-0.07965678295882661,0
1.309,0.01,0.0,0.009068366488080359,0.004501159398897277,0.09223781585524678,0.009024276636794422,0.00228479946138971,0.05021591602985833,4.408985128593647e-05,0.0022163599375075674,0.04202189982538845,420.2189982538844,-0.083745473446732,-0.083745473446732,0
1.31,0.01,0.0,0.009072891123575729,0.004547974948634826,0.09188611060626092,0.009028450550980838,0.0023317282234861622,0.05012733881962298,4.44405725948914e-05,0.0022162467251486636,0.04175877178663794,417.5877178663794,-0.08778250426938783,-0.08778250426938783,0
1.311,0.01,0.0,0.009077462164828569,0.0045939710522136515,0.09152704114468264,0.009032686033807432,0.002378255714601966,0.05003229653648079,4.477613102113649e-05,0.0022157153376116856,0.04149474460820186,414.94744608201853,-0.09176730334677607,-0.09176730334677607,0
1.312,0.01,0.0,0.009082078792826274,0.0046391485951116545,0.09116072655967904,0.009036982037792745,0.0024243727331203515,0.049930844862582285,4.509675503352843e-05,0.002214775861991303,0.04122988169709675,412.2988169709675,-0.09569933212448056,-0.09569933212448056,0
1.313,0.01,0.0,0.009086740189496787,0.004683508572909566,0.09078728677849054,0.009041337516046204,0.00247007032762829,0.04982304137323976,4.5402673450583436e-05,0.0022134382452812765,0.04096424540525079,409.64245405250784,-0.09957808502262555,-0.09957808502262555,0
1.314,0.01,0.0,0.00909144553781857,0.004727052090995627,0.0904068424988711,0.009045751422532899,0.002515339796433188,0.0497089454686771,4.5694115285670536e-05,0.0022117122945624385,0.040697897030194,406.97897030193997,-0.10340308887893901,-0.10340308887893901,0
1.315,0.01,0.0,0.00909619402193022,0.004769780364206597,0.09001951512277603,0.009050222712331236,0.00256017268694748,0.049588618306399865,4.5971309598984156e-05,0.0022096076772591166,0.04043089681637617,404.3089681637617,-0.10717390238670621,-0.10717390238670621,0
1.316,0.01,0.0,0.009100984827239731,0.004811694716406991,0.08962542669130544,0.009054750341883662,0.002604560794946093,0.04946212273422203,4.6234485356068736e-05,0.002207133921460898,0.04016330395708341,401.63303957083406,-0.11089011552835082,-0.11089011552835082,0
1.317,0.01,0.0,0.009105817140533273,0.004852796580008388,0.08922469982090926,0.009059333269240593,0.0026484961637016644,0.04932952322398353,4.6483871292680307e-05,0.0022043004163067237,0.03989517659692573,398.9517659692573,-0.11455134900531139,-0.11455134900531139,0
1.318,0.01,0.0,0.009110690150083478,0.004893087495430684,0.08881745764085895,0.009063970454297703,0.0026919710830022587,0.04919088580599035,4.67196957857751e-05,0.0022011164124284255,0.039626571834868604,396.26571834868605,-0.1181572536649016,-0.1181572536649016,0
1.319,0.01,0.0,0.00911560304575716,0.004932569110507119,0.08840382373198918,0.009068660859026712,0.0027349780880562397,0.049046278004206516,4.694218673044828e-05,0.002197591022450879,0.03935754572778267,393.5754572778267,-0.12170750992476442,-0.12170750992476442,0
1.32,0.01,0.0,0.009120555019122402,0.004971243179834903,0.08798392206671195,0.009073403447699824,0.0027775099582888355,0.04889576877222578,4.715157142257814e-05,0.0021937332215460677,0.039088153294486165,390.88153294486165,-0.12520182719552686,-0.12520182719552686,0
1.321,0.01,0.0,0.009125545263554977,0.005009111564073262,0.08755787695030404,0.009078197187107933,0.0028195597160348296,0.048739428430047776,4.7348076447044016e-05,0.0021895518480384325,0.03881844852025626,388.1844852025626,-0.1286399433022396,-0.1286399433022396,0
1.322,0.01,0.0,0.009130572974344036,0.00504617622919067,0.08712581296346777,0.009083041046772758,0.002861120625131709,0.04857732860168254,4.753192757127843e-05,0.0021850556040589613,0.038548484361785235,385.48484361785233,-0.1320216239051275,-0.1320216239051275,0
1.323,0.01,0.0,0.009135637348797021,0.005082439245663057,0.08668785490616396,0.009087933999152994,0.002902186189417489,0.048409542153604504,4.770334964402691e-05,0.002180253056245568,0.038278312752559454,382.7831275255945,-0.1353466619201802,-0.1353466619201802,0
1.324,0.01,0.0,0.009140737586343754,0.005117902787624745,0.08624412774271462,0.009092875019844666,0.002942750151137348,0.04823614313407585,4.786256649908817e-05,0.0021751526364873967,0.038007984608638766,380.07984608638765,-0.1386148769400828,-0.1386148769400828,0
1.325,0.01,0.0,0.009145872888639647,0.005152569131973834,0.08579475654817248,0.009097863087775736,0.0029828064892630855,0.04805720671335706,4.8009800863911545e-05,0.0021697626427107483,0.03773754983481542,377.37549834815417,-0.1418261146559434,-0.1418261146559434,0
1.326,0.01,0.0,0.009151042459668005,0.005186440657433764,0.08533986645595303,0.009102897185395142,0.0030223494177293304,0.04787280912482101,4.814527427286254e-05,0.0021640912397044338,0.037467057331132016,374.67057331132014,-0.14498024628026407,-0.14498024628026407,0
1.327,0.01,0.0,0.009156245505841359,0.005219519843572725,0.08487958260672404,0.009107976298856369,0.003061373383590333,0.047683027606985263,4.826920698499e-05,0.002158146459982392,0.03719655499973878,371.96554999738777,-0.14807716797159287,-0.14807716797159287,0
1.328,0.01,0.0,0.009161481236101809,0.005251809269782594,0.0844140300985469,0.009113099418195636,0.003099873065101063,0.047487940346475674,4.838181790617346e-05,0.0021519362046815314,0.03692608975207122,369.2608975207122,-0.15111680026123508,-0.15111680026123508,0
1.329,0.01,0.0,0.009166748862020319,0.005283311614219051,0.08394333393826295,0.009118265537504854,0.0031378433697262565,0.04728762642193316,4.8483324515465054e-05,0.0021454682444927947,0.03665570751632979,366.55707516329784,-0.15409908748242085,-0.15409908748242085,0
1.33,0.01,0.0,0.009172047597894932,0.0053140296527044726,0.08346761899411748,0.009123473655099431,0.003175279432080957,0.04708216574887381,4.857394279550106e-05,0.0021387502206235156,0.036385453245243664,363.8545324524366,-0.157023997202276,-0.157023997202276,0
1.331,0.01,0.0,0.009177376660847883,0.00534396625759523,0.08298700994961335,0.00912872277368105,0.003212176611806004,0.0468716390255115,4.865388716683225e-05,0.002131789645789226,0.036115370924101844,361.1537092410184,-0.1598915196569406,-0.1598915196569406,0
1.332,0.01,0.0,0.009182735270921536,0.005373124396614939,0.08250163125858548,0.009134011900495492,0.003248530491381834,0.046656127679550526,4.872337042604452e-05,0.0021245939052331048,0.03584550357903495,358.4550357903495,-0.16270166719015489,-0.16270166719015489,0
1.333,0.01,0.0,0.009188122651173173,0.005401507131655222,0.08201160710148683,0.009139340047485659,0.0032843368738838695,0.04643571381595495,4.878260368751386e-05,0.0021171702577713527,0.03557589328553188,355.7589328553188,-0.1654544736956245,-0.1654544736956245,0
1.334,0.01,0.0,0.009193538027768533,0.005429117617545516,0.08151706134287585,0.00914470623143983,0.0033195917806826862,0.04621048016569993,4.883179632870355e-05,0.00210952583686283,0.03530658117717592,353.06581177175923,-0.16814999406341258,-0.16814999406341258,0
1.335,0.01,0.0,0.009198980630074138,0.0054559591007934,0.08101811749009509,0.009150109474135288,0.003354291449092064,0.04598051003550923,4.887115593884932e-05,0.0021016676517013363,0.03503760745458586,350.3760745458586,-0.17078830363068231,-0.17078830363068231,0
1.336,0.01,0.0,0.009204449690748311,0.005482034918296939,0.0805148986531297,0.009155548802477398,0.003388432329967952,0.04574588725858226,4.890088827091271e-05,0.0020936025883289866,0.034769011394547446,347.6901139454744,-0.17336949763698506,-0.17336949763698506,0
1.337,0.01,0.0,0.009209944445830929,0.005507348496030475,0.08000752750563465,0.009161023248634232,0.00342201108526127,0.045506696146312677,4.892119719669685e-05,0.002085337410769205,0.03450083135932198,345.0083135932198,-0.17589369068437044,-0.17589369068437044,0
1.338,0.01,0.0,0.009215464134831824,0.005531903347705301,0.07949612624711837,0.00916653185016682,0.003455024585527423,0.04526302144099989,4.8932284665004905e-05,0.0020768787621778776,0.03423310480611848,342.3310480611848,-0.1783610162025191,-0.1783610162025191,0
1.339,0.01,0.0,0.009221008000817835,0.005555703073406597,0.07898081656627078,0.009172073650155113,0.003487469907395303,0.045014948269553746,4.893435066272156e-05,0.002068233166011294,0.03396586829671703,339.65868296717025,-0.18077162591909435,-0.18077162591909435,0
1.34,0.01,0.0,0.009226575290498504,0.005578751358208004,0.07846171960542277,0.009177647697319777,0.0035193443309984762,0.04476256209819192,4.8927593178727316e-05,0.0020594070272095277,0.03369915750723085,336.9915750723085,-0.18312568933554374,-0.18312568933554374,0
1.341,0.01,0.0,0.009232165254310353,0.0056010519707651776,0.07793895592612411,0.009183253046139837,0.003550645337371193,0.044505948688128565,4.891220817051546e-05,0.0020504066333939847,0.03343300723799555,334.3300723799555,-0.18542339320846768,-0.18542339320846768,0
1.342,0.01,0.0,0.009237777146499756,0.005622608761889641,0.0774126454758264,0.009188888756966312,0.003581370605811762,0.04424519405225223,4.88883895334441e-05,0.0020412381560778793,0.03316745142357416,331.6745142357416,-0.1876649410367861,-0.1876649410367861,0
1.343,0.01,0.0,0.009243410225204376,0.005643425663104219,0.07688290755565715,0.009194553896131887,0.003611518011215778,0.04398038441279002,4.885632907248964e-05,0.0020319076518884407,0.032902523142867124,329.02523142867125,-0.18985055255480532,-0.18985055255480532,0
1.344,0.01,0.0,0.00924906375253315,0.005663506685181309,0.07634986078927135,0.009200247536056722,0.0036410856213816008,0.04371160615995453,4.8816216476428934e-05,0.002022421063799708,0.03263825462931682,326.38254629316816,-0.19198046323135376,-0.19198046323135376,0
1.345,0.01,0.0,0.00925473699464479,0.005682855916665249,0.07581362309276576,0.009205968755350433,0.0036700716942904272,0.04343894581156932,4.876823929435628e-05,0.0020127842223748213,0.032374677281196446,323.74677281196443,-0.19405492377509503,-0.19405492377509503,0
1.346,0.01,0.0,0.00926042922182482,0.005701477522379961,0.07527431164564197,0.009211716638910392,0.0036984746753632235,0.043162489973668075,4.87125829144279e-05,0.002003002847016738,0.03211182167197389,321.1182167197389,-0.19607419964618078,-0.19607419964618078,0
1.347,0.01,0.0,0.009266139708561102,0.005719375741923075,0.07473204286280302,0.009217490278016327,0.0037262931946967113,0.04288232530206188,4.8649430544774747e-05,0.0019930825472263634,0.03184971756074114,318.4971756074114,-0.19803857057427976,-0.19803857057427976,0
1.348,0.01,0.0,0.00927186773361785,0.005736554888147674,0.07418693236756918,0.00922328877042137,0.003753526064280554,0.04259853846486882,4.857896319647968e-05,0.00198302882386712,0.03158839390270036,315.8839390270036,-0.1999483300831555,-0.1999483300831555,0
1.349,0.01,0.0,0.00927761258010812,0.0057530193456328095,0.07363909496569737,0.009229111220439587,0.0037801722751977934,0.042311216105999194,4.8501359668533944e-05,0.001972847070435016,0.03132787885969818,313.27878859698177,-0.20180378502182617,-0.20180378502182617,0
1.35,0.01,0.0,0.009283373535564774,0.005768773569143858,0.07308864462038943,0.00923495673903006,0.0038062309948105554,0.04202044480958937,4.8416796534713966e-05,0.001962542574333303,0.031068199810800057,310.6819981080005,-0.203605255102425,-0.203605255102425,0
1.351,0.01,0.0,0.009289149892009883,0.005783822082083833,0.07253569442827357,0.009240824443877603,0.00383170156393296,0.041726311065376866,4.832544813227965e-05,0.0019521205181508728,0.0308093833628967,308.093833628967,-0.2053530724448036,-0.2053530724448036,0
1.352,0.01,0.0,0.009294940946022592,0.005798169474936674,0.07198035659634387,0.009246713459470151,0.0038565834939931097,0.04142890123500853,4.8227486552440343e-05,0.0019415859809435642,0.030551455361335342,305.5145536133534,-0.20704758112794863,-0.20704758112794863,0
1.353,0.01,0.0,0.00930074599880542,0.005811820403703556,0.071422742419842,0.009252622917172916,0.0038808764641859936,0.041128301519273706,4.812308163250345e-05,0.0019309439395175628,0.0302944409005683,302.944409005683,-0.20868913674827372,-0.20868913674827372,0
1.354,0.01,0.0,0.00930656435624899,0.005824779588333211,0.07086296226106585,0.009258551955299354,0.00390458031861905,0.040824597926253536,4.8012400949636394e-05,0.0019201992697141608,0.030038364334812315,300.38364334812314,-0.21027810598482777,-0.21027810598482777,0
1.355,0.01,0.0,0.009312395328995197,0.005837051811147228,0.07030112552908911,0.009264499719179019,0.0039276950634521005,0.04051787624037732,4.7895609816177645e-05,0.0019093567476951272,0.029783249288711795,297.83249288711795,-0.21181486617145495,-0.21181486617145495,0
1.356,0.01,0.0,0.00931823823249878,0.005848641915261302,0.06973734066037632,0.009270465361222346,0.003950220864033304,0.04020822199237654,4.7772871276434425e-05,0.0018984210512279984,0.02952911866799978,295.2911866799978,-0.2132998048759429,-0.2132998048759429,0
1.357,0.01,0.0,0.009324092387087335,0.005859554803003333,0.06917171510027748,0.009276448040982434,0.003972158042032719,0.03989572043012687,4.764434610490115e-05,0.0018873967609706142,0.029275994670150608,292.75994670150607,-0.21473331948617247,-0.21473331948617247,0
1.358,0.01,0.0,0.009329957118019733,0.005869795434329286,0.06860435528538661,0.009282446925213898,0.003993507072575012,0.03958045649036801,4.7510192805834406e-05,0.0018762883617542735,0.0290238987950186,290.23898795018596,-0.2161158168033115,-0.2161158168033115,0
1.359,0.01,0.0,0.009335831755542954,0.005879368825237676,0.06803536662674836,0.009288461187928825,0.004014268581372801,0.039262514771291335,4.7370567614129014e-05,0.001865100243864875,0.028772851855457027,287.72851855457026,-0.21744771264203777,-0.21744771264203777,0
1.36,0.01,0.0,0.009341715634947333,0.00588828004618355,0.06746485349389689,0.009294490010449895,0.00403444334186207,0.03894197950598451,4.7225624497437835e-05,0.0018538367043214798,0.028522873987912374,285.22873987912374,-0.21872943143781676,-0.21872943143781676,0
1.361,0.01,0.0,0.009347608096620231,0.005896534220492755,0.06689291919971144,0.009300532581460751,0.004054032272341029,0.038618934536722625,4.70755151594799e-05,0.0018425019481517263,0.02827398466298881,282.7398466298881,-0.2199614058612207,-0.2199614058612207,0
1.362,0.01,0.0,0.00935350848609811,0.005904136522777334,0.06631966598607271,0.009306588097053634,0.0040730364331137605,0.03829346329009469,4.6920389044476096e-05,0.0018311000896635739,0.02802620269597802,280.26202695978014,-0.22114407643930178,-0.22114407643930178,0
1.363,0.01,0.0,0.009359416154117027,0.005911092177352793,0.06574519501030447,0.009312655760774355,0.00409145702363994,0.03796564875295447,4.6760393342672527e-05,0.0018196351537128523,0.027779546257350005,277.79546257350006,-0.22227789118399688,-0.22227789118399688,0
1.364,0.01,0.0,0.009365330456661547,0.00591740645665802,0.06516960633238472,0.009318734783664653,0.004109295379691862,0.03763557344918426,4.6595672996894294e-05,0.0018081110769661577,0.027534032883200464,275.3403288320046,-0.223363305227541,-0.223363305227541,0
1.365,0.01,0.0,0.00937125075501208,0.005923084679678572,0.06459299890291088,0.009324824384301992,0.004126552970519967,0.037303319417260256,4.642637071008808e-05,0.0017965317091586048,0.027289679485650628,272.8967948565063,-0.2244007804648982,-0.2244007804648982,0
1.366,0.01,0.0,0.009377176415790637,0.005928132210374042,0.06401547055180341,0.009330923788836853,0.004143231396028019,0.03696896818860788,4.6252626953784126e-05,0.0017849008143460228,0.027046502363195536,270.4650236319554,-0.22539078520315492,-0.22539078520315492,0
1.367,0.01,0.0,0.009383106811005027,0.005932554456110201,0.06343711797773272,0.009337032231027559,0.004159332383959039,0.03663260076673521,4.6074579977468944e-05,0.0017732220721511623,0.026804517210997504,268.04517210997506,-0.22633379381788288,-0.22633379381788288,0
1.368,0.01,0.0,0.00938904131809147,0.0059363568660965645,0.06285803673825363,0.009343148952272687,0.004174857787093043,0.03629429760713297,4.5892365818783754e-05,0.0017614990790035213,0.02656373913112066,265.63739131120656,-0.22723028641640308,-0.22723028641640308,0
1.369,0.01,0.0,0.009394979319955674,0.005939544929830041,0.06227832124063251,0.009349273201641122,0.004189809580457618,0.03595413859792883,4.5706118314552124e-05,0.001749735349372423,0.026324182642703683,263.2418264270368,-0.22808074850794036,-0.22808074850794036,0
1.37,0.01,0.0,0.009400920205012337,0.0059421241755452745,0.06169806473335174,0.009355404235899789,0.004204189858552297,0.03561220304128431,4.5515969112548335e-05,0.0017379343169929779,0.026085861692067426,260.85861692067425,-0.22888567068062127,-0.22888567068062127,0
1.371,0.01,0.0,0.009406863367223123,0.005944100168672283,0.06111735929827653,0.009361541319539117,0.004218000832587689,0.035268569635522114,4.532204768400647e-05,0.0017260993360845934,0.025848789662754418,258.48789662754416,-0.22964554828528527,-0.22964554828528527,0
1.372,0.01,0.0,0.009412808206133081,0.005945478510301973,0.06053629584346923,0.009367683724796278,0.004231244827740252,0.034923316457971705,4.5124481336802566e-05,0.0017142336825617215,0.025612979385497524,256.1297938549752,-0.23036088112603714,-0.23036088112603714,0
1.373,0.01,0.0,0.009418754126905543,0.005946264835660086,0.05995496409663621,0.009373830731676256,0.004243924280423557,0.034576520948521115,4.492339522928733e-05,0.0017023405552365287,0.025378443148115097,253.78443148115096,-0.23103217315753,-0.23103217315753,0
1.374,0.01,0.0,0.009424700540355508,0.005946464812590121,0.059373452599192814,0.009379981627970758,0.004256041735576893,0.03422825989386269,4.471891238475023e-05,0.0016904230770132282,0.025145192705330124,251.45192705330123,-0.23165993218888747,-0.23165993218888747,0
1.375,0.01,0.0,0.009430646862981491,0.005946084140045745,0.05879184870093162,0.009386135709275064,0.004267599843971977,0.033878609412420636,4.451115370642661e-05,0.001678484296073768,0.024913239288510983,249.13239288510982,-0.23224466959425527,-0.23224466959425527,0
1.3760000000000001,0.01,0.0,0.009436592516995896,0.00594512854659319,0.058210238555279833,0.009392292279002807,0.004278601359538528,0.033527644939948115,4.430023799308937e-05,0.0016665271870546618,0.02468259361533172,246.82593615331717,-0.23278690002988434,-0.23278690002988434,0
1.377,0.01,0.0,0.00944253693035388,0.005943603788924128,0.05762870711513138,0.009398450648398757,0.004289049136709424,0.03317544121578169,4.4086281955122916e-05,0.001654554652214704,0.024453265899349687,244.53265899349685,-0.23328714115771643,-0.23328714115771643,0
1.3780000000000001,0.01,0.0,0.009448479536780735,0.005941515650379463,0.05704733812923964,0.009404610136549635,0.00429894612778612,0.032822072269740925,4.38694002311002e-05,0.0016425695225933427,0.024225265859498718,242.25265859498717,-0.2337459133754054,-0.2337459133754054,0
1.379,0.01,0.0,0.009454419775797812,0.005938869939484502,0.056466214139156895,0.009410770070393013,0.004308295380324981,0.03246761140966098,4.364970540479858e-05,0.0016305745591595209,0.023998602729495916,239.98602729495914,-0.2341637395527041,-0.2341637395527041,0
1.3800000000000001,0.01,0.0,0.00946035709274697,0.005935672488495926,0.05588541647670651,0.009416929784724323,0.00431710003454515,0.03211213120954595,4.3427308022647715e-05,0.0016185724539507767,0.023773285267160556,237.73285267160554,-0.2345411447741581,-0.2345411447741581,0
1.381,0.01,0.0,0.009466290938813592,0.005931929151960953,0.05530502526197439,0.009423088622202026,0.004325363320758527,0.03175570349833097,4.3202316611565955e-05,0.0016065658312024262,0.023549321763643417,235.49321763643417,-0.23487865608805159,-0.23487865608805159,0
1.3820000000000001,0.01,0.0,0.009472220771048154,0.0059276458052890954,0.05472511940180603,0.009429245933350972,0.004333088556822432,0.03139839934924082,4.29748376971819e-05,0.0015945572484666638,0.02332672005256521,233.2672005256521,-0.23517680226150706,-0.23517680226150706,0
1.383,0.01,0.0,0.00947814605238639,0.005922828343336878,0.05414577658879596,0.009435401076564015,0.0043402791456154674,0.031040289069733256,4.27449758223751e-05,0.0015825491977214104,0.023105487519062707,231.05487519062706,-0.23543611354171468,-0.23543611354171468,0
1.3840000000000001,0.01,0.0,0.009484066251668024,0.005917482679005874,0.05356707330075625,0.009441553418101864,0.004346938572537085,0.030681442192014855,4.25128335661603e-05,0.0015705441064687888,0.022885631108741398,228.85631108741396,-0.23565712142318063,-0.23565712142318063,0
1.385,0.01,0.0,0.009489980843654123,0.005911614741854394,0.05298908480065114,0.009447702332091286,0.004353070403031325,0.03032192746411758,4.227851156283699e-05,0.0015585443388230688,0.02266715733653356,226.6715733653356,-0.23584035842094497,-0.23584035842094497,0
1.3860000000000001,0.01,0.0,0.009495889309043071,0.005905230476723142,0.05241188513698499,0.009453847200521621,0.00435867828013516,0.02996181284152416,4.2042108521449587e-05,0.0015465521965879817,0.02245007229546083,224.5007229546083,-0.23598635784969257,-0.23598635784969257,0
1.387,0.01,0.0,0.009501791134485169,0.005898335842375165,0.05183554714463078,0.009459987413239708,0.0043637659220518935,0.02960116547933067,4.1803721245460904e-05,0.001534569920323271,0.02223438166530011,222.3438166530011,-0.23609565360868068,-0.23609565360868068,0
1.3880000000000001,0.01,0.0,0.009507685812595873,0.005890936810150361,0.051260142446086704,0.009466122367943204,0.0043683371197499625,0.029240051724934428,4.156344465266852e-05,0.0015225996904003987,0.022020090721152276,220.20090721152275,-0.23616877997241392,-0.23616877997241392,0
1.389,0.01,0.0,0.009513572841967721,0.005883039362634845,0.05068574145314852,0.00947225147017238,0.004372395734587541,0.028878537111235694,4.1321371795341455e-05,0.0015106436280473041,0.021807204341912825,218.07204341912825,-0.2362062713869788,-0.2362062713869788,0
1.3900000000000001,0.01,0.0,0.009519451727180906,0.005874649492345407,0.050112413368985476,0.009478374133300391,0.004375945695963277,0.02851668635034177,4.1077593880514685e-05,0.00149870379638213,0.021595727018643707,215.95727018643706,-0.236208662271987,-0.236208662271987,0
1.391,0.01,0.0,0.009525321978812562,0.005865773200429325,0.04954022619060791,0.009484489778522086,0.004378990998993465,0.02815456332776185,4.083220029047624e-05,0.00148678220143586,0.02138566286284606,213.8566286284606,-0.23617648682802006,-0.23617648682802006,0
1.3920000000000001,0.01,0.0,0.00953118311344475,0.005856416495379769,0.04896924671171458,0.00949059783484135,0.004381535702215986,0.0277922310970815,4.05852786034e-05,0.0014748807931637834,0.021177015614633077,211.77015614633078,-0.23611027884951952,-0.23611027884951952,0
1.393,0.01,0.0,0.009537034653671169,0.00584658539176699,0.04839954052590821,0.009496697739057062,0.004383583925321243,0.02742975187510549,4.0336914614106864e-05,0.0014630014664457468,0.02096978865080272,209.69788650802718,-0.23601057154304161,-0.23601057154304161,0
1.3940000000000001,0.01,0.0,0.009542876128102602,0.005836285908985519,0.04783117203026781,0.009502788935747656,0.004385139846910385,0.027067187037457835,4.008719235494562e-05,0.0014511460620751336,0.020763984992809972,207.63984992809972,-0.23587789735078601,-0.23587789735078601,0
1.395,0.01,0.0,0.009548707071371123,0.005825524070017558,0.04726420442926639,0.009508870877254355,0.00438620770228102,0.02670459711462813,3.983619411676749e-05,0.0014393163677365378,0.02055960731463826,205.5960731463826,-0.23571278777933902,-0.23571278777933902,0
1.3960000000000001,0.01,0.0,0.009554527024133072,0.0058143059002127365,0.04669869973902313,0.009514943023663078,0.004386791781240636,0.026342041788453154,3.958400046999433e-05,0.0014275141189721008,0.020356657950569977,203.56657950569976,-0.23551577323354334,-0.23551577323354334,0
1.397,0.01,0.0,0.009560335533070825,0.005802637426084407,0.04613471879187892,0.009521004842785072,0.004386896425947923,0.025979579889023136,3.9330690285752784e-05,0.0014157410001364836,0.020155138902855786,201.55138902855785,-0.2352873828553994,-0.2352873828553994,0
1.3980000000000001,0.01,0.0,0.00956613215089335,0.005790524674122621,0.04557232124128472,0.009527055810136293,0.004386526028782176,0.025617269392001946,3.907634075705699e-05,0.0014039986453404443,0.019955051849282774,199.55051849282773,-0.23502814436796005,-0.23502814436796005,0
1.399,0.01,0.0,0.009571916436335613,0.005777973669623936,0.04501156556699206,0.009533095408915568,0.004385685030240896,0.025255167416350626,3.882102742004505e-05,0.0013922886393830398,0.019756398150641435,197.56398150641434,-0.23473858392408964,-0.23473858392408964,0
1.4000000000000001,0.01,0.0,0.009577687954156793,0.00576499043553817,0.044452509080535364,0.00953912312998157,0.00438437791686577,0.024893330222444002,3.856482417522247e-05,0.0013806125186724,0.019559178858091362,195.5917885809136,-0.23441922596005682,-0.23441922596005682,0
1.401,0.01,0.0,0.009583446275137377,0.0057515809913322325,0.04389520793099584,0.009545138471828618,0.004382609219197102,0.024531813210569915,3.830780330875937e-05,0.0013689717721351302,0.019363394720425926,193.63394720425924,-0.23407059305383182,-0.23407059305383182,0
1.4020000000000001,0.01,0.0,0.009589190976075105,0.005737751351871129,0.04333971711103708,0.009551140940561365,0.004380383509756837,0.024170670919801126,3.8050035513740796e-05,0.0013573678421142914,0.019169046191235956,191.69046191235955,-0.23369320578806185,-0.23369320578806185,0
1.403,0.01,0.0,0.009594921639779822,0.005723507526316233,0.04278609046320231,0.009557130049868369,0.004377705401060221,0.023809957027229645,3.779158991145358e-05,0.0013458021252560123,0.018976133435972663,189.76133435972662,-0.23328758261759752,-0.23328758261759752,0
1.4040000000000001,0.01,0.0,0.009600637855067233,0.005708855517040913,0.04223438068646379,0.009563105320994606,0.004374579543656187,0.023449724347553772,3.7532534072626245e-05,0.0013342759733847263,0.01878465633891002,187.84656338910017,-0.23285423974153474,-0.23285423974153474,0
1.405,0.01,0.0,0.009606339216751575,0.005693801318563594,0.04168463934301484,0.009569066282712917,0.004371010624196523,0.02309002483300797,3.727293403865857e-05,0.0013227906943670707,0.018594614510006872,185.94614510006872,-0.23239369097964957,-0.23239369097964957,0
1.4060000000000001,0.01,0.0,0.009612025325637239,0.005678350916498296,0.04113691686529517,0.009575012471294447,0.004367003363533841,0.022730909573626036,3.7012854342792154e-05,0.0013113475529644546,0.018406007291669135,184.06007291669135,-0.23190644765318957,-0.23190644765318957,0
1.407,0.01,0.0,0.009617695788509344,0.005662510286522731,0.040591262563240374,0.009580943430478103,0.004362562514848378,0.02237242879782799,3.675235803124108e-05,0.001299947771674353,0.018218833765412383,182.1883376541238,-0.2313930184699169,-0.2313930184699169,0
1.408,0.01,0.0,0.009623350218123298,0.005646285393363978,0.04004772463174666,0.009586858711439019,0.0043576928618036396,0.02201463187332135,3.649150668427921e-05,0.0012885925315603381,0.018033092758425313,180.33092758425312,-0.23085390941332928,-0.23085390941332928,0
1.409,0.01,0.0,0.009628988233193348,0.005629682189801785,0.039506350158342,0.009592757872756118,0.0043523992167308866,0.021657567308307635,3.623036043723035e-05,0.0012772829730708984,0.017848782850034366,178.48782850034365,-0.23028962363599703,-0.23028962363599703,0
1.41,0.01,0.0,0.009634609458380131,0.005612706615689523,0.038967185131055126,0.00959864048037873,0.004346686418842429,0.021301282752984915,3.5968978001401156e-05,0.0012660201968470938,0.01766590237807021,176.6590237807021,-0.22970066135692502,-0.22970066135692502,0
1.411,0.01,0.0,0.009640213524277278,0.005595364596992799,0.03843027444647383,0.009604506107592345,0.00434055933247371,0.020945825001337494,3.570741668493249e-05,0.0012548052645190893,0.017484449445136337,174.84449445136335,-0.22908751976285213,-0.22908751976285213,0
1.412,0.01,0.0,0.009645800067397048,0.005577662044845752,0.03789566191798445,0.009610354334983496,0.004334022845354142,0.020591239993203954,3.544573241355195e-05,0.0012436391994916102,0.017304421924780496,173.04421924780496,-0.22845069291345688,-0.22845069291345688,0
1.413,0.01,0.0,0.009651368730155027,0.005559604854625011,0.03736339028418426,0.0096161847504038,0.004327081866906624,0.020237572816614837,3.518397975122746e-05,0.001232522987718387,0.017125817467569426,171.25817467569425,-0.22779067165032796,-0.22779067165032796,0
1.414,0.01,0.0,0.009656919160853927,0.005541198905041333,0.03683350121745902,0.009621996948933202,0.004319741326575691,0.01988486771039147,3.492221192072549e-05,0.0012214575784656422,0.016948633507067552,169.48633507067552,-0.2271079435096972,-0.2271079435096972,0
1.415,0.01,0.0,0.009662451013666458,0.00552245005724889,0.036306035332717645,0.009627790532842411,0.004312006172184213,0.01953316806699749,3.46604808240461e-05,0.0012104438850646763,0.016772867265720155,167.72867265720154,-0.22640299263879715,-0.22640299263879715,0
1.416,0.01,0.0,0.009667963948617346,0.005503364153972174,0.035781032196276694,0.009633565111554603,0.004303881368318549,0.01918251643563488,3.439883706274349e-05,0.0011994827856536246,0.016598515760641815,165.98515760641814,-0.22567629971581482,-0.22567629971581482,0
1.417,0.01,0.0,0.009673457631564469,0.0054839470186505155,0.03525853033488696,0.009639320301606333,0.004295371894742074,0.018832954525576304,3.413732995813552e-05,0.0011885751239084415,0.016425575809310658,164.25575809310658,-0.22492834187333877,-0.22492834187333877,0
1.418,0.01,0.0,0.009678931734179153,0.005464204454600152,0.03473856724489504,0.00964505572660779,0.004286482744836963,0.018484523209725906,3.387600757136407e-05,0.0011777217097631888,0.016254044035169134,162.54044035169133,-0.2241595926252513,-0.2241595926252513,0
1.419,0.01,0.0,0.009684385933925635,0.0054441422441938205,0.03422117940153266,0.009650771017202303,0.004277218924074124,0.018137262528400568,3.361491672333218e-05,0.0011669233201196966,0.01608391687313209,160.8391687313209,-0.22337052179697636,-0.22337052179697636,0
1.42,0.01,0.0,0.009689819914039714,0.005423766148057808,0.03370640226832686,0.00965646581102521,0.004267585448511135,0.01779121169332402,3.335410301450424e-05,0.001156180699546673,0.015915190575002836,159.15190575002836,-0.22256159545901433,-0.22256159545901433,0
1.421,0.01,0.0,0.00969523336350662,0.005403081904286425,0.033194270306624134,0.009662139752662066,0.00425758734331809,0.017446409091826248,3.309361084455342e-05,0.0011454945609683347,0.015747861214797886,157.47861214797885,-0.22173327586371894,-0.22173327586371894,0
1.422,0.01,0.0,0.009700625977038087,0.005382095227673811,0.03268481698522194,0.009667792493606218,0.0042472296413311695,0.017102892291240644,3.283348343186866e-05,0.0011348655863426416,0.015581924693981293,155.81924693981293,-0.22088602138519242,-0.22088602138519242,0
1.423,0.01,0.0,0.009705997455048682,0.005360811808963027,0.03217807479010101,0.00967342369221577,0.0042365173816338135,0.016760698043491794,3.257376283291244e-05,0.0011242944273292133,0.015417376746609219,154.1737674660922,-0.220020286462292,-0.220020286462292,0
1.424,0.01,0.0,0.00971134750363138,0.005339237314112344,0.031674075234252176,0.009679033013669977,0.00422545560816534,0.016419862289866603,3.231448996140335e-05,0.0011137817059470043,0.015254212944385573,152.5421294438557,-0.21913652154464192,-0.21913652154464192,0
1.425,0.01,0.0,0.009716675834532425,0.005317377383578664,0.031172848867591342,0.009684620129925055,0.004214049368356827,0.01608042016596174,3.20557046073703e-05,0.0011033280152218375,0.015092428701629603,150.92428701629603,-0.2182351730415819,-0.2182351730415819,0
1.426,0.01,0.0,0.009721982165125473,0.005295237631617964,0.03067442528695675,0.009690184719669466,0.004202303711794111,0.01574240600680062,3.1797445456007226e-05,0.0010929339198238533,0.014932019280156132,149.32019280156132,-0.21731668327402165,-0.21731668327402165,0
1.427,0.01,0.0,0.009727266218385053,0.0052728236456026974,0.03017883314618246,0.009695726468278654,0.004190223688907701,0.015405853352113,3.1539750106399436e-05,0.0010825999566949967,0.01477297979406946,147.7297979406946,-0.21638149042908061,-0.21638149042908061,0
1.428,0.01,0.0,0.009732527722859343,0.005250140985356039,0.029686100166242315,0.009701245067769294,0.004177814349689441,0.015070794951770756,3.128265509004871e-05,0.0010723266356665985,0.014615305214471559,146.1530521447156,-0.2154300285175017,-0.2154300285175017,0
1.429,0.01,0.0,0.009737766412642304,0.005227195182502886,0.02919625314545877,0.009706740216753058,0.004165080742435727,0.014737262771373166,3.102619588924577e-05,0.0010621144400671583,0.014458990374085602,144.58990374085602,-0.21446272733374538,-0.21446272733374538,0
1.43,0.01,0.0,0.009742982027345153,0.005203991739837494,0.02870931796977105,0.009712211620389898,0.0041520279125170775,0.014405287997975446,3.077040695525536e-05,0.0010519638273204165,0.014304029971795603,143.04029971795603,-0.2134800124187004,-0.2134800124187004,0
1.431,0.01,0.0,0.009748174312067228,0.005180536130707665,0.028225319623057337,0.009717658990340888,0.004138660901173864,0.014074901045954243,3.051532172634007e-05,0.0010418752295338002,0.014150418577103094,141.50418577103093,-0.2124823050249578,-0.2124823050249578,0
1.432,0.01,0.0,0.009753343017366248,0.005156833798415342,0.027744282197505684,0.00972308204472065,0.004124984744337993,0.013746131563004032,3.0260972645598447e-05,0.001031849054077349,0.013998150634501652,139.9815063450165,-0.21147002208459043,-0.21147002208459043,0
1.433,0.01,0.0,0.009758487899227963,0.005132890155633518,0.027266228904028633,0.009728480508049347,0.004111004471480322,0.013419008436258423,3.000739117861584e-05,0.001021885684153196,0.01384722046777021,138.47220467770208,-0.21044357617935638,-0.21044357617935638,0
1.434,0.01,0.0,0.009763608719035245,0.005108710583839326,0.026791182082716556,0.009733854111204303,0.00409672510448361,0.013093559798530488,2.975460783094172e-05,0.0010119854793557157,0.013697622284186068,136.97622284186068,-0.20940337551329957,-0.20940337551329957,0
1.435,0.01,0.0,0.009768705243536612,0.0050843004327631855,0.026319163213324868,0.009739202591371236,0.004082151656540762,0.01276981303466639,2.9502652165376217e-05,0.0010021487762224236,0.013549350178658479,135.49350178658477,-0.20834982388764978,-0.20834982388764978,0
1.436,0.01,0.0,0.00977377724481422,0.005059665019853889,0.02585019292579044,0.009744525691995135,0.0040672891310781605,0.01244779478800673,2.9251552819084883e-05,0.0009923758887757286,0.01340239813778371,134.0239813778371,-0.20728332067799737,-0.20728332067799737,0
1.437,0.01,0.0,0.009778824500251315,0.005034809629759476,0.025384291010772615,0.00974982316273081,0.004052142520703847,0.012127530966950139,2.900133752050532e-05,0.0009826671090556287,0.013256760043822476,132.56760043822476,-0.20620426081366183,-0.20620426081366183,0
1.438,0.01,0.0,0.00978384679249918,0.005009739513823776,0.02492147643021443,0.00975509475939309,0.004036716806180325,0.011809046751613683,2.8752033106088995e-05,0.0009730227076434513,0.013112429678600749,131.12429678600748,-0.2051130347592114,-0.2051130347592114,0
1.439,0.01,0.0,0.009788843909443585,0.004984459889598478,0.02446176732791961,0.009760340243906752,0.004021016955421741,0.011492366600584916,2.8503665536833145e-05,0.000963442934176737,0.012969400727334695,129.69400727334695,-0.20401002849806815,-0.20401002849806815,0
1.44,0.01,0.0,0.00979381564417076,0.004958975940370583,0.024005181040141235,0.009765559384256115,0.004005047922515224,0.0111775142577604,2.8256259914644435e-05,0.0009539280178553584,0.012827666782380835,128.27666782380834,-0.20289562351815427,-0.20289562351815427,0
1.441,0.01,0.0,0.009798761794932895,0.004933292814705101,0.023551734106177943,0.0097707519544344,0.003988814646766121,0.010864512759265716,2.8009840498494434e-05,0.0009444781679389799,0.012687221346912227,126.87221346912226,-0.20177019679951602,-0.20177019679951602,0
1.442,0.01,0.0,0.009803682165113204,0.004907415626002842,0.023101442278973677,0.009775917734392812,0.003972322051766896,0.010553384440452057,2.776443072039121e-05,0.0009350935742359458,0.01254805783852162,125.48057838521619,-0.20063412080387177,-0.20063412080387177,0
1.443,0.01,0.0,0.009808576563190535,0.004881349452073149,0.022654320535717157,0.009781056509989375,0.003955575044489444,0.010244150942964611,2.752005320116012e-05,0.0009257744075837054,0.012410169592752545,124.10169592752544,-0.19948776346604546,-0.19948776346604546,0
1.444,0.01,0.0,0.009813444802703582,0.004855099334721438,0.022210383088437292,0.00978616807293754,0.003938578514400561,0.009936833221878076,2.7276729766042423e-05,0.0009165208203208769,0.012273549866559217,122.73549866559216,-0.19833148818720758,-0.19833148818720758,0
1.445,0.01,0.0,0.009818286702214673,0.00482867027935137,0.021769643394590945,0.009791252220754594,0.0039213373326003435,0.009631451552894807,2.7034481460078835e-05,0.0009073329467510268,0.012138191841696138,121.38191841696137,-0.1971656538299058,-0.1971656538299058,0
1.446,0.01,0.0,0.009823102085273183,0.004802067254581518,0.021332114167639478,0.009796308756709856,0.003903856350983229,0.009328025539601041,2.6793328563326502e-05,0.0008982109035982895,0.012004088628038437,120.04088628038436,-0.1959906147148045,-0.1959906147148045,0
1.447,0.01,0.0,0.009827890780378554,0.0047752951918763565,0.02089780738761067,0.009801337489772686,0.003886140401421448,0.009026574120776953,2.6553290605867835e-05,0.0008891547904549086,0.011871233266833717,118.71233266833715,-0.1948067206191073,-0.1948067206191073,0
1.448,0.01,0.0,0.009832652620942968,0.0047483589851914365,0.02046673431164272,0.009806338234560338,0.0038681942949706223,0.008727115577756274,2.6314386382630256e-05,0.0008801646902208142,0.011739618733886445,117.39618733886445,-0.19361431677659624,-0.19361431677659624,0
1.449,0.01,0.0,0.009837387445253669,0.004721263490632558,0.02003890548450708,0.009811310811285645,0.0038500228210972477,0.008429667541831335,2.6076633968023788e-05,0.0008712406695353101,0.011609237942675744,116.09237942675743,-0.19241374387925703,-0.19241374387925703,0
1.45,0.01,0.0,0.009842095096434939,0.004694013526128801,0.01961433074910706,0.009816255045704568,0.003831630746927803,0.008134247001699554,2.584005073037049e-05,0.0008623827792009976,0.011480083747407506,114.80083747407505,-0.19120533808042683,-0.19120533808042683,0
1.451,0.01,0.0,0.009846775422409772,0.004666613871119238,0.01919301925694914,0.009821170769063605,0.0038130228165192234,0.007840870310947406,2.560465334616735e-05,0.000853591054600015,0.011352148946001735,113.52148946001734,-0.189989430999427,-0.189989430999427,0
1.452,0.01,0.0,0.009851428275861234,0.004639069266253173,0.01877497947858412,0.009826057818047105,0.0037942037501504794,0.0075495531955681264,2.5370457814128874e-05,0.0008448655161026938,0.011225426283015994,112.25426283015994,-0.18876634972764617,-0.18876634972764617,0
1.453,0.01,0.0,0.009856053514193523,0.004611384413103727,0.018360219214015278,0.009830916034724458,0.003775178243634991,0.007260310761509308,2.5137479469064875e-05,0.0008362061694687358,0.01109990845250597,110.9990845250597,-0.18753641683600897,-0.18753641683600897,0
1.454,0.01,0.0,0.00986065099949276,0.00458356397389462,0.017948745603070786,0.009835745266497201,0.0037559509676536166,0.0069731575022469044,2.490573299555876e-05,0.0008276130062410034,0.010975588100823882,109.75588100823882,-0.18629995038379032,-0.18629995038379032,0
1.455,0.01,0.0,0.009865220598487498,0.004555612571239973,0.017540565135737818,0.009840545366046052,0.003736526567107953,0.006688107306382059,2.4675232441446343e-05,0.0008190860041320204,0.010852457829355759,108.52457829355758,-0.18505726392875577,-0.18505726392875577,0
1.456,0.01,0.0,0.009869762182509007,0.004527534787896956,0.017135683662455756,0.009845316191277868,0.003716909660493674,0.00640517346525727,2.444599123113851e-05,0.0008106251274032816,0.010730510197198485,107.30510197198485,-0.18380866653855765,-0.18380866653855765,0
1.457,0.01,0.0,0.009874275627451279,0.004499335166531119,0.01673410640436605,0.009850057605272564,0.0036971048392936564,0.006124368680588714,2.4218022178714924e-05,0.0008022303272374625,0.010609737723777336,106.09737723777336,-0.18255446280335708,-0.18255446280335708,0
1.458,0.01,0.0,0.009878760813730835,0.004471018209494237,0.01633583796351639,0.009854769476229966,0.003677116667390604,0.0058457050721113036,2.3991337500868515e-05,0.0007939015421036333,0.010490132891405088,104.90132891405088,-0.18129495284962882,-0.18129495284962882,0
1.459,0.01,0.0,0.009883217626246305,0.004442588378614494,0.015940882333016927,0.009859451677416664,0.003656949680498931,0.00556919418523349,2.37659488296401e-05,0.0007856386981155627,0.010371688147783435,103.71688147783435,-0.18003043235512894,-0.18003043235512894,0
1.46,0.01,0.0,0.0098876459543378,0.004414050094998832,0.015549242907146271,0.009864104087112817,0.0036366083856156123,0.005294846998698617,2.3541867224982985e-05,0.0007774417093832195,0.010254395908447653,102.54395908447653,-0.17876119256494594,-0.17876119256494594,0
1.461,0.01,0.0,0.0098920456917461,0.0043854077388473,0.015160922491405267,0.009868726588558967,0.0036160972604897547,0.005022673932249947,2.331910318713326e-05,0.0007693104783575455,0.010138248559155322,101.38248559155322,-0.1774875203086328,-0.1774875203086328,0
1.462,0.01,0.0,0.00989641673657166,0.004356665649279228,0.014775923312516428,0.00987331906990285,0.00359542075311061,0.00475268485429642,2.3097666668810135e-05,0.0007612448961686175,0.010023238458220007,100.23238458220007,-0.1762096980183765,-0.1762096980183765,0
1.463,0.01,0.0,0.009900758991233443,0.004327828124171041,0.014394247028367101,0.00987788142414622,0.00357458328121377,0.004484889089576365,2.2877567087223674e-05,0.0007532448429572714,0.009909357938790737,99.09357938790737,-0.17492800374814266,-0.17492800374814266,0
1.464,0.01,0.0,0.00990507236242761,0.004298899420005573,0.01401589473789452,0.009882413549091704,0.0035535892318052757,0.004219295426816437,2.2658813335905623e-05,0.0007453101882002973,0.009796599311078083,97.96599311078083,-0.17364271119380525,-0.17364271119380525,0
1.465,0.01,0.0,0.009909356761086043,0.004269883751732662,0.013640866990910895,0.009886915347289669,0.00353244296070338,0.003955912126383116,2.2441413796373683e-05,0.0007374407910292818,0.009684954864527778,96.84954864527778,-0.17235408971417243,-0.17235408971417243,0
1.466,0.01,0.0,0.009913612102334754,0.004240785292640891,0.01326916379786685,0.009891386725985158,0.0035111487920976925,0.0036947469279242982,2.22253763495963e-05,0.0007296365005431986,0.00957441686994255,95.7441686994255,-0.17106240435292097,-0.17106240435292097,0
1.467,0.01,0.0,0.009917838305452169,0.004211608174240294,0.012900784639551544,0.009895827597064867,0.003489711018125452,0.0034358070579983877,2.2010708387301334e-05,0.0007218971561148424,0.009464977581553156,94.64977581553156,-0.16976791586137985,-0.16976791586137985,0
1.468,0.01,0.0,0.009922035293827285,0.004182356486155832,0.012535728476727888,0.009900237877004189,0.0034681338984646516,0.0031790992376885675,2.179741682309562e-05,0.00071422258769118,0.00935662923903932,93.56629239039319,-0.1684708807221389,-0.1684708807221389,0
1.469,0.01,0.0,0.00992620299491774,0.004153034276031493,0.012173993759701345,0.00990461748681432,0.0034464216599437688,0.0029246296901998797,2.1585508103419762e-05,0.0007066126160877239,0.009249364069501465,92.49364069501465,-0.1671715511734364,-0.1671715511734364,0
1.47,0.01,0.0,0.009930341340207796,0.004123645549444837,0.011815578437820877,0.00990896635198946,0.0034245784961678253,0.0026724041484369066,2.1374988218336374e-05,0.000699067053277012,0.00914317428938397,91.4317428938397,-0.1658701752343159,-0.1658701752343159,0
1.471,0.01,0.0,0.009934450265166221,0.0040941942698318025,0.011460479968910664,0.0099132844024541,0.003402608567160533,0.0024224278625598894,2.11658627121223e-05,0.0006915857026712695,0.009038052106350775,90.38052106350774,-0.16456699673051034,-0.16456699673051034,0
1.472,0.01,0.0,0.009938529709204122,0.004064684358421612,0.011108695328631249,0.009917571572510395,0.003380515999022247,0.0021747056075170704,2.095813669372726e-05,0.0006841683593993646,0.008933989721114179,89.33989721114177,-0.16326225532101812,-0.16326225532101812,0
1.473,0.01,0.0,0.009942579615632711,0.004035119694181607,0.010760221019768885,0.009921827800785675,0.0033583048836034884,0.0019292416905513868,2.0751814847036476e-05,0.0006768148105781189,0.008830979329217498,88.30979329217497,-0.16195618652534272,-0.16195618652534272,0
1.474,0.01,0.0,0.009946599931621013,0.004005504113771843,0.010415053081451903,0.009926053030180034,0.003335979278193764,0.0016860399586794378,2.0546901440978912e-05,0.0006695248355780789,0.008729013122772465,87.29013122772464,-0.1606490217513814,-0.1606490217513814,0
1.475,0.01,0.0,0.00995059060815355,0.0039758414115092545,0.01007318709829294,0.009930247207814075,0.0033135432052254364,0.001445103806140862,2.0343400339475903e-05,0.0006622982062838181,0.008628083292152079,86.28083292152078,-0.15934098832391275,-0.15934098832391275,0
1.476,0.01,0.0,0.009954551599987971,0.003946135339341253,0.009734618209455986,0.009934410284976762,0.003291000651992395,0.0012064361818163382,2.0141315011209387e-05,0.0006551346873488579,0.008528182027639648,85.28182027639647,-0.15803230951367198,-0.15803230951367198,0
1.477,0.01,0.0,0.009958482865612687,0.003916389606828559,0.00939934111764722,0.009938542217073439,0.0032683555703832603,0.0009700395966123609,1.9940648539247888e-05,0.0006480340364452986,0.00842930152103486,84.29301521034859,-0.15672320456697886,-0.15672320456697886,0
1.478,0.01,0.0,0.009962384367204466,0.003886607881137122,0.00906735009802869,0.009942642963573963,0.003245611876628883,0.000735916130811178,1.9741403630502488e-05,0.0006409960045082388,0.008331433967217512,83.31433967217511,-0.1554138887358949,-0.1554138887358949,0
1.479,0.01,0.0,0.00996625607058605,0.0038567937870389413,0.008738639007053923,0.009946712487961026,0.0032227734510638885,0.0005040674413842118,1.9543582625024952e-05,0.0006340203359750528,0.00823457156566971,82.3457156566971,-0.15410457330887972,-0.15410457330887972,0
1.48,0.01,0.0,0.00997009794518376,0.003826950906921641,0.008413201291224639,0.009950750757678609,0.003199844137902013,0.00027449476926739503,1.934718750515145e-05,0.000627106769019628,0.008138706521957244,81.38706521957243,-0.15279546564192792,-0.15279546564192792,0
1.481,0.01,0.0,0.009973909963985114,0.0037970827808066145,0.008091029995767747,0.009954757744080629,0.0031768277450249884,4.7198946596912784e-05,1.9152219904484957e-05,0.000620255035781626,0.008043831049170835,80.43831049170835,-0.1514867691901527,-0.1514867691901527,0
1.482,0.01,0.0,0.009977692103496482,0.0037671929063755887,0.007772117773231915,0.009958733422379741,0.0031537280437847295,-0.00017781959609612023,1.8958681116740608e-05,0.0006134648625908592,0.007949937369328036,79.49937369328036,-0.15017868353980646,-0.15017868353980646,0
1.483,0.01,0.0,0.009981444343700761,0.003737284739005433,0.007456456892002962,0.009962677771596347,0.0031305487688185873,-0.0004005608227333945,1.876657210441411e-05,0.0006067359701868455,0.007857017714736356,78.57017714736355,-0.1488714044406958,-0.1488714044406958,0
1.484,0.01,0.0,0.00998516666801509,0.003707361691811054,0.007144039244737496,0.009966590774507763,0.003107293617877417,-0.0006210250845809753,1.8575893507326996e-05,0.000600068073933637,0.007765064329318472,77.65064329318471,-0.14756512383897746,-0.14756512383897746,0
1.485,0.01,0.0,0.00998885906324861,0.0036774271356962186,0.006834856356714157,0.009970472417597612,0.0030839662516662326,-0.0008392131131858815,1.8386645650998387e-05,0.000593460884029986,0.0076740694699000385,76.74069469900039,-0.14626002991032916,-0.14626002991032916,0
1.486,0.01,0.0,0.009992521519560286,0.0036474843994121343,0.006528899394101905,0.009974322691005398,0.0030605702936972036,-0.0010551260133590365,1.8198828554888413e-05,0.0005869141057149307,0.007584025407460941,75.8402540746094,-0.14495630709343743,-0.14495630709343743,0
1.487,0.01,0.0,0.009996154030416787,0.0036175367696236345,0.006226159172144879,0.009978141588476295,0.0030371093301547586,-0.001268765256205656,1.8012441940492424e-05,0.0005804274394688759,0.007494924428350536,74.94924428350535,-0.1436541361238053,-0.1436541361238053,0
1.488,0.01,0.0,0.009999756592550433,0.0035875874909828075,0.005926626163263348,0.009981929107311154,0.0030135869097725723,-0.0014801326722042201,1.7827485239279087e-05,0.0005740005812102352,0.007406758835467568,74.06758835467568,-0.14235369406786713,-0.14235369406786713,0
1.489,0.01,0.0,0.01000332920591722,0.0035576397662099106,0.005630290505070317,0.009985685248316717,0.0029900065437221857,-0.0016892304443351849,1.764395760050358e-05,0.000567633222487725,0.007319520949405502,73.195209494055,-0.1410551543573657,-0.1410551543573657,0
1.49,0.01,0.0,0.010006871873654942,0.003527696756181415,0.005337142008303426,0.009989410015756067,0.0029663717055130514,-0.0018960611012603609,1.746185789887507e-05,0.0005613250506683637,0.007233203109563787,72.33203109563787,-0.1397586868239804,-0.1397586868239804,0
1.491,0.01,0.0,0.010010384602041377,0.003497761580025023,0.00504717016467182,0.0099931034172993,0.002942685830903763,-0.0021006275105539566,1.728118474207674e-05,0.0005550757491212602,0.007147797675225776,71.47797675225776,-0.13846445773420335,-0.13846445773420335,0
1.492,0.01,0.0,0.010013867400452608,0.003467837315221506,0.004760364154617644,0.009996765463974442,0.0029189523178242438,-0.0023029328719862733,1.7101936478166116e-05,0.0005488849973972624,0.007063297026603917,70.63297026603917,-0.1371726298244269,-0.1371726298244269,0
1.493,0.01,0.0,0.010017320281321412,0.0034379269977132094,0.004476712854991932,0.010000396170118594,0.0028951745263086845,-0.0025029807108608577,1.6924111202817546e-05,0.0005427524714045249,0.00697969356585279,69.7969356585279,-0.13588336233622123,-0.13588336233622123,0
1.494,0.01,0.0,0.010020743260095792,0.0034080336220190708,0.004196204846644673,0.010003995553329335,0.0028713557784389872,-0.002700774871406029,1.6747706766457107e-05,0.0005366778435800836,0.0068969797180507015,68.96979718050702,-0.13459681105180277,-0.13459681105180277,0
1.495,0.01,0.0,0.010024136355197609,0.0033781601413560066,0.003918828421928838,0.01000756363441636,0.002847499358298518,-0.0028963195102214814,1.6572720781248343e-05,0.0005306607830574887,0.006815147932150319,68.15147932150319,-0.13331312832965825,-0.13331312832965825,0
1.496,0.01,0.0,0.01002749958798134,0.003348309467766511,0.003644571592118239,0.010011100437353388,0.002823608511935941,-0.003089619089780783,1.639915062795136e-05,0.00052470095583057,0.006734190681899023,67.34190681899022,-0.13203246314032047,-0.13203246314032047,0
1.497,0.01,0.0,0.010030832982692972,0.0033184844722523254,0.0033734220947390847,0.010014605989230317,0.0027996864473389194,-0.0032806783719904645,1.6226993462655284e-05,0.000518798024913406,0.006654100466729549,66.54100466729548,-0.1307549611022676,-0.1307549611022676,0
1.498,0.01,0.0,0.010034136566429035,0.003288687984914028,0.0031053674008151544,0.010018080320205654,0.0027757363344174716,-0.003469502411806353,1.605624622338063e-05,0.0005129516504965566,0.006574869812621507,65.74869812621506,-0.12948076451794144,-0.12948076451794144,0
1.499,0.01,0.0,0.010037410369095768,0.0032589227950964037,0.0028403947220265327,0.010021523463459203,0.0027517613049967754,-0.0036560965509078005,1.5886905636565418e-05,0.0005071614900996283,0.006496491272934333,64.96491272934333,-0.12821001240986174,-0.12821001240986174,0
1.5,0.01,0.0,0.010040654423368437,0.003229191651539443,0.0025784910177818806,0.01002493545514502,0.002727764452819211,-0.003840466411430358,1.5718968223417742e-05,0.0005014271987202317,0.006418957429212238,64.18957429212237,-0.12694284055681315,-0.12694284055681315,0
1.5010000000000001,0.01,0.0,0.010043868764650814,0.0031994972625348362,0.002319643002204268,0.010028316334344664,0.0027037488335554354,-0.004022617889757464,1.555243030615036e-05,0.0004957484289794009,0.0063422608919617325,63.422608919617325,-0.1256793815301238,-0.1256793815301238,0
1.502,0.01,0.0,0.010047053431034805,0.003169842296087816,0.002063837151030567,0.010031666143020706,0.002679717464824283,-0.004202557150371691,1.5387288014099068e-05,0.000490124831263533,0.006266394301402258,62.66394301402258,-0.1244197647299714,-0.1244197647299714,0
1.5030000000000001,0.01,0.0,0.010050208463260246,0.003140229380084213,0.001811059708424512,0.010034984925970538,0.0026556733262213016,-0.004380290619765963,1.522353728970749e-05,0.00048455605386291123,0.006191350328190475,61.913503281904745,-0.12316411642175673,-0.12316411642175673,0
1.504,0.01,0.0,0.01005333390467487,0.0031106611024625834,0.0015612966937034716,0.010038272730780446,0.0026316193593557075,-0.0045558249804153,1.5061173894425142e-05,0.0004790417431068759,0.006117121674118772,61.17121674118771,-0.12191255977246485,-0.12191255977246485,0
1.5050000000000001,0.01,0.0,0.010056429801194453,0.0030811400113912777,0.0013145339079791278,0.01004152960778,0.002607558467895585,-0.00472916716480929,1.490019341445284e-05,0.0004735815434956927,0.006043701072788418,60.43701072788418,-0.12066521488708837,-0.12066521488708837,0
1.506,0.01,0.0,0.010059496201263124,0.0030516686154503083,0.001070756940712108,0.010044755609996719,0.002583493517621111,-0.004900324349545923,1.4740591266404826e-05,0.00046817509782919736,0.005971081290258031,59.71081290258031,-0.11942219884500549,-0.11942219884500549,0
1.5070000000000001,0.01,0.0,0.010062533155813878,0.00302224938381789,0.000829951176180836,0.010047950793111033,0.0025594273364856392,-0.005069303949486902,1.4582362702844284e-05,0.00046282204733225085,0.005899255125667738,58.99255125667738,-0.1181836257363873,-0.1181836257363873,0
1.508,0.01,0.0,0.010065540718229267,0.002992884746461514,0.0005921017998647103,0.010051115215411556,0.0025353627146844316,-0.005236113611974888,1.442550281771128e-05,0.0004575220317770824,0.005828215411839598,58.28215411839598,-0.11694960669854204,-0.11694960669854204,0
1.5090000000000001,0.01,0.0,0.010068518944302288,0.0029635770943334363,0.00035719380474191125,0.010054248937750651,0.002511302404730865,-0.005400761211112865,1.4270006551636225e-05,0.00045227468960257113,0.005757955015854776,57.57955015854776,-0.11572024995225938,-0.11572024995225938,0
1.51,0.01,0.0,0.010071467892197462,0.002934328779570437,0.0001252119975020034,0.010057352023500303,0.002487249121539918,-0.0055632548421059615,1.4115868697159653e-05,0.00044707965803051893,0.005688466839607965,56.88466839607965,-0.11449566083808982,-0.11449566083808982,0
1.5110000000000001,0.01,0.0,0.010074387622412128,0.0029051421156977377,-0.0001038589953263638,0.01006042453850829,0.0024632055425187586,-0.005723602815665864,1.396308390383752e-05,0.0004419365731789791,0.0056197438203395,56.197438203395,-0.11327594185256373,-0.11327594185256373,0
1.512,0.01,0.0,0.010077278197737925,0.002876019377836941,-0.0003300347213323691,0.010063466551054688,0.0024391743076642627,-0.005881813652478033,1.38116466832372e-05,0.0004368450701726784,0.005551778931145664,55.51778931145664,-0.1120611926843571,-0.1120611926843571,0
1.5130000000000001,0.01,0.0,0.010080139683222506,0.0028469628029178743,-0.0005533308962642697,0.010066478131808668,0.0024151580196672636,-0.006037896077731936,1.3661551413838083e-05,0.0004318047832506107,0.005484565181467667,54.845651814676664,-0.11085151025037288,-0.11085151025037288,0
1.514,0.01,0.0,0.010082972146131446,0.00281797458989421,-0.0007737633981546523,0.01006945935378561,0.0023911592440233726,-0.006191859015714399,1.3512792345836758e-05,0.00042681534587083727,0.005418095617559746,54.18095617559746,-0.10964698873173351,-0.10964698873173351,0
1.5150000000000001,0.01,0.0,0.010085775655910375,0.0027890568999627487,-0.0009913482615293387,0.010072410292304542,0.0023671805091502,-0.006343711584466143,1.33653636058325e-05,0.00042187639081254884,0.005352363322936805,53.523633229368045,-0.10844771960967581,-0.10844771960967581,0
1.516,0.01,0.0,0.010088550284147334,0.0027602118567862355,-0.0012061016716995853,0.010075331024945889,0.002343224306510787,-0.006493463090501698,1.3219259201445108e-05,0.00041698755027544865,0.005287361418802113,52.87361418802112,-0.10725379170133831,-0.10725379170133831,0
1.5170000000000001,0.01,0.0,0.010091296104535357,0.002731441546719602,-0.0014180399591371936,0.010078221631509555,0.0023192930907431045,-0.00664112302359259,1.3074473025802627e-05,0.00041214845597649765,0.005223083064455397,52.23083064455396,-0.10606529119544827,-0.10606529119544827,0
1.518,0.01,0.0,0.010094013192835271,0.002702748019039509,-0.0016271795939321672,0.010081082193973315,0.002295389279795428,-0.0067867010516140455,1.2930998861956228e-05,0.00040735873924408134,0.005159521457681879,51.59521457681878,-0.10488230168786394,-0.10488230168786394,0
1.5190000000000001,0.01,0.0,0.010096701626838738,0.0026741332861770837,-0.0018335371803324598,0.01008391279645154,0.002271515255067442,-0.006930207015455054,1.2788830387197928e-05,0.00040261803110964176,0.005096669835122594,50.966698351225936,-0.10370490421699952,-0.10370490421699952,0
1.52,0.01,0.0,0.010099361486331528,0.0026455993239537286,-0.0020371294513654176,0.010086713525154247,0.002247673361556904,-0.007071650923991853,1.2647961177281175e-05,0.0003979259623968245,0.0050345214726264355,50.34521472626435,-0.10253317729910094,-0.10253317729910094,0
1.5210000000000001,0.01,0.0,0.010101992853057027,0.002617148071819898,-0.0022379732635404532,0.010089484468346477,0.0022238659080117086,-0.00721104294912479,1.2508384710549492e-05,0.00039328216380818924,0.004973069685584337,49.73069685584336,-0.10136719696339025,-0.10136719696339025,0
1.522,0.01,0.0,0.010104595810679984,0.002588781433096728,-0.002436085591632526,0.010092225716307997,0.002200095167087195,-0.0073483934208785455,1.237009437198705e-05,0.0003886862660095326,0.004912307829246019,49.12307829246019,-0.10020703678703224,-0.10020703678703224,0
1.5230000000000001,0.01,0.0,0.010107170444750511,0.0025605012752204157,-0.002631483523545916,0.010094937361293346,0.002176363375508549,-0.007483712822565558,1.2233083457165173e-05,0.00038413789971186675,0.004852229299019642,48.52229299019642,-0.09905276792995998,-0.09905276792995998,0
1.524,0.01,0.0,0.010109716842668313,0.0025323094299892334,-0.002824184255257842,0.010097619497492197,0.0021526727342381312,-0.007617011786012667,1.2097345176115964e-05,0.00037963669575110217,0.004792827530754825,47.92827530754825,-0.09790445916951906,-0.09790445916951906,0
1.5250000000000001,0.01,0.0,0.010112235093647176,0.002504207693813079,-0.0030142050858414132,0.010100272220990063,0.002129025408647599,-0.007748301086850773,1.196287265711228e-05,0.00037518228516548015,0.004734096001009359,47.34096001009359,-0.09676217693494227,-0.09676217693494227,0
1.526,0.01,0.0,0.01011472528867971,0.002476197827965457,-0.003201563412567402,0.01010289562972934,0.002105423528694661,-0.00787759163986744,1.1829658950369623e-05,0.000370774299270796,0.004676028227300039,46.760282273000385,-0.0956259853416368,-0.0956259853416368,0
1.5270000000000001,0.01,0.0,0.010117187520502337,0.002448281558837783,-0.0033862767260843217,0.010105489823470672,0.0020818691891043217,-0.008004894494422252,1.1697697031664775e-05,0.0003664123697334613,0.00461861776833793,46.1861776833793,-0.09449594622529833,-0.09449594622529833,0
1.528,0.01,0.0,0.010119621883560534,0.002420460578195921,-0.0035683626056762963,0.010108054903754667,0.002058364449554478,-0.008130220829924789,1.1566979805867697e-05,0.0003620961286414431,0.004561858224248493,45.61858224248493,-0.09337211917580834,-0.09337211917580834,0
1.5290000000000001,0.01,0.0,0.010122028473974339,0.0023927365434388433,-0.0037478387145981357,0.010110590973863942,0.0020349113348657145,-0.008253581951375025,1.1437500110397097e-05,0.0003578252085731288,0.004505743236776889,45.05743236776889,-0.09225456157095557,-0.09225456157095557,0
1.53,0.01,0.0,0.010124407389504115,0.002365111077859323,-0.003924722795487116,0.01011309813878551,0.002011511835195167,-0.008374989284965972,1.1309250718604877e-05,0.00035359924266415614,0.004450266489478856,44.50266489478856,-0.09114332860994079,-0.09114332860994079,0
1.5310000000000001,0.01,0.0,0.010126758729516573,0.0023375857709065566,-0.004099032665850872,0.010115576505173503,0.0019881679062343123,-0.008494454373748309,1.1182224343070368e-05,0.00034941786467224427,0.004395421707897437,43.95421707897437,-0.0900384733466657,-0.0900384733466657,0
1.532,0.01,0.0,0.010129082594951062,0.00231016217845063,-0.004270786213630821,0.010118026181312235,0.001964881469410556,-0.008611988873356806,1.1056413638826923e-05,0.00034528070904007394,0.004341202659725985,43.41202659725985,-0.08894004672283184,-0.08894004672283184,0
1.5330000000000001,0.01,0.0,0.010131379088286123,0.0022828418230487263,-0.004440001392840591,0.010120447277079607,0.0019416544120924714,-0.008727604547798308,1.0931811206515638e-05,0.0003411874109562549,0.004287603154957718,42.87603154957718,-0.08784809760078804,-0.08784809760078804,0
1.534,0.01,0.0,0.010133648313506308,0.00225562619421299,-0.0046066962192787934,0.010122839903910849,0.0019184885877985773,-0.008841313265300963,1.0808409595459284e-05,0.00033713760641441277,0.00423461704602217,42.3461704602217,-0.08676267279618344,-0.08676267279618344,0
1.5350000000000001,0.01,0.0,0.010135890376069271,0.002228516748679953,-0.004770888766315615,0.010125204174762604,0.0018953858164095071,-0.00895312699422449,1.0686201306666851e-05,0.0003331309322704458,0.0041822382279088745,41.82238227908874,-0.08568381711037176,-0.08568381711037176,0
1.536,0.01,0.0,0.01013810538287313,0.0022015149106814364,-0.004932597160752567,0.010127540204077358,0.0018723478843834572,-0.00906305779903117,1.0565178795772165e-05,0.0003291670262979792,0.0041304606382786034,41.304606382786034,-0.08461157336259628,-0.08461157336259628,0
1.537,0.01,0.0,0.010140293442224092,0.0021746220722168416,-0.005091839578754826,0.010129848107748203,0.001849376544974782,-0.009171117836317258,1.0445334475889245e-05,0.00032524552724205974,0.004079278257562432,40.792782575624315,-0.08354598242193667,-0.08354598242193667,0
1.538,0.01,0.0,0.010142454663804364,0.0021478395933267422,-0.005248634241855535,0.01013212800308394,0.0018264735184556132,-0.009277319350904542,1.0326660720424291e-05,0.00032136607487112906,0.004028685109049007,40.286851090490075,-0.08248708323900544,-0.08248708323900544,0
1.539,0.01,0.0,0.010144589158640327,0.002121168802367693,-0.005402999413031422,0.01013438000877454,0.0018036404923403926,-0.009381674671991646,1.0209149865787054e-05,0.00031752831002730014,0.003978675258960224,39.78675258960224,-0.08143491287742766,-0.08143491287742766,0
1.54,0.01,0.0,0.010146697039070993,0.002094610996288176,-0.005554953392849161,0.010136604244856927,0.001780879121613183,-0.009484196209364885,1.0092794214065781e-05,0.00031373187467499284,0.003929242816515724,39.29242816515724,-0.08038950654503996,-0.08038950654503996,0
1.541,0.01,0.0,0.01014877841871673,0.0020681674409055995,-0.005704514515681775,0.010138800832681108,0.0017581910289576567,-0.00958489644966818,9.977586035622363e-06,0.0003099764119479428,0.003880381933986405,38.80381933986405,-0.07935089762487202,-0.07935089762487202,0
1.542,0.01,0.0,0.01015083341244828,0.0020418393711842723,-0.005851701145994506,0.010140969894876652,0.00173557780498964,-0.009683787952731775,9.863517571628497e-06,0.00030626156619463236,0.0038320868067372683,38.32086806737268,-0.07831911770585442,-0.07831911770585442,0
1.543,0.01,0.0,0.010152862136356036,0.0020156279915142694,-0.005996531674699466,0.010143111555319504,0.0017130410084921029,-0.009780883347959353,9.750581036532466e-06,0.0003025869830221666,0.003784351673259887,37.84351673259887,-0.07729419661328496,-0.07729419661328496,0
1.544,0.01,0.0,0.010154864707719608,0.001989534475991121,-0.006139024515578441,0.01014522593909913,0.001690582166652481,-0.009876195330773229,9.638768620477342e-06,0.0002989523093386399,0.003737170815194788,37.37170815194788,-0.0762761624390258,-0.0762761624390258,0
1.545,0.01,0.0,0.010156841244977673,0.0019635599686962405,-0.0062791981017731955,0.010147313172486036,0.001668202775302228,-0.009969736659117146,9.52807249163766e-06,0.0002953571933940126,0.0036905385573439507,36.9053855734395,-0.07526504157145908,-0.07526504157145908,0
1.546,0.01,0.0,0.0101587918676981,0.001937705583978026,-0.006417070882342635,0.010149373382899568,0.0016459042991584798,-0.010061520150016434,9.418484798531801e-06,0.00029180128481954616,0.003644449267673799,36.44449267673799,-0.07426085872515298,-0.07426085872515298,0
1.547,0.01,0.0,0.010160716696548357,0.00191197240673355,-0.0065526613188861315,0.010151406698876125,0.0016236881720677477,-0.01015155867619492,9.309997672232034e-06,0.0002882842346658022,0.003598897357308788,35.988973573087875,-0.0732636369702977,-0.0732636369702977,0
1.548,0.01,0.0,0.0101626158532662,0.0018863614926907801,-0.006685987882232411,0.010153413250037649,0.0016015557972515104,-0.01023986516274843,9.202603228552e-06,0.0002848056954392697,0.003553877280516019,35.538772805160185,-0.07227339776184305,-0.07227339776184305,0
1.549,0.01,0.0,0.010164489460630649,0.0018608738686912507,-0.0068170690491932825,0.010155393167060479,0.001579508547553625,-0.010326452583874293,9.096293570170014e-06,0.0002813653211376258,0.00350938353468101,35.093835346810096,-0.07129016096838736,-0.07129016096838736,0
1.55,0.01,0.0,0.010166337642433234,0.0018355105329731214,-0.006945923299381576,0.010157346581644558,0.001557547765689455,-0.01041133395965645,8.991060788676036e-06,0.0002779627672836664,0.003465410660274874,34.65410660274874,-0.07031394490079457,-0.07031394490079457,0
1.551,0.01,0.0,0.010168160523449547,0.0018102724554545514,-0.0070725691120926215,0.010159273626482945,0.0015356747644966059,-0.010494522352905877,8.886896966601304e-06,0.0002745976909579455,0.0034219532408132558,34.21953240813256,-0.06934476634053599,-0.06934476634053599,0
1.552,0.01,0.0,0.010169958229411052,0.0017851605780173296,-0.007197024963248595,0.010161174435231684,0.0015138908271871909,-0.010576030866055687,8.783794179368157e-06,0.0002712697508301387,0.003379005902807092,33.79005902807092,-0.06838264056775856,-0.06838264056775856,0
1.553,0.01,0.0,0.010171730886977199,0.0017601758147906873,-0.007319309322405049,0.010163049142480006,0.0014921972076015228,-0.010655872638110617,8.681744497193028e-06,0.0002679786071891645,0.0033365633157055674,33.365633157055676,-0.06742758138908389,-0.06742758138908389,0
1.554,0.01,0.0,0.010173478623707802,0.0017353190524352397,-0.007439440649818977,0.010164897883720866,0.0014705951304631421,-0.010734060841650413,8.580739986935662e-06,0.00026472392197209754,0.003294620191831436,32.94620191831436,-0.06647960116513829,-0.06647960116513829,0
1.555,0.01,0.0,0.010175201568035724,0.0017105911504269847,-0.0075574373935777435,0.010166720795321809,0.0014490857916350892,-0.010810608679886705,8.480772713915369e-06,0.0002615053587918955,0.003253171286308962,32.531712863089616,-0.06553871083778606,-0.06553871083778606,0
1.556,0.01,0.0,0.010176899849239831,0.0016859929413413051,-0.007673317986788176,0.010168518014496176,0.0014276703583773443,-0.010885529383772805,8.38183474365442e-06,0.0002583225829639608,0.0032122113969846287,32.12211396984629,-0.06460491995711326,-0.06460491995711326,0
1.557,0.01,0.0,0.01017857359741823,0.0016615252311369124,-0.007787100844825181,0.010170289679274636,0.0014063499696053336,-0.010958836209166102,8.283918143593694e-06,0.0002551752615315788,0.0031717353643409213,31.71735364340921,-0.06367823670810946,-0.06367823670810946,0
1.558,0.01,0.0,0.0101802229434618,0.0016371887994396722,-0.007898804362639181,0.010172035928477053,0.0013851257361494308,-0.01103054243404249,8.18701498474586e-06,0.0002520630632902414,0.003131738071403309,31.31738071403309,-0.06275866793709461,-0.06275866793709461,0
1.559,0.01,0.0,0.010181848019027991,0.001612984399826256,-0.008008446912121738,0.010173756901684686,0.0013639987410153608,-0.011100661355762438,8.091117343305212e-06,0.0002489856588108951,0.0030922144436407,30.922144436407,-0.061846219177843054,-0.061846219177843054,0
1.56,0.01,0.0,0.010183448956514934,0.0015889127601075648,-0.008116046839528634,0.010175452739212708,0.0013429700396454301,-0.011169206288388184,7.996217302226258e-06,0.0002459427204621347,0.00305315944885955,30.5315944885955,-0.06094089467744901,-0.06094089467744901,0
1.561,0.01,0.0,0.010185025889035795,0.0015649745826118663,-0.008221622462959795,0.01017712358208306,0.0013220406601805084,-0.011236190560051566,7.902306952734667e-06,0.00024293392243135794,0.003014568097091771,30.145680970917706,-0.06004269742190438,-0.06004269742190438,0
1.562,0.01,0.0,0.010186578950393451,0.0015411705444675948,-0.008325192069895355,0.010178769571997641,0.001301211603722671,-0.011301627510372081,7.80937839581046e-06,0.00023995894074492377,0.0029764354404767258,29.764354404767257,-0.059151629161391384,-0.059151629161391384,0
1.563,0.01,0.0,0.010188108275055424,0.0015175012978857622,-0.008426773914787185,0.0101803908513118,0.0012804838445984422,-0.01136553048792462,7.717423743624358e-06,0.00023701745328731996,0.002938756573137434,29.387565731374337,-0.05826769043530966,-0.05826769043530966,0
1.564,0.01,0.0,0.010189613998129106,0.0014939674704419273,-0.008526386216705241,0.010181987563008175,0.0012598583306225517,-0.011427912847756422,7.626435120930766e-06,0.00023410913981937562,0.0029015266310511816,29.015266310511816,-0.05739088059701025,-0.05739088059701025,0
1.565,0.01,0.0,0.010191096255337262,0.0014705696653576745,-0.008624047157038043,0.010183559850670843,0.0012393359833621398,-0.011488787948952781,7.536404666419125e-06,0.00023123368199553466,0.002864740791914738,28.64740791914738,-0.05652119783825871,-0.05652119783825871,0
1.566,0.01,0.0,0.01019255518299382,0.0014473084617815533,-0.00871977487724663,0.01018510785845979,0.0012189176984013365,-0.011548169152250978,7.447324534030561e-06,0.00022839076338021687,0.002828394275004347,28.28394275004347,-0.05565863921341041,-0.05565863921341041,0
1.567,0.01,0.0,0.01019399091797994,0.0014241844150694309,-0.008813587476671311,0.010186631731085716,0.001198604345606148,-0.011606069817701962,7.35918689422424e-06,0.00022558006946328296,0.0027924823410306505,27.924823410306505,-0.05480320066331945,-0.05480320066331945,0
1.568,0.01,0.0,0.010195403597720353,0.001401198057064211,-0.008905503010390567,0.010188131613785137,0.001178396769389576,-0.01166250330237932,7.271983935215956e-06,0.00022280128767463488,0.0027570002919887534,27.570002919887532,-0.05395487703895174,-0.05395487703895174,0
1.569,0.01,0.0,0.010196793360159995,0.0013783498963748754,-0.008995539487131424,0.010189607652295825,0.0011582957889769135,-0.011717482958134991,7.185707864169888e-06,0.00022005410739796196,0.002721943471003567,27.219434710035667,-0.05311366212473878,-0.05311366212473878,0
1.57,0.01,0.0,0.010198160343740909,0.001355640418654802,-0.009083714867230669,0.01019105999283255,0.0011383021986711395,-0.011771022129401267,7.100350908359129e-06,0.00021733821998366244,0.0026873072621705976,26.873072621705976,-0.05227954866163387,-0.05227954866163387,0
1.571,0.01,0.0,0.010199504687379431,0.001333070086879317,-0.0091700470606462,0.010192488782063141,0.0011184167681183618,-0.011823134151038564,7.015905316289789e-06,0.0002146533187609551,0.002653087090392364,26.53087090392364,-0.051452528369911654,-0.051452528369911654,0
1.572,0.01,0.0,0.010200826530443649,0.0013106393416224393,-0.009254553925017922,0.010193894167084865,0.0010986402425732372,-0.011873832346228474,6.932363358783458e-06,0.00021199909904920204,0.0026192784212105517,26.192784212105515,-0.05063259197166925,-0.05063259197166925,0
1.573,0.01,0.0,0.010202126012731138,0.0012883486013327784,-0.009337253263777469,0.010195276295401108,0.0010789733431643114,-0.011923130024411591,6.849717330030189e-06,0.000209375258168467,0.0025858767606341225,25.858767606341225,-0.049819729213068875,-0.049819729213068875,0
1.574,0.01,0.0,0.010203403274446972,0.001266198262608541,-0.009418162824306154,0.01019663531489837,0.0010594167671592204,-0.01197104047926963,6.767959548601571e-06,0.00020678149544932074,0.002552877654963476,25.52877654963476,-0.04901392888629896,-0.04901392888629896,0
1.575,0.01,0.0,0.010204658456182016,0.001244188700471612,-0.009497300296140486,0.010197971373823573,0.0010399711882296907,-0.012017576986751339,6.6870823584429945e-06,0.00020421751224192122,0.0025202766906108533,25.202766906108533,-0.04821517885125637,-0.04821517885125637,0
1.576,0.01,0.0,0.01020589169889148,0.00122232026864067,-0.009574683309224593,0.010199284620761664,0.0010206372567162908,-0.012062752803141666,6.607078129815605e-06,0.00020168301192437926,0.002488069493917073,24.880694939170727,-0.04742346605695946,-0.04742346605695946,0
1.577,0.01,0.0,0.010207103143873754,0.001200593299803302,-0.009650329432208928,0.010200575204613538,0.0010014155998928713,-0.012106581163173718,6.527939260215707e-06,0.00019917769991043065,0.00245625173096479,24.562517309647898,-0.04663877656269211,-0.04663877656269211,0
1.578,0.01,0.0,0.010208292932749516,0.0011790081058870787,-0.009724256170794629,0.010201843274574249,0.0009823068222306408,-0.012149075278183041,6.4496581752664095e-06,0.00019670128365643783,0.0024248191073884123,24.248191073884122,-0.045861095558874077,-0.045861095558874077,0
1.579,0.01,0.0,0.0102094612074411,0.00115756497832956,-0.009796480966122885,0.010203088980111538,0.0009633115056618302,-0.012190248334303638,6.372227329562441e-06,0.00019425347266772974,0.002393767368180753,23.937673681807528,-0.045090407387653464,-0.045090407387653464,0
1.58,0.01,0.0,0.010210608110152149,0.0011362641883471917,-0.009867021193208671,0.010204312470944634,0.000944430209842886,-0.012230113490705331,6.295639207514955e-06,0.00019183397850430566,0.00236309229749666,23.630922974966598,-0.04432669556323887,-0.04432669556323887,0
1.581,0.01,0.0,0.010211733783347521,0.0011151059872030655,-0.009935894159418248,0.010205513897023392,0.0009256634724171571,-0.012268683877871838,6.21988632412869e-06,0.0001894425147859084,0.00233278971845359,23.3278971845359,-0.043569942791958916,-0.043569942791958916,0
1.582,0.01,0.0,0.010212838369733471,0.0010940906064735069,-0.01000311710298978,0.010206693408507697,0.0009070118092770081,-0.012305972595919201,6.144961225773918e-06,0.00018707879719649873,0.0023028554929294207,23.028554929294206,-0.04282013099206594,-0.04282013099206594,0
1.583,0.01,0.0,0.0102139220122381,0.0010732182583134615,-0.010068707191596483,0.010207851155747167,0.0008884757148253244,-0.01234199271295403,6.0708564909323776e-06,0.0001847425434881371,0.0022732855213575473,22.732855213575473,-0.04207724131325197,-0.04207724131325197,0
1.584,0.01,0.0,0.01021498485399206,0.0010524891357206504,-0.010132681520951646,0.010208987289261158,0.0008700556622363623,-0.012376757263470987,5.997564730901572e-06,0.0001824334734842881,0.002244075742519341,22.44075742519341,-0.04134125415592127,-0.04134125415592127,0
1.585,0.01,0.0,0.010216027038309533,0.001031903412798463,-0.01019505711345495,0.010210101959719046,0.0008517521037158958,-0.012410279246789122,5.9250785904869235e-06,0.0001801513090825672,0.002215222133334171,22.15222133334171,-0.04061214919019118,-0.04061214919019118,0
1.586,0.01,0.0,0.01021704870866947,0.0010114612450175618,-0.010255850916879458,0.010211195317920824,0.000833565470760619,-0.012442571625526486,5.853390748645354e-06,0.0001778957742569427,0.002186720708647028,21.867207086470277,-0.039889905374635326,-0.039889905374635326,0
1.587,0.01,0.0,0.010218050008697079,0.0009911627694761708,-0.010315079803098681,0.01021226751477795,0.0008154961744167574,-0.012473647324112644,5.78249391912887e-06,0.00017566659505941341,0.002158567521013963,21.58567521013963,-0.03917450097476216,-0.03917450097476216,0
1.588,0.01,0.0,0.01021903108214559,0.0009710081051590201,-0.010372760566853122,0.010213318701294502,0.0007975446055378529,-0.012503519227338455,5.7123808510882446e-06,0.00017346349962116725,0.002130758660485333,21.30758660485333,-0.038465913581236855,-0.038465913581236855,0
1.589,0.01,0.0,0.010219992072878272,0.0009509973531949229,-0.010428909924555686,0.010214349028548618,0.0007797111350416812,-0.012532200178942724,5.643044329654151e-06,0.00017128621815324177,0.002103290254387038,21.03290254387038,-0.03776412012784913,-0.03776412012784913,0
1.59,0.01,0.0,0.010220933124850697,0.0009311305971129578,-0.010483544513135391,0.010215358647674202,0.0007619961141662592,-0.012559702980235206,5.574477176495743e-06,0.00016913448294669862,0.0020761584670998152,20.76158467099815,-0.037069096909227994,-0.037069096909227994,0
1.591,0.01,0.0,0.010221854382093273,0.0009114079030972345,-0.010536680888918779,0.010216347709842921,0.0007443998747249085,-0.012586040388755508,5.50667225035148e-06,0.00016700802837232604,0.00204935949983673,20.493594998367296,-0.036380819598288205,-0.036380819598288205,0
1.592,0.01,0.0,0.010222755988694028,0.00089182932024022,-0.01058833552654843,0.010217316366246485,0.0007269227293603354,-0.012611225116967365,5.439622447542605e-06,0.00016490659087988455,0.002022889590418934,20.22889590418934,-0.03569926326345385,-0.03569926326345385,0
1.593,0.01,0.0,0.010223638088781637,0.0008723948807945998,-0.010638524817938061,0.010218264768079178,0.0007095649717976941,-0.012635269830987858,5.37332070245887e-06,0.0001628299089969057,0.0019967450130497968,19.967450130497966,-0.03502440238559412,-0.03502440238559412,0
1.594,0.01,0.0,0.010224500826508718,0.0008531046004236569,-0.010687265071263538,0.010219193066520688,0.0006923268770965964,-0.012658187149351047,5.307759988030375e-06,0.00016077772332706054,0.0019709220780875086,19.709220780875086,-0.03435621087474594,-0.03435621087474594,0
1.595,0.01,0.0,0.01022534434603536,0.0008339584784501452,-0.010734572509989345,0.010220101412719196,0.0006752087019020396,-0.012679989641805568,5.24293331616299e-06,0.00015874977654810557,0.0019454171318162225,19.454171318162224,-0.03369466208656746,-0.03369466208656746,0
1.596,0.01,0.0,0.010226168791512901,0.0008149564981036368,-0.010780463271929852,0.010220989957774733,0.0006582106846942112,-0.012700689828145744,5.178833738168562e-06,0.00015674581340942566,0.0019202265562158916,19.202265562158914,-0.033039728838550886,-0.033039728838550886,0
1.597,0.01,0.0,0.010226974307067973,0.0007960986267663266,-0.010824953408344877,0.010221858852722806,0.0006413330460371471,-0.012720300177075683,5.115454345167372e-06,0.00015476558072917955,0.0018953467687308056,18.953467687308056,-0.03239138342600434,-0.03239138342600434,0
1.598,0.01,0.0,0.010227761036786763,0.0007773848162172736,-0.010868058883068977,0.010222708248518293,0.000624575988826211,-0.012738833105105948,5.052788268469777e-06,0.0001528088273910626,0.0018707742220369708,18.707742220369706,-0.031749597637770854,-0.031749597637770854,0
1.599,0.01,0.0,0.01022852912469954,0.0007588150028750612,-0.010909795571673904,0.010223538296019604,0.0006079396985343628,-0.012756300975482289,4.990828679937026e-06,0.00015087530434069844,0.0018465054038083843,18.465054038083842,-0.031114342771732417,-0.031114342771732417,0
1.6,0.01,0.0,0.010229278714765413,0.0007403891080388618,-0.010950179260663702,0.010224349145973083,0.0005914243434571891,-0.01277271609714603,4.929568792329947e-06,0.00014896476458167262,0.0018225368364823292,18.22536836482329,-0.030485589650055545,-0.030485589650055545,0
1.601,0.01,0.0,0.010230009950857322,0.0007221070381278855,-0.010989225646701885,0.010225140948997692,0.0005750300749566706,-0.012788090723725597,4.869001859629865e-06,0.00014707696317121498,0.0017988650770237122,17.988650770237122,-0.029863308634213048,-0.029863308634213048,0
1.602,0.01,0.0,0.010230722976747295,0.0007039686849192012,-0.011026950335870181,0.010225913855569948,0.0005587570277036549,-0.012802437052558747,4.809121177347386e-06,0.00014521165721554632,0.0017754867166885659,17.754867166885656,-0.02924746963976954,-0.02924746963976954,0
1.603,0.01,0.0,0.010231417936091908,0.0006859739257839125,-0.011063368842958301,0.010226668016009098,0.0005426053199190142,-0.012815767223745078,4.7499200828103605e-06,0.00014336860586489834,0.0017523983807867776,17.523983807867776,-0.02863804215093424,-0.02863804215093424,0
1.604,0.01,0.0,0.010232094972418006,0.0006681226239216752,-0.011098496590784195,0.010227403580462565,0.0005265750536134588,-0.012828093319228313,4.691391955441437e-06,0.00014154757030821646,0.0017295967284441174,17.295967284441172,-0.028034995234881954,-0.028034995234881954,0
1.605,0.01,0.0,0.010232754229108645,0.0006504146285935434,-0.011132348909544312,0.01022812069889164,0.0005106663148259884,-0.012839427361907919,4.633530217006132e-06,0.000139748313767555,0.0017070784523636074,17.070784523636075,-0.027438297555851143,-0.027438297555851143,0
1.606,0.01,0.0,0.01023339584938927,0.0006328497753531296,-0.0111649410361933,0.010228819521057413,0.000494879173860951,-0.012849781314779677,4.576328331857421e-06,0.0001379706014921786,0.0016848402785863779,16.84840278586378,-0.026847917389011045,-0.026847917389011045,0
1.607,0.01,0.0,0.010234019976314119,0.0006154278862760678,-0.011196288113852676,0.010229500196506971,0.0004792136855236926,-0.012859167080104667,4.519779807147378e-06,0.00013621420075237523,0.0016628789662519912,16.62878966251991,-0.0262638226341112,-0.0262638226341112,0
1.608,0.01,0.0,0.010234626752752862,0.0005981487701877689,-0.011226405191247952,0.010230162874559816,0.00046366988935477157,-0.012867596498606344,4.4638781930457505e-06,0.0001344788808329973,0.0016411913073583924,16.41191307358392,-0.02568598082890272,-0.02568598082890272,0
1.609,0.01,0.0,0.010235216321377466,0.0005810122228894531,-0.011255307222173697,0.010230807704294539,0.00044824780986272417,-0.012875081348695146,4.4086170829273075e-06,0.00013276441302672893,0.0016197741265214487,16.197741265214486,-0.02511435916233662,-0.02511435916233662,0
1.61,0.01,0.0,0.010235788824649279,0.0005640180273824553,-0.011283009064986053,0.010231434834535738,0.00043294745675535607,-0.012881633345720265,4.35399011354011e-06,0.00013107057062709918,0.0015986242807342118,15.986242807342117,-0.024548924487562296,-0.024548924487562296,0
1.611,0.01,0.0,0.010236344404806341,0.0005471659540907871,-0.011309525482122232,0.010232044413841162,0.0004177688251695398,-0.012887264141248203,4.299990965178982e-06,0.00012939712892124733,0.0015777386591259712,15.777386591259711,-0.023989643334687116,-0.023989643334687116,0
1.612,0.01,0.0,0.010236883203850923,0.0005304557610819516,-0.011334871139646477,0.010232636590489095,0.0004027118958995073,-0.01289198532236757,4.2466133618277585e-06,0.00012774386518244428,0.0015571141827210935,15.571141827210935,-0.023436481923333474,-0.023436481923333474,0
1.613,0.01,0.0,0.010237405363537275,0.000513887194285998,-0.011359060606822019,0.01023321151246598,0.0003877766356236136,-0.012895808411019777,4.193851071294594e-06,0.0001261105586623844,0.0015367478041977585,15.367478041977584,-0.022889406174987137,-0.022889406174987137,0
1.614,0.01,0.0,0.0102379110253596,0.0004974599877128111,-0.011382108355708569,0.010233769327454272,0.0003729629971295584,-0.0128987448633552,4.141697905328187e-06,0.00012449699058325267,0.0015166365076466314,15.166365076466313,-0.022348381725133315,-0.022348381725133315,0
1.615,0.01,0.0,0.010238400330540241,0.00048117386366762586,-0.011404028760784867,0.010234310182820514,0.00035827091953804634,-0.012900806069114408,4.090147719727072e-06,0.0001229029441295795,0.0014967773083295402,14.967773083295402,-0.021813373935177793,-0.021813373935177793,0
1.616,0.01,0.0,0.01023887342001808,0.0004650285329647614,-0.011424836098595804,0.010234834225603647,0.0003437003285248744,-0.012902003351034008,4.039194414433289e-06,0.00012132820443988698,0.0014771672524382037,14.771672524382037,-0.021284347904177103,-0.021284347904177103,0
1.617,0.01,0.0,0.010239330434437158,0.000449023695139567,-0.011444544547423689,0.010235341602503537,0.00032925113654143085,-0.012902347964276733,3.988831933620859e-06,0.00011977255859813615,0.001457803416853044,14.578034168530438,-0.02076126848034221,-0.02076126848034221,0
1.618,0.01,0.0,0.010239771514135498,0.0004331590386585749,-0.011463168186983173,0.010235832459869748,0.00031492324303359417,-0.012901851095885307,3.939054265749559e-06,0.00011823579562498073,0.0014386829089021343,14.386829089021342,-0.020244100272376997,-0.020244100272376997,0
1.619,0.01,0.0,0.010240196799134146,0.00041743424112785385,-0.011480720998139425,0.010236306943690503,0.00030071653465901067,-0.01290052386425983,3.889855443642981e-06,0.00011671770646884318,0.001419802866120404,14.19802866120404,-0.019732807660577834,-0.019732807660577834,0
1.62,0.01,0.0,0.010240606429126409,0.0004018489694995584,-0.011497216862649064,0.010236765199581886,0.000286630885502753,-0.012898377318658076,3.841229544523234e-06,0.00011521808399680538,0.001401160456009012,14.01160456009012,-0.01922735480775728,-0.01922735480775728,0
1.621,0.01,0.0,0.0102410005434673,0.0003864028802766698,-0.011512669562923438,0.01023720737277726,0.00027266615729133455,-0.012895422438718494,3.793170690040426e-06,0.00011373672298533525,0.0013827528757950555,13.827528757950555,-0.0187277056699795,-0.0187277056699795,0
1.622,0.01,0.0,0.0102413792811632,0.0003710956197159244,-0.011527092781813814,0.010237633608116891,0.00025882219960507105,-0.012891670134005462,3.7456730463091004e-06,0.00011227342011085336,0.0013645773521916479,13.645773521916478,-0.0182338240070834,-0.0182338240070834,0
1.623,0.01,0.0,0.010241742780861705,0.00035592682402892567,-0.01154050010241805,0.010238044050037783,0.0002450988500887869,-0.012887131243576364,3.6987308239221084e-06,0.00011082797394013874,0.0013466311411583134,13.466311411583133,-0.01774567339301747,-0.01774567339301747,0
1.624,0.01,0.0,0.010242091180841685,0.00034089611958143724,-0.011552905007908287,0.01023843884256374,0.00023149593466085164,-0.012881816535570103,3.6523382779454078e-06,0.0001094001849205856,0.0013289115276618156,13.289115276618155,-0.017263217226011207,-0.017263217226011207,0
1.625,0.01,0.0,0.010242424619003532,0.000326003123090854,-0.011564320881379327,0.01023881812929562,0.0002180132677205324,-0.012875736706816812,3.6064897079128577e-06,0.00010798985537032162,0.0013114158254374855,13.114158254374855,-0.0167864187385236,-0.0167864187385236,0
1.6260000000000001,0.01,0.0,0.010242743232859616,0.00031124744182184903,-0.011574761005717173,0.010239182053401796,0.00020465065235365958,-0.01286890238246822,3.56117945781928e-06,0.00010659678946818945,0.0012941413767510474,12.941413767510474,-0.016315241007031744,-0.016315241007031744,0
1.627,0.01,0.0,0.010243047159524926,0.0002966286737801947,-0.011584238563487422,0.010239530757608835,0.0001914078805366,-0.012861324115648358,3.5164019160909693e-06,0.00010522079324359467,0.0012770855521609357,12.770855521609358,-0.015849646961623165,-0.015849646961623165,0
1.6280000000000001,0.01,0.0,0.010243336535707906,0.0002821464079047569,-0.011592766636843032,0.010239864384192362,0.00017828473333852528,-0.012853012387124258,3.4721515155440585e-06,0.00010386167456623161,0.0012602457502812262,12.60245750281226,-0.015389599395420284,-0.015389599395420284,0
1.629,0.01,0.0,0.010243611497701484,0.0002678002242576612,-0.011600358207451106,0.010240183074968138,0.00016528098112196684,-0.012843977604996308,3.4284227333463563e-06,0.00010251924313569438,0.0012436193975452012,12.436193975452012,-0.014935060973819247,-0.014935060973819247,0
1.6300000000000001,0.01,0.0,0.010243872181374292,0.0002535896942126299,-0.011607026156438294,0.010240486971283323,0.00015239638374165638,-0.012834230104407832,3.385210090968774e-06,0.00010119331047097352,0.0012272039479695376,12.272039479695374,-0.014485994243542244,-0.014485994243542244,0
1.631,0.01,0.0,0.01024411872216207,0.00023951438064149055,-0.011612783264354389,0.01024077621400795,0.00013963069074164622,-0.012823780147273561,3.3425081541194057e-06,9.988368989984433e-05,0.0012109968829191724,12.109968829191724,-0.014042361641538825,-0.014042361641538825,0
1.6320000000000001,0.01,0.0,0.010244351255059252,0.00022557383809885647,-0.011617642211153785,0.010241050943526574,0.00012698364155069928,-0.012812637922026684,3.3003115326776106e-06,9.859019654815719e-05,0.0011949957108728995,11.949957108728995,-0.013604125503692721,-0.013604125503692721,0
1.633,0.01,0.0,0.010244569914610748,0.00021176761300497886,-0.011621615576194377,0.01024131129973013,0.00011445496567594803,-0.012800813543384087,3.258614880617683e-06,9.731264732903083e-05,0.0011791979671897102,11.791979671897101,-0.013171248073371444,-0.013171248073371444,0
1.6340000000000001,0.01,0.0,0.010244774834903898,0.00019809524382677222,-0.01162471583825354,0.010241557422007974,0.0001020443828948173,-0.012788317052129442,3.217412895923852e-06,9.605086093195492e-05,0.0011636012138759016,11.636012138759016,-0.012743691509800037,-0.012743691509800037,0
1.635,0.01,0.0,0.0102449661495606,0.00018455626125701453,-0.011626955375560818,0.010241789449240098,8.975160344520602e-05,-0.012775158414913822,3.17670032050181e-06,9.48046578118085e-05,0.001148203039353004,11.482030393530039,-0.012321417896274056,-0.012321417896274056,0
1.6360000000000001,0.01,0.0,0.01024514399172964,0.00017115018839172346,-0.011628346465846956,0.010242007519789561,7.757632821392731e-05,-0.012761347524073484,3.1364719400781005e-06,9.357386017779615e-05,0.0011330010582265276,11.330010582265276,-0.011904389248204694,-0.011904389248204694,0
1.637,0.01,0.0,0.010245308494079168,0.00015787654090571084,-0.011628901286408914,0.010242211771495075,6.551824892340101e-05,-0.012746894197464493,3.096722584092562e-06,9.235829198230983e-05,0.0011179929110555781,11.179929110555781,-0.011492567521010244,-0.011492567521010244,0
1.6380000000000001,0.01,0.0,0.010245459788789376,0.00014473482722631814,-0.011628631914190526,0.010242402341663789,5.3577048316596965e-05,-0.012731808178313903,3.0574471255873092e-06,9.115777890972117e-05,0.0011031762641233768,11.031762641233767,-0.01108591461782904,-0.01108591461782904,0
1.639,0.01,0.0,0.010245598007545329,0.00013172454870533513,-0.011627550325878396,0.010242579367064238,4.1752400340228426e-05,-0.012716099135087075,3.0186404810905038e-06,8.99721483651067e-05,0.0010885488092086792,10.885488092086792,-0.01068439239709651,-0.01068439239709651,0
1.6400000000000001,0.01,0.0,0.010245723281529976,0.00011884519978910525,-0.011625668398012769,0.010242742983919488,3.004397032619455e-05,-0.01269977666137091,2.9802976104879864e-06,8.88012294629107e-05,0.0010741082633581416,10.741082633581415,-0.01028796267994636,-0.01028796267994636,0
1.641,0.01,0.0,0.01024583574141733,0.00010609626818682055,-0.01162299790711295,0.010242893327900437,1.8451415171268614e-05,-0.012682850275772591,2.942413516893172e-06,8.764485301555194e-05,0.001059852368659641,10.59852368659641,-0.009896587257472333,-0.009896587257472333,0
1.6420000000000001,0.01,0.0,0.01024593551736582,9.347723503701046e-05,-0.011619550529816997,0.010243030534119301,6.974383515033128e-06,-0.012665329421833588,2.9049832465186803e-06,8.650285152197733e-05,0.0010457788920165915,10.457788920165914,-0.009510227897827406,-0.009510227897827406,0
1.643,0.01,0.0,0.010246022739011785,8.098757507222784e-05,-0.011615337843035315,0.010243154737123268,-4.3874840839348405e-06,-0.012647223467958548,2.8680018885167413e-06,8.537505915616268e-05,0.0010318856249232327,10.318856249232326,-0.009128846353177344,-0.009128846353177344,0
1.6440000000000001,0.01,0.0,0.010246097535463171,6.86267567819369e-05,-0.011610371324117848,0.010243266070888324,-1.5634554973639438e-05,-0.01262854170735886,2.831464574847356e-06,8.426131175557634e-05,0.0010181703832410124,10.181703832410124,-0.00875240436650948,-0.00875240436650948,0
1.645,0.01,0.0,0.010246160035293357,5.6394242573607274e-05,-0.011604662351034535,0.010243364668813244,-2.6767204235987344e-05,-0.012609293358010485,2.795366480113498e-06,8.316144680959461e-05,0.00100463100697595,10.0463100697595,-0.00838086367828872,-0.00838086367828872,0
1.6460000000000001,0.01,0.0,0.010246210366535153,4.428948893201924e-05,-0.011598222202568712,0.010243450663713745,-3.778581451586609e-05,-0.012589487562625831,2.759702821408458e-06,8.207530344788534e-05,0.0009912653600571194,9.912653600571193,-0.008014186032971438,-0.008014186032971438,0
1.647,0.01,0.0,0.010246248656674962,3.231194657678508e-05,-0.011591062058523147,0.010243524187816808,-4.869077585197029e-05,-0.012569133388639337,2.7244688581545135e-06,8.100272242875538e-05,0.00097807133011619,9.780713301161901,-0.00765233318537728,-0.00765233318537728,0
1.6480000000000001,0.01,0.0,0.010246275032647084,2.04610606180919e-05,-0.0115831929999384,0.010243585372755156,-5.948248550937575e-05,-0.012548239828206471,2.689659891927723e-06,7.994354612746765e-05,0.0009650468282680711,9.65046828268071,-0.007295266906916176,-0.007295266906916176,0
1.649,0.01,0.0,0.010246289620828193,8.736270710671576e-06,-0.011574626009323173,0.010243634349561902,-7.01613478138635e-05,-0.012526815798215867,2.6552712662913924e-06,7.889761852453507e-05,0.0009521897888926933,9.521897888926933,-0.006942948991688347,-0.006942948991688347,0
1.6500000000000001,0.01,0.0,0.01024629254703195,-2.8629887939964236e-06,-0.011565371970896422,0.010243671248665341,-8.072777398798537e-05,-0.012504870140314341,2.6212983666087236e-06,7.786478519398894e-05,0.0009394981694179193,9.394981694179194,-0.006595341262436882,-0.006595341262436882,0
1.651,0.01,0.0,0.010246283936503781,-1.433728869724324e-05,-0.011555441670840848,0.0102436961998839,-9.118218198887584e-05,-0.01248241162094449,2.5877366198814866e-06,7.68448932916326e-05,0.000926969950103643,9.26969950103643,-0.006252405576360864,-0.006252405576360864,0
1.6520000000000001,0.01,0.0,0.010246263913915796,-2.568720480452351e-05,-0.011544845797567526,0.010243709332421247,-0.00010152499634779337,-0.012459448931394492,2.554581494548791e-06,7.583779154326987e-05,0.0009146031338269668,9.146031338269667,-0.005914103830807704,-0.005914103830807704,0
1.653,0.01,0.0,0.010246232603361856,-3.691331777847643e-05,-0.011533594941991368,0.010243710774861563,-0.00011175664801140406,-0.012435990687860006,2.521828500292797e-06,7.484333023292763e-05,0.000902395745868638,9.023957458686379,-0.005580397968836692,-0.005580397968836692,0
1.6540000000000001,0.01,0.0,0.010246190128352796,-4.8016212993728234e-05,-0.011521699597817157,0.010243700655164932,-0.0001218775741847989,-0.012412045431517853,2.4894731878635085e-06,7.386136119107067e-05,0.000890345833700696,8.90345833700696,-0.00525124998462978,-0.00525124998462978,0
1.655,0.01,0.0,0.010246136611811778,-5.899648039342918e-05,-0.01150917016183582,0.010243679100662905,-0.00013188821817623067,-0.01238762162861108,2.4575111488723406e-06,7.289173778280149e-05,0.0008784514667752596,8.784514667752596,-0.004926621928802,-0.004926621928802,0
1.6560000000000001,0.01,0.0,0.010246072176069794,-6.985471434751773e-05,-0.011496016934230732,0.01024364623805421,-0.0001417890292435782,-0.012362727670545302,2.4259380155839533e-06,7.193431489606047e-05,0.0008667107363145698,8.667107363145698,-0.004606475913572439,-0.004606475913572439,0
1.657,0.01,0.0,0.010245996942861315,-8.059151351270468e-05,-0.011482250118893733,0.010243602193400588,-0.00015158046244253298,-0.012337371873996032,2.3947494607271663e-06,7.09889489298283e-05,0.0008551217551022988,8.551217551022987,-0.004290774117809093,-0.004290774117809093,0
1.6580000000000001,0.01,0.0,0.010245911033320065,-9.120748069416967e-05,-0.011467879823750594,0.010243547092122787,-0.00016126297847649326,-0.012311562481026645,2.363941197278119e-06,7.005549778232359e-05,0.0008436826572760514,8.436826572760515,-0.00397947879196181,-0.00397947879196181,0
1.659,0.01,0.0,0.010245814567974947,-0.00010170322270896222,-0.011452916061095704,0.01024348105899669,-0.00017083704354817114,-0.012285307659216855,2.3335089782573065e-06,6.913382083920892e-05,0.0008323915981211516,8.323915981211515,-0.003672552262858453,-0.003672552262858453,0
1.6600000000000001,0.01,0.0,0.010245707666746103,-0.00011207935025109941,-0.011437368747935663,0.010243404218149588,-0.0001803031292129001,-0.012258615501801339,2.3034485965144763e-06,6.822377896180069e-05,0.0008212467538656759,8.212467538656758,-0.0033699569384042505,-0.0033699569384042505,0
1.661,0.01,0.0,0.010245590448941088,-0.00012233647775835213,-0.011421247706341583,0.010243316693056581,-0.00018966171223364146,-0.012231494027818353,2.2737558845065814e-06,6.732523447528933e-05,0.0008102463214767694,8.102463214767694,-0.0030716553121452606,-0.0030716553121452606,0
1.6620000000000001,0.01,0.0,0.01024546303325121,-0.00013247522328071147,-0.01140456266380981,0.010243218606537118,-0.00019891327443768555,-0.012203951182268063,2.244426714093084e-06,6.643805115697407e-05,0.0007993885184582536,7.993885184582536,-0.0027776099677252475,-0.0027776099677252475,0
1.663,0.01,0.0,0.010245325537747974,-0.0001424962083505271,-0.01138732325363082,0.010243110080751676,-0.0002080583025750328,-0.01217599483628032,2.2154569962982984e-06,6.556209422450569e-05,0.0007886715826494993,7.886715826494993,-0.002487783583227987,-0.002487783583227987,0
1.6640000000000001,0.01,0.0,0.01024517807987966,-0.0001524000578543085,-0.011369539015266081,0.010242991237198558,-0.00021709728817846164,-0.012147632787291725,2.1868426811032238e-06,6.469723032415315e-05,0.0007780937720256436,7.780937720256436,-0.0022021389354032195,-0.0022021389354032195,0
1.665,0.01,0.0,0.010245020776468045,-0.0001621873999061809,-0.011351219394732572,0.01024286219671083,-0.000226030727425263,-0.012118872759231639,2.1585797572148263e-06,6.384332751908212e-05,0.0007676533644990664,7.676533644990664,-0.0019206389037949023,-0.0019206389037949023,0
1.666,0.01,0.0,0.01024485374370522,-0.00017185886572298656,-0.011332373744994823,0.010242723079453385,-0.0002348591210006431,-0.012089722402717015,2.130664251835321e-06,6.300025527765653e-05,0.0007573486577221924,7.5734865772219235,-0.0016432464747406783,-0.0016432464747406783,0
1.667,0.01,0.0,0.010244677097150571,-0.00018141508950102246,-0.011313011326364137,0.010242574004920135,-0.00024358297396278667,-0.012060189295255763,2.1030922304366567e-06,6.216788446176421e-05,0.0007471779688916266,7.471779688916265,-0.0013699247452860774,-0.0013699247452860774,0
1.668,0.01,0.0,0.010244490951727839,-0.00019085670829440524,-0.011293141306904852,0.010242415091931314,-0.0002522027956095708,-0.012030280941458454,2.0758597965245956e-06,6.134608731516553e-05,0.0007371396345536019,7.371396345536018,-0.0011006369269805916,-0.0011006369269805916,0
1.669,0.01,0.0,0.010244295421722336,-0.0002001843618950542,-0.011272772762847372,0.010242246458630921,-0.00026071909934692486,-0.012000004773258141,2.048963091414932e-06,6.0534737451870674e-05,0.000727232010410769,7.272320104107689,-0.0008353463495680558,-0.0008353463495680558,0
1.67,0.01,0.0,0.010244090620778266,-0.0002093986927142823,-0.011251914679007753,0.01024206822248428,-0.00026913240255882346,-0.011969368150138033,2.0223982939871626e-06,5.973370984454116e-05,0.0007174534711302805,7.174534711302805,-0.0005740164645864354,-0.0005740164645864354,0
1.671,0.01,0.0,0.010243876661896153,-0.00021850034566598664,-0.011230575949213634,0.010241880500275705,-0.00027744322647891325,-0.011938378359366907,1.996161620448564e-06,5.8942880812926616e-05,0.0007078024101532729,7.078024101532728,-0.0003166108488601438,-0.0003166108488601438,0
1.672,0.01,0.0,0.01024365365743041,-0.00022748996805142745,-0.011208765376736315,0.010241683408106302,-0.0002856520960637612,-0.011907042616241982,1.9702493241086777e-06,5.816212801233373e-05,0.0006982772395056677,6.982772395056676,-6.30932078902191e-05,-6.30932078902191e-05,0
1.673,0.01,0.0,0.010243421719087003,-0.00023636820944558683,-0.011186491674728736,0.010241477061391882,-0.0002937595398677097,-0.011875368064339016,1.9446576951208383e-06,5.7391330422122883e-05,0.0006888763896102795,6.888763896102795,0.00018657262084165183,0.00018657262084165183,0
1.674,0.01,0.0,0.010243180957921224,-0.00024513572158509675,-0.011163763466669183,0.010241261574860966,-0.0003017660899193458,-0.011843361775769534,1.9193830602583922e-06,5.6630368334249065e-05,0.0006795983091003512,6.795983091003512,0.000432422664684573,0.000432422664684573,0
1.675,0.01,0.0,0.010242931484335607,-0.0002537931582577264,-0.01114058928681049,0.010241037062552945,-0.00030967228159955833,-0.01181103075144485,1.894421782661429e-06,5.587912334183192e-05,0.0006704414646343596,6.704414646343595,0.0006744928126982686,0.0006744928126982686,0
1.676,0.01,0.0,0.010242673408077906,-0.0002623411751934188,-0.011116977580634568,0.010240803637816313,-0.000317478653521188,-0.011778381921346804,1.8697702615921852e-06,5.5137478327769236e-05,0.0006614043407122353,6.614043407122353,0.0009128188126403813,0.0009128188126403813,0
1.677,0.01,0.0,0.010242406838239227,-0.00027078042995686653,-0.011092936705312062,0.010240561413307023,-0.00032518574741025806,-0.011745422144804995,1.845424932204326e-06,5.440531745339153e-05,0.0006524854394929329,6.524854394929329,0.001147436268053248,0.001147436268053248,0
1.678,0.01,0.0,0.010242131883252237,-0.00027911158184161603,-0.01106847493016689,0.010240310500986954,-0.0003327941079887675,-0.011712158210780197,1.8213822652827366e-06,5.368252614715145e-05,0.0006436832806133077,6.436832806133077,0.0013783806354208394,0.0013783806354208394,0
1.679,0.01,0.0,0.010241848650889484,-0.0002873352917656901,-0.011043600437145565,0.010240051012122484,-0.00034030428285905295,-0.011678596838153973,1.7976387670006616e-06,5.296899109336284e-05,0.0006349964010084076,6.349964010084075,0.0016056872214251783,0.0016056872214251783,0
1.68,0.01,0.0,0.010241557248261831,-0.0002954522221687185,-0.011018321321291042,0.010239783057283156,-0.0003477168223897014,-0.011644744676024157,1.7741909786751081e-06,5.226460022098289e-05,0.0006264233547331154,6.264233547331154,0.0018293911802942375,0.0018293911802942375,0
1.681,0.01,0.0,0.010241257781816985,-0.00030346303691056555,-0.010992645591220918,0.010239506746340464,-0.0003550322796030033,-0.011610608304006061,1.7510354765205155e-06,5.156924269243777e-05,0.0006179627127851431,6.179627127851431,0.0020495275112164535,0.0020495275112164535,0
1.682,0.01,0.0,0.010240950357338121,-0.0003113684011714442,-0.010966581169609866,0.010239222188466724,-0.0003622512100639395,-0.011576194232539243,1.7281688713972204e-06,5.088280889249528e-05,0.0006096130629293772,6.096130629293771,0.0022661310558653724,0.0022661310558653724,0
1.683,0.01,0.0,0.010240635079942618,-0.00031916898135350664,-0.01094013589367603,0.010238929492134062,-0.0003693741717706925,-0.01154150890319962,1.7055878085564524e-06,5.020519041718587e-05,0.0006013730095235908,6.013730095235908,0.002479236495977588,0.002479236495977588,0
1.684,0.01,0.0,0.01024031205408088,-0.0003268654449838991,-0.010913317515671296,0.010238628765113474,-0.00037640172504667505,-0.011506558689016852,1.6832889674061463e-06,4.953628006277596e-05,0.0005932411733455562,5.932411733455562,0.002688878351044366,0.002688878351044366,0
1.685,0.01,0.0,0.010239981383535263,-0.0003344584606192714,-0.010886133703375208,0.010238320114474017,-0.0003833344324340556,-0.011471349894796647,1.6612690612455294e-06,4.8875971814784226e-05,0.000585216191421439,5.852161914214389,0.002895090976052117,0.002895090976052117,0
1.686,0.01,0.0,0.01023964317141909,-0.00034194869775173005,-0.0108585920405924,0.010238003646582068,-0.000390172858588786,-0.011435888757448021,1.6395248370222604e-06,4.8224160837055945e-05,0.0005772967168556215,5.772967168556214,0.003097908559314355,0.003097908559314355,0
1.687,0.01,0.0,0.010239297520175763,-0.00034933682671622326,-0.010830700027653368,0.010237679467100682,-0.00039691757017710946,-0.01140018144631522,1.6180530750808941e-06,4.75807434608862e-05,0.0005694814186618519,5.694814186618518,0.0032973651203933585,0.0032973651203933585,0
1.688,0.01,0.0,0.010238944531577965,-0.00035662351859934774,-0.010802465081918412,0.010237347680989058,-0.00040356913577354437,-0.011364234063514165,1.5968505889078777e-06,4.694561717419663e-05,0.0005617689815957533,5.617689815957532,0.003493494508072459,0.003493494508072459,0
1.689,0.01,0.0,0.010238584306726955,-0.0003638094451495656,-0.010773894538284605,0.010237008392502071,-0.0004101281257603333,-0.011328052644273306,1.5759142248834845e-06,4.631868061076772e-05,0.0005541581059887012,5.541581059887012,0.0036863303984198126,0.0036863303984198126,0
1.69,0.01,0.0,0.010238216946051948,-0.0003708952786888205,-0.010744995649695627,0.010236661705189918,-0.00041659511222834594,-0.011291643157278672,1.5552408620302799e-06,4.5699833539525445e-05,0.0005466475075830441,5.466475075830441,0.0038759062929178967,0.0038759062929178967,0
1.691,0.01,0.0,0.01023784254930959,-0.0003778816920255421,-0.010715775587654327,0.010236307721897823,-0.00042297066887942515,-0.011255011505022998,1.5348274117667898e-06,4.5088976853883034e-05,0.0005392359173686714,5.392359173686714,0.004062255516676494,0.004062255516676494,0
1.692,0.01,0.0,0.010237461215583506,-0.0003847693583690271,-0.010686241442737816,0.01023594654476586,-0.0004292553709301647,-0.011218163524158727,1.5146708176455581e-06,4.4486012561137617e-05,0.0005319220814209106,5.319220814209106,0.004245411216698081,0.004245411216698081,0
1.693,0.01,0.0,0.01023707304328395,-0.0003915589512451861,-0.010656400225115017,0.010235578275228842,-0.00043544979501711505,-0.01118110498585484,1.4947680551085502e-06,4.389084377192894e-05,0.0005247047607398227,5.247047607398226,0.0044254063602169325,0.0044254063602169325,0
1.694,0.01,0.0,0.010236678130147529,-0.000398251144413645,-0.010626258865066485,0.010235203014016293,-0.0004415545191033982,-0.011143841596157276,1.4751161312356181e-06,4.33033746897532e-05,0.0005175827310907911,5.175827310907911,0.004602273733125273,0.004602273733125273,0
1.695,0.01,0.0,0.010236276573237,-0.00040484661178618936,-0.01059582421350635,0.010234820861152509,-0.0004475701223867252,-0.011106378996352818,1.4557120844912314e-06,4.2723510600535856e-05,0.0005105547828464681,5.1055478284646805,0.004776045938442053,0.004776045938442053,0
1.696,0.01,0.0,0.010235868468941171,-0.0004113460273465405,-0.010565103042506262,0.010234431915956696,-0.00045349718520880573,-0.011068722763336326,1.436552984474676e-06,4.2151157862265235e-05,0.0005036197208300643,5.036197208300643,0.004946755394855451,0.004946755394855451,0
1.697,0.01,0.0,0.010235453912974863,-0.00041775006507145256,-0.010534102045821217,0.01023403627704319,-0.00045933628896613804,-0.011030878409981178,1.41763593167199e-06,4.1586223894685484e-05,0.0004967763641599617,4.967763641599617,0.0051144343353319854,0.0051144343353319854,0
1.698,0.01,0.0,0.010235033000378953,-0.00042405939885311824,-0.0105028278394171,0.010233634042321754,-0.00046508801602216775,-0.010992851385512746,1.3989580571992233e-06,4.102861716904951e-05,0.000490023546095647,4.90023546095647,0.00527911480579224,0.00527911480579224,0
1.699,0.01,0.0,0.010234605825520503,-0.00043027470242287266,-0.010471286961999835,0.01023322530899794,-0.00047075294962080875,-0.010954647075884831,1.3805165225630467e-06,4.04782471979361e-05,0.00048336011388499557,4.833601138849955,0.0054408286638389924,0.0054408286638389924,0
1.7,0.01,0.0,0.010234172482092956,-0.0004363966492761834,-0.010439485875546016,0.010232810173573555,-0.00047633167380130753,-0.010916270804158848,1.362308519400543e-06,3.993502452512412e-05,0.00047678492861283166,4.767849286128317,0.005599607577554622,0.005599607577554622,0
1.701,0.01,0.0,0.010233733063116403,-0.00044242591259891563,-0.010407430965834866,0.010232388731847165,-0.0004818247733144501,-0.010877727830885725,1.3443312692380804e-06,3.939886071553444e-05,0.0004702968650508593,4.702968650508593,0.005755483024348251,0.005755483024348251,0
1.702,0.01,0.0,0.010233287660937942,-0.0004483631651948609,-0.010375128542981466,0.010231961078914704,-0.0004872328335400913,-0.010839023354490319,1.3265820232380432e-06,3.886966834523042e-05,0.0004638948115088526,4.6389481150885254,0.005908486289870396,0.005908486289870396,0
1.703,0.01,0.0,0.01023283636723208,-0.0004542090794145181,-0.01034258484197107,0.01023152730917013,-0.0004925564404060028,-0.010800162511658263,1.3090580619507658e-06,3.834736099148469e-05,0.00045757766968719353,4.575776696871935,0.006058648466988892,0.006058648466988892,0
1.704,0.01,0.0,0.010232379273001238,-0.0004599643270851154,-0.010309806023194399,0.010231087516306164,-0.0004977961803080246,-0.010761150377725097,1.2917566950734066e-06,3.7831853222909206e-05,0.00045134435453069756,4.513443545306975,0.0062060004548012415,0.0062060004548012415,0
1.705,0.01,0.0,0.01023191646857629,-0.000465629579441861,-0.010276798172983851,0.010230641793315096,-0.0005029526400315079,-0.010721991967067574,1.2746752611932088e-06,3.732306058964693e-05,0.00044519379408372237,4.451937940837223,0.006350572957730449,0.006350572957730449,0
1.706,0.01,0.0,0.010231448043617206,-0.00047120550706041263,-0.010243567304150443,0.010230190232489653,-0.000508026406674045,-0.010682692233497038,1.2578111275533127e-06,3.682089961363236e-05,0.0004391249293465953,4.391249293465952,0.006492396484643059,0.006492396484643059,0
1.707,0.01,0.0,0.010230974087113737,-0.0004766927797905529,-0.01021011935652144,0.01022973292542394,-0.0005130180675694648,-0.010643256070654736,1.2411616897960165e-06,3.632528777891195e-05,0.00043313671413329653,4.331367141332965,0.00663150134805246,0.00663150134805246,0
1.708,0.01,0.0,0.010230494687386174,-0.00048209206669106027,-0.010176460197478504,0.010229269963014443,-0.000517928210213095,-0.010603688312408958,1.2247243717303236e-06,3.583614352203478e-05,0.000427228114930454,4.27228114930454,0.006767917663349721,0.006767917663349721,0
1.709,0.01,0.0,0.01023000993208617,-0.00048740403596576366,-0.010142595622496314,0.010228801435461095,-0.0005227574221882659,-0.010563993733253889,1.2084966250752033e-06,3.5353386222502234e-05,0.0004213981107575749,4.213981107575749,0.00690167534809305,0.00690167534809305,0
1.71,0.01,0.0,0.010229519908197628,-0.000492629354900769,-0.010108531355681516,0.010228327432268406,-0.0005275062910940603,-0.010524177048710115,1.192475929221934e-06,3.4876936193291275e-05,0.000415645693028599,4.15645693028599,0.007032804121359426,0.007032804121359426,0
1.711,0.01,0.0,0.01022902470203765,-0.0004977686898028476,-0.010074273050311907,0.010227848042246654,-0.0005321754044742869,-0.01048424291572659,1.1766597909964455e-06,3.440671467143928e-05,0.00040996986541468224,4.099698654146822,0.007161333503116651,0.007161333503116651,0
1.712,0.01,0.0,0.010228524399257548,-0.0005028227059389736,-0.01003982628937579,0.010227363353513132,-0.0005367653497476677,-0.01044419593308403,1.1610457444164585e-06,3.3942643808694095e-05,0.0004043696437082394,4.043696437082394,0.007287292813679791,0.007287292813679791,0
1.713,0.01,0.0,0.01022801908484391,-0.0005077920674769992,-0.01000519658611134,0.010226873453493464,-0.0005412767141392303,-0.010404040641799572,1.1456313504451532e-06,3.348464666223111e-05,0.00039884405568823243,3.988440556882324,0.007410711173180928,0.007410711173180928,0
1.714,0.01,0.0,0.010227508843119728,-0.0005126774374274581,-0.009970389384545952,0.010226378428922978,-0.0005457100846128972,-0.010363781525532682,1.130414196750043e-06,3.303264718543914e-05,0.0003933921409867303,3.933921409867303,0.007531617501104648,0.007531617501104648,0
1.715,0.01,0.0,0.01022699375774559,-0.0005174794775864839,-0.009935410060035446,0.01022587836584811,-0.0005500660478052585,-0.010323423010992164,1.1153918974809302e-06,3.258657021877468e-05,0.00038801295095671796,3.8801295095671793,0.007650040515870593,0.007650040515870593,0
1.716,0.01,0.0,0.010226473911720916,-0.0005221988484798326,-0.009900263919803021,0.0102253733496279,-0.000554345189960507,-0.01028296946834409,1.1005620930149007e-06,3.21463414806744e-05,0.000382705548541069,3.82705548541069,0.007766008734440888,0.007766008734440888,0
1.717,0.01,0.0,0.010225949387385257,-0.0005268362093079985,-0.009864956203477925,0.010224863464935533,-0.0005585480968665427,-0.01024242521162075,1.0859224497238723e-06,3.171188755854426e-05,0.000377469008142825,3.77469008142825,0.00787955047198885,0.00787955047198885,0
1.718,0.01,0.0,0.010225420266419653,-0.0005313922178924122,-0.00982949208363371,0.010224348795759905,-0.0005626753537922238,-0.010201794499130367,1.071470659747345e-06,3.128313589981159e-05,0.0003723024154966576,3.723024154966576,0.007990693841607666,0.007990693841607666,0
1.719,0.01,0.0,0.01022488662984803,-0.0005358675306227091,-0.00979387666632599,0.010223829425407283,-0.0005667275454257516,-0.01016108153386753,1.0572044407478054e-06,3.086001480304254e-05,0.0003672048675415415,3.672048675415415,0.008099466754049267,0.008099466754049267,0
1.72,0.01,0.0,0.010224348558038663,-0.0005402628024050569,-0.009758114991629653,0.010223305436502983,-0.0005707052558141877,-0.0101202904639243,1.0431215356800083e-06,3.044245340913076e-05,0.00036217547229464714,3.6217547229464713,0.008205896917517386,0.008205896917517386,0
1.721,0.01,0.0,0.010223806130705684,-0.0005445786866115326,-0.00972221203417542,0.01022277691099312,-0.0005746090683040845,-0.010079425382901856,1.0292197125637281e-06,3.0030381692551923e-05,0.0003572133487264352,3.572133487264352,0.008310011837492581,0.008310011837492581,0
1.722,0.01,0.0,0.01022325942691064,-0.0005488158350305353,-0.00968617270368566,0.010222243930146396,-0.0005784395654832192,-0.010038490330322593,1.0154967642443669e-06,2.9623730452683905e-05,0.0003523176266369329,3.5231762663693287,0.00841183881659191,0.00841183881659191,0
1.723,0.01,0.0,0.010222708525064104,-0.0005529748978182265,-0.009650001845509439,0.010221706574555931,-0.0005821973291234232,-0.00999748929204265,1.0019505081726443e-06,2.9222431305196716e-05,0.00034748744653321194,3.4748744653321193,0.008511404954480994,0.008511404954480994,0
1.724,0.01,0.0,0.010222153502927328,-0.0005570565234509844,-0.009613704241156672,0.010221164924141159,-0.000585882940124492,-0.009956426200664689,9.885787861686757e-07,2.882641667350757e-05,0.00034272195950801713,3.4272195950801714,0.008608737147808299,0.008608737147808299,0
1.725,0.01,0.0,0.010221594437613942,-0.0005610613586788634,-0.009577284608831328,0.010220619058149747,-0.0005894969784591675,-0.009915304935950928,9.753794641947228e-07,2.8435619780304167e-05,0.00033802032711960014,3.3802032711960015,0.008703862090183812,0.008703862090183812,0
1.726,0.01,0.0,0.010221031405591715,-0.0005649900484800454,-0.009540747603963626,0.010220069055159585,-0.0005930400231191821,-0.00987412932523633,9.6235043212968e-07,2.8049974639136692e-05,0.00033338172127270367,3.3338172127270367,0.00879680627218793,0.00879680627218793,0
1.727,0.01,0.0,0.010220464482684339,-0.0005688432360162747,-0.009504097819741148,0.010219514993080795,-0.0005965126520623506,-0.009832903143841859,9.494896035435602e-07,2.766941604607587e-05,0.00032880532410071127,3.2880532410071126,0.008887595981419416,0.008887595981419416,0
1.728,0.01,0.0,0.010219893744073274,-0.0005726215625892635,-0.00946733978763879,0.010218956949157795,-0.0005999154421607021,-0.009791630115487733,9.367949154789196e-07,2.7293879571438535e-05,0.0003242903278489438,3.2429032784894383,0.008976257302577118,0.008976257302577118,0
1.729,0.01,0.0,0.01021931926429962,-0.0005763256675980575,-0.009430477977947499,0.010218394999971406,-0.0006032489691496348,-0.009750313912706577,9.242643282132007e-07,2.6923301551577314e-05,0.0003198359347590784,3.1983593475907837,0.009062816117570982,0.009062816117570982,0
1.73,0.01,0.0,0.010218741117266051,-0.0005799561884973518,-0.009393516800301727,0.010217829221440995,-0.0006065138075780973,-0.009708958157256493,9.118958250557696e-07,2.6557619080745513e-05,0.00031544135695476573,3.154413569547657,0.009147298105666835,0.009147298105666835,0
1.731,0.01,0.0,0.010218159376238775,-0.0005835137607567462,-0.009356460604205547,0.010217259688826658,-0.0006097105307597641,-0.009667566420533845,8.996874121171977e-07,2.6196770003017868e-05,0.0003111058163282974,3.1110581632829737,0.009229728743665788,0.009229728743665788,0
1.732,0.01,0.0,0.010217574113849541,-0.0005869990178209273,-0.009319313679557358,0.010216686476731452,-0.0006128397107252136,-0.009626142223985796,8.87637118088952e-07,2.5840692904286313e-05,0.0003068285444284384,3.068285444284384,0.009310133306110302,0.009310133306110302,0
1.733,0.01,0.0,0.010216985402097678,-0.0005904125910707692,-0.009282080257173132,0.010216109659103648,-0.000615901918175089,-0.009584689039522512,8.757429940300238e-07,2.5489327104319826e-05,0.0003026087823493808,3.026087823493808,0.009388536865521324,0.009388536865521324,0
1.734,0.01,0.0,0.010216393312352181,-0.0005937551097853407,-0.009244764509308138,0.010215529309239035,-0.000618897722434231,-0.009543210289928925,8.640031131466192e-07,2.5142612648890303e-05,0.0002984457806207864,2.9844578062078635,0.009464964292665634,0.009464964292665634,0
1.735,0.01,0.0,0.010215797915353842,-0.0005970272011048094,-0.0092073705501771,0.010214945499783258,-0.000621827691406776,-0.009501709349276032,8.52415570583992e-07,2.4800490301966622e-05,0.00029433879909893275,2.9433879909893275,0.009539440256848941,0.009539440256848941,0
1.736,0.01,0.0,0.010215199281217387,-0.0006002294899942313,-0.009169902436472718,0.010214358302734185,-0.0006246923915322028,-0.009460189543331667,8.409784832026646e-07,2.4462901537971498e-05,0.00029028710685894896,2.9028710685894894,0.009611989226242734,0.009611989226242734,0
1.737,0.01,0.0,0.010214597479433684,-0.000603362599208215,-0.009132364167882516,0.010213767789444309,-0.0006274923877423245,-0.00941865414997066,8.29689989375465e-07,2.412978853410944e-05,0.0002862899820881438,2.8628998208814376,0.009682635468236889,0.009682635468236889,0
1.738,0.01,0.0,0.010213992578871964,-0.0006064271492564528,-0.009094759687603933,0.010213174030623195,-0.0006302282434192079,-0.009377106399584332,8.185482487689522e-07,2.380109416275512e-05,0.0002823467119803993,2.8234671198039925,0.00975140304980826,0.00975140304980826,0
1.739,0.01,0.0,0.010213384647782086,-0.0006094237583701047,-0.00905709288285767,0.010212577096339947,-0.0006329005203540165,-0.009335549475489311,8.075514421387181e-07,2.347676198391187e-05,0.0002784565926316415,2.784565926316415,0.00981831583792836,0.00981831583792836,0
1.74,0.01,0.0,0.010212773753796832,-0.0006123530424690273,-0.009019367585399186,0.01021197705602571,-0.0006355097787067606,-0.009293986514335557,7.966977711212214e-07,2.31567362377333e-05,0.0002746189289363713,2.746189289363713,0.00988339749999323,0.00988339749999323,0
1.741,0.01,0.0,0.010212159963934231,-0.0006152156151298373,-0.008981587572028315,0.010211373978476213,-0.000638056576966947,-0.009252420606513549,7.859854580186815e-07,2.2840961837109733e-05,0.00027083303448523395,2.7083303448523393,0.00994667150427464,0.00994667150427464,0
1.742,0.01,0.0,0.010211543344599923,-0.0006180120875547981,-0.008943756565096966,0.010210767931854318,-0.0006405414719151212,-0.009210854796560636,7.754127456047893e-07,2.2529384360323165e-05,0.00026709823146366975,2.6709823146366976,0.010008161120389936,0.010008161120389936,0
1.743,0.01,0.0,0.01021092396158954,-0.0006207430685415206,-0.008905878233014874,0.010210158983692626,-0.0006429650185852836,-0.00916929208356644,7.649778969148063e-07,2.2221950043762955e-05,0.0002634138505515655,2.6341385055156548,0.010067889419813625,0.010067889419813625,0
1.744,0.01,0.0,0.010210301880091137,-0.0006234091644534678,-0.008867956190753304,0.010209547200896094,-0.0006453277702281751,-0.00912773542157725,7.546791950426013e-07,2.191860577470731e-05,0.0002597792308239467,2.5977923082394665,0.010125879276392524,0.010125879276392524,0
1.745,0.01,0.0,0.01020967716468763,-0.0006260109791912526,-0.008829994000346739,0.010208932649744694,-0.0006476302782754227,-0.009086187719999441,7.445149429359532e-07,2.1619299084170147e-05,0.00025619371965270206,2.5619371965270203,0.010182153366884883,0.010182153366884883,0
1.746,0.01,0.0,0.010209049879359281,-0.0006285491141647198,-0.008791995171392479,0.010208315395896075,-0.0006498730923045332,-0.009044651844001812,7.344834632057318e-07,2.1323978139813353e-05,0.0002526566726093332,2.526566726093332,0.010236734171538586,0.010236734171538586,0
1.747,0.01,0.0,0.010208420087486196,-0.0006310241682658021,-0.008753963161548086,0.010207695504388279,-0.0006520567600047201,-0.009003130614916754,7.245830979177303e-07,2.1032591738917995e-05,0.0002491674533686688,2.491674533686688,0.010289643974665807,0.010289643974665807,0
1.748,0.01,0.0,0.010207787851850862,-0.0006334367378421392,-0.008715901377026691,0.010207073039642462,-0.0006541818271435637,-0.008961626810640323,7.148122084001118e-07,2.074508930142451e-05,0.00024572543361363157,2.4572543361363155,0.010340904865258516,0.010340904865258516,0
1.749,0.01,0.0,0.0102071532346407,-0.0006357874166714519,-0.008677813173090085,0.010206448065465647,-0.0006562488375344854,-0.008920143166031045,7.05169175052589e-07,2.046142086303349e-05,0.00024232999294095982,2.4232999294095983,0.010390538737607535,0.010390538737607535,0
1.75,0.01,0.0,0.010206516297450646,-0.0006380767959366604,-0.00863970185453958,0.010205820645053508,-0.0006582583330050274,-0.008878682373307484,6.956523971382578e-07,2.0181537068366968e-05,0.00023898051876790512,2.389805187679051,0.010438567291957135,0.010438567291957135,0
1.7510000000000001,0.01,0.0,0.010205877101285765,-0.0006403054642017381,-0.008601570676204586,0.010205190840993163,-0.0006602108533659373,-0.008837247082444547,6.86260292601451e-07,1.9905389164199204e-05,0.0002356764062399607,2.356764062399607,0.010485012035156949,0.010485012035156949,0
1.752,0.01,0.0,0.010205235706563873,-0.0006424740073882891,-0.008563422843428916,0.010204558715265998,-0.000662106936381034,-0.00879583990156842,6.769912978751846e-07,1.963292899274493e-05,0.00023241705813950402,2.32417058139504,0.010529894281357421,0.010529894281357421,0
1.7530000000000001,0.01,0.0,0.010204592173118199,-0.0006445830087528434,-0.008525261512554718,0.010203924329250512,-0.0006639471177378527,-0.008754463397350138,6.678438676868681e-07,1.936410898500929e-05,0.00022920188479541928,2.2920188479541928,0.010573235152697258,0.010573235152697258,0
1.754,0.01,0.0,0.010203946560200057,-0.0006466330488648569,-0.008487089791404074,0.010203287743725184,-0.00066573193101906,-0.00871312009539776,6.588164748726894e-07,1.9098882154203146e-05,0.00022603030399368645,2.2603030399368644,0.010615055580028177,0.010615055580028177,0
1.7550000000000001,0.01,0.0,0.010203298926481539,-0.000648624705585409,-0.008448910739758196,0.010202649018871345,-0.0006674619076746262,-0.008671812480647084,6.49907610193734e-07,1.883720208921717e-05,0.00022290174088888774,2.2290174088888772,0.01065537630365121,0.01065537630365121,0
1.756,0.01,0.0,0.010202649330058244,-0.0006505585540465874,-0.008410727369834179,0.010202008214276106,-0.0006691375769947433,-0.008630542997750842,6.411157821382268e-07,1.8579022948155867e-05,0.00021981562791666305,2.1981562791666303,0.010694217874051226,0.010694217874051226,0
1.7570000000000001,0.01,0.0,0.01020199782845201,-0.000652435166631552,-0.008372542646759344,0.010201365388935258,-0.0006707594660834902,-0.008589314051466469,6.32439516751529e-07,1.832429945193819e-05,0.00021677140470712473,2.167714047071247,0.010731600652675866,0.010731600652675866,0
1.758,0.01,0.0,0.010201344478613674,-0.0006542551129552667,-0.008334359489043075,0.010200720601256227,-0.0006723280998332188,-0.008548128007042216,6.23877357447053e-07,1.8072986877952025e-05,0.00021376851799914144,2.1376851799914145,0.010767544812710916,0.010767544812710916,0
1.7590000000000001,0.01,0.0,0.01020068933692585,-0.000656018959845892,-0.008296180769046167,0.010200073909061034,-0.000673844000899664,-0.008506987190601731,6.154278648171779e-07,1.7825041053771994e-05,0.0002108064215555639,2.108064215555639,0.010802070339869019,0.010802070339869019,0
1.76,0.01,0.0,0.010200032459205725,-0.0006577272713268277,-0.008258009313447657,0.01019942536958926,-0.0006753076896777678,-0.008465893889527046,6.070896164649814e-07,1.758041835094005e-05,0.00020788457607938925,2.078845760793892,0.010835197033205013,0.010835197033205013,0
1.7610000000000001,0.01,0.0,0.010199373900707872,-0.0006593806085993993,-0.00821984790370909,0.010198775039501052,-0.0006767196842781994,-0.008424850352839863,5.988612068203586e-07,1.7339075678800145e-05,0.00020500244913077177,2.0500244913077177,0.010866944505933063,0.010866944505933063,0
1.762,0.01,0.0,0.010198713716127083,-0.0006609795300261749,-0.008181699276536242,0.010198122974880118,-0.0006780805005045701,-0.008383858791581192,5.907412469648154e-07,1.7100970478395273e-05,0.00020215951504494976,2.0215951504494973,0.01089733218626332,0.01089733218626332,0
1.7630000000000001,0.01,0.0,0.010198051959601209,-0.000662524591114908,-0.008143566124338225,0.01019746923123676,-0.0006793906518313299,-0.00834292137918927,5.827283644493225e-07,1.6866060716421837e-05,0.0001993552548510448,1.993552548510448,0.010926379318248358,0.010926379318248358,0
1.764,0.01,0.0,0.010197388684714027,-0.0006640163445030952,-0.008105451095683999,0.010196813863510899,-0.0006806506493823409,-0.008302040251875774,5.748212031277816e-07,1.663430487924562e-05,0.00019658915619177528,1.9658915619177526,0.010954104962645594,0.010954104962645594,0
1.7650000000000001,0.01,0.0,0.010196723944498125,-0.0006654553399431398,-0.008067356795756252,0.010196156926075143,-0.0006818610019101122,-0.00826121750900024,5.670184229818187e-07,1.6405661966972383e-05,0.00019386071324398874,1.9386071324398872,0.010980527997783263,0.010980527997783263,0
1.766,0.01,0.0,0.010196057791437781,-0.0006668421242881144,-0.008029285786802632,0.010195498472737836,-0.0006830222157756913,-0.008220455213442711,5.593186999455768e-07,1.6180091487576925e-05,0.00019116942664007888,1.9116942664007888,0.01100566712044504,0.01100566712044504,0
1.7670000000000001,0.01,0.0,0.010195390277471876,-0.0006681772414781115,-0.007991240588584319,0.010194838556746138,-0.0006841347949292034,-0.008179755391974583,5.517207257374479e-07,1.595755345109185e-05,0.00018851480339026477,1.8851480339026476,0.01102954084676977,0.01102954084676977,0
1.768,0.01,0.0,0.010194721453996813,-0.0006694612325271768,-0.007953223678821895,0.010194177230789116,-0.0006851992408910287,-0.008139120035627612,5.442232076970088e-07,1.5738008363851987e-05,0.00018589635680571655,1.8589635680571654,0.01105216751314586,0.01105216751314586,0
1.7690000000000001,0.01,0.0,0.010194051371869453,-0.0006706946355108123,-0.007915237493638545,0.010193514547000845,-0.0006862160527336061,-0.008098551100061031,5.368248686080795e-07,1.552141722279386e-05,0.00018331360642248606,1.8331360642248606,0.011073565277133213,0.011073565277133213,0
1.77,0.01,0.0,0.010193380081410049,-0.0006718779855540459,-0.00787728442800053,0.010192850556963512,-0.0006871857270638603,-0.008058050505926843,5.295244465373938e-07,1.5307741509814374e-05,0.00018076607792631358,1.8076607792631356,0.011093752118385147,0.011093752118385147,0
1.7710000000000001,0.01,0.0,0.010192707632405212,-0.0006730118148200552,-0.007839366836154923,0.010192185311710537,-0.0006881087580062405,-0.008017620139233171,5.223206946750047e-07,1.509694318618522e-05,0.000178253303078248,1.78253303078248,0.011112745839580107,0.011112745839580107,0
1.772,0.01,0.0,0.01019203407411088,-0.0006740966524993386,-0.007801487032064641,0.010191518861729717,-0.000688985637186358,-0.007977261851705693,5.15212381162547e-07,1.4888984687019325e-05,0.00017577481964105215,1.7577481964105215,0.011130564067366677,0.011130564067366677,0
1.7730000000000001,0.01,0.0,0.010191359455255284,-0.0006751330247994266,-0.007763647289840683,0.010190851256966353,-0.0006898168537152238,-0.00793697746114714,5.081982889301728e-07,1.4683828915797257e-05,0.00017333017130645618,1.7333017130645618,0.01114722425330772,0.01114722425330772,0
1.774,0.01,0.0,0.010190683824041945,-0.0006761214549351231,-0.007725849844171641,0.010190182546826394,-0.0006906028941740717,-0.00789676875179487,5.012772155508355e-07,1.4481439238948597e-05,0.00017091890762322825,1.7091890762322823,0.01116274367485559,0.01116274367485559,0
1.7750000000000001,0.01,0.0,0.010190007228152673,-0.0006770624631192707,-0.007688096890750403,0.010189512780179604,-0.0006913442425997526,-0.00785663747467637,4.944479730685514e-07,1.4281779480481891e-05,0.00016854058392596748,1.6854058392596747,0.01117713943630072,0.01117713943630072,0
1.776,0.01,0.0,0.010189329714750566,-0.0006779565665540302,-0.007650390586698098,0.010188842005362724,-0.0006920413804707039,-0.007816585347962842,4.87709387842275e-07,1.4084813916673679e-05,0.00016619476126474367,1.6619476126474366,0.011190428469759262,0.011190428469759262,0
1.7770000000000001,0.01,0.0,0.01018865133048303,-0.0006788042794226687,-0.007612733050985231,0.010188170270182638,-0.0006926947866934798,-0.007776614057320747,4.810603003915087e-07,1.3890507270811095e-05,0.00016388100633551658,1.6388100633551657,0.011202627536148313,0.011202627536148313,0
1.778,0.01,0.0,0.010187972121484798,-0.0006796061128818448,-0.007575126364850023,0.010187497621919553,-0.0006933049375898324,-0.007736725256261333,4.744995652453815e-07,1.3698824707987587e-05,0.00016159889141131,1.6159889141130999,0.01121375322617979,0.01121375322617979,0
1.7790000000000001,0.01,0.0,0.01018729213338097,-0.0006803625750543879,-0.007537572572213932,0.010186824107330187,-0.0006938723068843371,-0.007696920566488076,4.680260507830547e-07,1.3509731829949162e-05,0.00015934799427414457,1.5934799427414457,0.01122382196134808,0.01122382196134808,0
1.78,0.01,0.0,0.010186611411290035,-0.0006810741710225597,-0.007500073680094367,0.010186149772650954,-0.0006943973656925551,-0.007657201578242123,4.6163863908106617e-07,1.332319466999549e-05,0.00015712789814775665,1.5712789814775665,0.011232849994940786,0.011232849994940786,0
1.7810000000000001,0.01,0.0,0.010185929999826924,-0.0006817414028217924,-0.0074626316590145625,0.010185474663601151,-0.0006948805825097278,-0.007617569850645629,4.5533622577281774e-07,1.3139179687935332e-05,0.00015493819163106635,1.5493819163106635,0.011240853413042373,0.011240853413042373,0
1.782,0.01,0.0,0.010185247943106063,-0.0006823647694348966,-0.007425248443410629,0.010184798825386176,-0.0006953224231999839,-0.007578026912042981,4.491177198872459e-07,1.2957653765087278e-05,0.0001527784686323518,1.5277846863235178,0.011247848135543137,0.011247848135543137,0
1.7830000000000001,0.01,0.0,0.01018456528474442,-0.0006829447667867284,-0.007387925932035766,0.010184122302700712,-0.0006957233509860674,-0.007538574260339979,4.429820437083093e-07,1.2778584199339043e-05,0.00015064832830421256,1.5064832830421255,0.011253849917163272,0.011253849917163272,0
1.784,0.01,0.0,0.01018388206786457,-0.0006834818877393125,-0.007350665988361635,0.010183445139731948,-0.0006960838264395652,-0.007499213363340865,4.369281326223329e-07,1.2601938700252725e-05,0.0001485473749792297,1.485473749792297,0.01125887434847428,0.01125887434847428,0
1.7850000000000001,0.01,0.0,0.010183198335097756,-0.0006839766220874103,-0.007313470440976877,0.010182767380162779,-0.0006964043074716356,-0.007459945659083255,4.309549349774955e-07,1.2427685384225253e-05,0.00014647521810637765,1.4647521810637765,0.011262936856923922,0.011262936856923922,0
1.786,0.01,0.0,0.010182514128586966,-0.0006844294565545282,-0.007276341083982797,0.010182089067175024,-0.0006966852493242242,-0.007420772556170931,4.250614119415824e-07,1.2255792769695997e-05,0.0001444314721881345,1.444314721881345,0.011266052707875396,0.011266052707875396,0
1.7870000000000001,0.01,0.0,0.010181829489990002,-0.000684840874789357,-0.0072392796773861675,0.010181410243452649,-0.0006969271045617599,-0.007381695434104461,4.1924653735279926e-07,1.2086229772402947e-05,0.00014241575671829383,1.4241575671829383,0.011268237005633175,0.011268237005633175,0
1.788,0.01,0.0,0.010181144460482553,-0.0006852113573626367,-0.007202287947489218,0.010180730951184972,-0.0006971303230633298,-0.007342715643609726,4.1350929758099397e-07,1.1918965700693108e-05,0.00014042769612050785,1.4042769612050785,0.011269504694493726,0.011269504694493726,0
1.7890000000000001,0.01,0.0,0.01018045908076128,-0.0006855413817644392,-0.007165367587276725,0.010180051232069887,-0.0006972953520153186,-0.0073038345069642435,4.078486913940832e-07,1.1753970250879403e-05,0.00013846691968751827,1.3846691968751825,0.01126987055978379,0.01126987055978379,0
1.79,0.01,0.0,0.010179773391046894,-0.0006858314224018618,-0.007128520256800269,0.010179371127317084,-0.0006974226359045053,-0.007265053318321319,4.0226372981060077e-07,1.1591213502643548e-05,0.00013653306152104985,1.3653306152104985,0.011269349228911096,0.011269349228911096,0
1.7910000000000001,0.01,0.0,0.010179087431087239,-0.0006860819505971233,-0.007091747583559615,0.010178690677651276,-0.0006975126165116161,-0.00722637334403204,3.9675343596265455e-07,1.143066591449281e-05,0.0001346257604724248,1.346257604724248,0.011267955172407085,0.011267955172407085,0
1.792,0.01,0.0,0.010178401240160383,-0.0006862934345860597,-0.007055051162881258,0.010178009923315417,-0.0006975657329053216,-0.007187795822965107,3.913168449658222e-07,1.1272298319261976e-05,0.0001327446600838493,1.3274466008384929,0.011265702704989167,0.011265702704989167,0
1.793,0.01,0.0,0.0101777148570777,-0.000686466339517007,-0.007018432558294075,0.010177328904073918,-0.0006975824214366696,-0.007149321966824426,3.8595300378210795e-07,1.1116081919662602e-05,0.0001308894085303514,1.3088940853035138,0.011262605986612328,0.011262605986612328,0
1.794,0.01,0.0,0.010177028320186961,-0.0006866011274500704,-0.006981893301902141,0.010176647659215879,-0.0006975631157339496,-0.007110952960464527,3.8066097108289954e-07,1.096198828387919e-05,0.000129059658562386,1.29059658562386,0.011258679023519846,0.011258679023519846,0
1.795,0.01,0.0,0.010176341667375422,-0.000686698257356768,-0.006945434894754692,0.010175966227558302,-0.000697508246697982,-0.007072689962203808,3.754398171205986e-07,1.0809989341214066e-05,0.00012725506744911633,1.2725506744911632,0.011253935669317094,0.011253935669317094,0
1.796,0.01,0.0,0.010175654936072911,-0.000686758185120046,-0.006909058807213202,0.010175284647449313,-0.0006974182424978234,-0.0070345341041355295,3.7028862359851644e-07,1.0660057377777344e-05,0.00012547529692232776,1.2547529692232775,0.011248389626023148,0.011248389626023148,0
1.797,0.01,0.0,0.010174968163254914,-0.0006867813635346575,-0.006872766479315631,0.01017460295677138,-0.0006972935285668789,-0.006996486492436614,3.652064835338309e-07,1.051216503222146e-05,0.0001237200131209825,1.237200131209825,0.01124205444513482,0.01124205444513482,0
1.798,0.01,0.0,0.01017428138544567,-0.0006867682423078975,-0.006836559321137819,0.01017392119294453,-0.0006971345275994238,-0.006958548207674261,3.601925011396251e-07,1.0366285291526231e-05,0.00012198888653644144,1.2198888653644142,0.011234943528696917,0.011234943528696917,0
1.799,0.01,0.0,0.010173594638721254,-0.0006867192680606904,-0.006800438713152012,0.010173239392929568,-0.0006969416595475136,-0.006920720305110288,3.552457916861096e-07,1.0222391486823155e-05,0.00012028159195827566,1.2028159195827566,0.011227070130359174,0.011227070130359174,0
1.8,0.01,0.0,0.010172907958712658,-0.0006866348843290209,-0.00676440600658257,0.010172557593231274,-0.0006967153416182914,-0.006883003815003322,3.5036548138439594e-07,1.0080457289270454e-05,0.00011859780842075202,1.18597808420752,0.011218447356452721,0.011218447356452721,0
1.801,0.01,0.0,0.010172221380608887,-0.0006865155315657033,-0.006728462523758806,0.010171875829901625,-0.0006964559882716711,-0.0068453997429086975,3.4555070726159653e-07,9.940456705967806e-06,0.00011693721914989193,1.1693721914989192,0.01120908816705235,0.01120908816705235,0
1.802,0.01,0.0,0.010171534939160029,-0.0006863616471424826,-0.006692609558465,0.010171194138543003,-0.0006961640112183987,-0.006807909069976152,3.4080061702551623e-07,9.80236407591606e-06,0.00011529951151115127,1.1529951151115128,0.011199005377037885,0.011199005377037885,0
1.803,0.01,0.0,0.01017084866868034,-0.000686173665352463,-0.006656848376287598,0.010170512554311385,-0.0006958398194184879,-0.006770532753245347,3.3611436895536473e-07,9.666154066024883e-06,0.00011368437695774905,1.1368437695774904,0.011188211657180425,0.011188211657180425,0
1.804,0.01,0.0,0.010170162603051324,-0.0006859520174128541,-0.006621180214959535,0.010169831111919549,-0.0006954838190800133,-0.00673327172593908,3.314911317751218e-07,9.531801667159211e-06,0.00011209151097954506,1.1209151097954506,0.011176719535191282,0.011176719535191282,0
1.805,0.01,0.0,0.0101694767757248,-0.0006856971314680328,-0.006585606284701786,0.01016914984564027,-0.0006950964136582629,-0.00669612689775432,3.2693008453037187e-07,9.399282190230055e-06,0.00011052061305253345,1.1052061305253345,0.011164541396804673,0.011164541396804673,0
1.806,0.01,0.0,0.010168791219725982,-0.0006854094325929126,-0.006550127768562067,0.010168468789309505,-0.0006946780038552421,-0.006659099155151008,3.2243041647728177e-07,9.268571262329535e-06,0.00010897138658894166,1.0897138658894165,0.011151689486835537,0.011151689486835537,0
1.807,0.01,0.0,0.010168105967656538,-0.0006850893427966138,-0.006514745822750742,0.010167787976329579,-0.00069422898761952,-0.006622189361638614,3.1799132695943533e-07,9.139644822906139e-06,0.00010744353888787143,1.0744353888787141,0.011138175910257786,0.011138175910257786,0
1.808,0.01,0.0,0.010167421051697663,-0.0006847372810264327,-0.006479461576973913,0.010167107439672368,-0.0006937497601464147,-0.0065853983580604625,3.1361202529507637e-07,9.012479119981944e-06,0.00010593678108654966,1.0593678108654965,0.011124012633262126,0.011124012633262126,0
1.809,0.01,0.0,0.010166736503613131,-0.0006843536631720984,-0.006444276134763719,0.010166427211882477,-0.0006932407138785104,-0.006548726962875846,3.0929173065394333e-07,8.887050706412008e-06,0.00010445082811212734,1.0445082811212734,0.011109211484323644,0.011109211484323644,0
1.81,0.01,0.0,0.010166052354752353,-0.0006839389020703164,-0.006409190573805855,0.0101657473250804,-0.0006927022385065033,-0.006512175972439933,3.0502967195318587e-07,8.763336436186917e-06,0.00010298539863407789,1.0298539863407787,0.011093784155277397,0.011093784155277397,0
1.811,0.01,0.0,0.010165368636053426,-0.000683493407509591,-0.006374205946264278,0.010165067810965687,-0.0006921347209703634,-0.006475746161281392,3.0082508773940364e-07,8.641313460772408e-06,0.00010154021501711415,1.0154021501711414,0.011077742202371788,0.011077742202371788,0
1.812,0.01,0.0,0.010164685378046188,-0.0006830175862353212,-0.006339323279103163,0.010164388700820108,-0.0006915385454608127,-0.006439438282377838,2.9667722607935876e-07,8.520959225491497e-06,0.00010011500327467438,1.0011500327467437,0.011061097047332602,0.011061097047332602,0
1.813,0.01,0.0,0.010164002610855241,-0.0006825118419551647,-0.0063045435744060905,0.010163710025510801,-0.0006909140934211104,-0.006403253067429043,2.9258534444027984e-07,8.402251465945742e-06,9.87094930229521e-05,0.987094930229521,0.01104385997843238,0.01104385997843238,0
1.814,0.01,0.0,0.010163320364203005,-0.0006819765753446657,-0.006269867809692455,0.010163031815493408,-0.000690261743549145,-0.006367191227127955,2.8854870959618695e-07,8.285168204479228e-06,9.732341743550008e-05,0.9732341743550008,0.011026042151542015,0.011026042151542015,0
1.815,0.01,0.0,0.010162638667412733,-0.0006814121840531392,-0.006235296938231146,0.010162354100815224,-0.0006895818717998157,-0.006331253451429454,2.845665975081957e-07,8.169687746676486e-06,9.595651319830797e-05,0.9595651319830797,0.011007654591195681,0.011007654591195681,0
1.816,0.01,0.0,0.010161957549411536,-0.0006808190627098078,-0.006200831889351474,0.010161676911118323,-0.0006888748513877105,-0.006295440409816922,2.8063829321349487e-07,8.055788677902693e-06,9.460852046544801e-05,0.9460852046544801,0.010988708191644214,0.010988708191644214,0
1.817,0.01,0.0,0.01016127703873341,-0.0006801976029301852,-0.006166473568751364,0.010161000275642682,-0.0006881410527900705,-0.006259752751566637,2.7676309072820204e-07,7.943449859885293e-06,9.327918281527327e-05,0.9327918281527326,0.010969213717909376,0.010969213717909376,0
1.818,0.01,0.0,0.010160597163522236,-0.0006795481933227026,-0.006132222858802835,0.010160324223229291,-0.000687380843750032,-0.006224191106009925,2.7294029294501476e-07,7.832650427329444e-06,9.19682472070903e-05,0.9196824720709029,0.010949181806841679,0.010949181806841679,0
1.819,0.01,0.0,0.010159917951534791,-0.0006788712194955701,-0.0060980806188547475,0.010159648782323269,-0.0006865945892801399,-0.0061887560827930815,2.691692115221883e-07,7.72336978456978e-06,9.067546393833406e-05,0.9067546393833406,0.010928622968163104,0.010928622968163104,0
1.82,0.01,0.0,0.010159239430143735,-0.000678167064063871,-0.00606404768553287,0.01015897398097696,-0.0006857826516661346,-0.006153448272135153,2.6544916677598285e-07,7.6155876022636e-06,8.940058660228227e-05,0.8940058660228226,0.010907547585517818,0.010907547585517818,0
1.821,0.01,0.0,0.010158561626340611,-0.0006774361066568819,-0.006030124873037242,0.010158299846853024,-0.0006849453904710046,-0.006118268245083532,2.617794875869883e-07,7.509283814122647e-06,8.81433720462902e-05,0.881433720462902,0.010885965917522,0.010885965917522,0
1.822,0.01,0.0,0.010157884566738818,-0.0006766787239256154,-0.005996312973436845,0.010157626407227522,-0.0006840831625392937,-0.006083216553767336,2.581595112960411e-07,7.404438613678281e-06,8.690358033049041e-05,0.869035803304904,0.010863888098802121,0.010863888098802121,0
1.823,0.01,0.0,0.010157208277576595,-0.0006758952895505788,-0.005962612756961614,0.010156953688992986,-0.0006831963220016629,-0.006048293731648607,2.545885836088141e-07,7.301032451084168e-06,8.568097468699288e-05,0.8568097468699287,0.010841324141034114,0.010841324141034114,0
1.824,0.01,0.0,0.01015653278471998,-0.000675086174249745,-0.005929024972291784,0.01015628171866149,-0.0006822852202796992,-0.006013500293771348,2.5106605848999874e-07,7.199046029954205e-06,8.447532147956398e-05,0.8447532147956397,0.010818283933981654,0.010818283933981654,0
1.825,0.01,0.0,0.010155858113665771,-0.0006742517457867316,-0.005895550346844589,0.010155610522367698,-0.00068135020609097,-0.005978836737008395,2.475912980730993e-07,7.098460304238389e-06,8.32863901638059e-05,0.832863901638059,0.010794777246535325,0.010794777246535325,0
1.826,0.01,0.0,0.010155184289544478,-0.0006733923689791807,-0.005862189587058306,0.01015494012587192,-0.0006803916254543115,-0.005944303540306096,2.4416367255808424e-07,6.999256475130784e-06,8.211395324778971e-05,0.8211395324778971,0.010770813727737583,0.010770813727737583,0
1.827,0.01,0.0,0.010154511337123258,-0.0006725084057073384,-0.00582894337867369,0.010154270554563145,-0.0006794098216953547,-0.005909901164926868,2.4078256011250687e-07,6.901415988016298e-06,8.095778625317757e-05,0.8095778625317757,0.010746402907809482,0.010746402907809482,0
1.828,0.01,0.0,0.010153839280808857,-0.0006716002149228269,-0.005795812387012787,0.01015360183346207,-0.000678405135452279,-0.005875630054689618,2.3744734678650403e-07,6.804920529452155e-06,7.981766767683075e-05,0.7981766767683074,0.010721554199180083,0.010721554199180083,0
1.829,0.01,0.0,0.010153168144650528,-0.0006706681526576053,-0.005762797257255142,0.010152933987224113,-0.0006773779046817858,-0.005841490636207973,2.3415742641565152e-07,6.709752024180483e-06,7.869337895283126e-05,0.7869337895283126,0.010696276897509627,0.010696276897509627,0
1.83,0.01,0.0,0.010152497952342951,-0.0006697125720331156,-0.005729898614711403,0.010152267040142429,-0.0006763284646652916,-0.005807483319126385,2.3091220052208483e-07,6.615892632176037e-06,7.758470441498154e-05,0.7758470441498153,0.010670580182694955,0.010670580182694955,0
1.831,0.01,0.0,0.010151828727229133,-0.0006687338232696069,-0.005697117065094376,0.0101516010161509,-0.0006752571480153382,-0.005773608496354152,2.277110782329672e-07,6.523324745731315e-06,7.649143125977587e-05,0.7649143125977587,0.010644473119900688,0.010644473119900688,0
1.832,0.01,0.0,0.010151160492303307,-0.0006677322536956378,-0.005664453194787471,0.010150935938827125,-0.000674164284682207,-0.005739866544297252,2.2455347618161037e-07,6.432030986569222e-06,7.541334950978123e-05,0.7541334950978122,0.010617964660554868,0.010617964660554868,0
1.833,0.01,0.0,0.010150493270213822,-0.0006667082077577479,-0.005631907571110627,0.010150271831395401,-0.0006730502019607415,-0.005706257823088116,2.2143881842073831e-07,6.34199420299368e-06,7.435025197748916e-05,0.7435025197748916,0.010591063643364151,0.010591063643364151,0
1.834,0.01,0.0,0.010149827083266012,-0.000665662027030297,-0.005599480742583677,0.01014960871672968,-0.0006719152244973683,-0.005672782676813273,2.1836653633228176e-07,6.25319746707135e-06,7.330193422959604e-05,0.7330193422959603,0.01056377879531567,0.01056377879531567,0
1.835,0.01,0.0,0.010149161953425077,-0.000664594050225468,-0.005567173239187183,0.010148946617356533,-0.0006707596742973138,-0.0056394414337389,2.1533606854411136e-07,6.165624071845775e-06,7.226819455171708e-05,0.7226819455171708,0.010536118732667354,0.010536118732667354,0
1.836,0.01,0.0,0.010148497902318926,-0.0006635046132034278,-0.00553498557262077,0.010148285555458087,-0.0006695838707320104,-0.005606234406534283,2.123468608380974e-07,6.0792575285826406e-06,7.124883391351235e-05,0.7124883391351234,0.010508091961957788,0.010508091961957788,0
1.837,0.01,0.0,0.01014783495124103,-0.0006623940489826423,-0.00550291823655893,0.010147625552874963,-0.0006683881305466914,-0.005573161892493188,2.0939836606684303e-07,5.9940815640490775e-06,7.024365593425765e-05,0.7024365593425764,0.010479706880980544,0.010479706880980544,0
1.838,0.01,0.0,0.010147173121153258,-0.0006612626877503438,-0.005470971706904364,0.010146966631109193,-0.0006671727678681661,-0.005540224173753179,2.0649004406521343e-07,5.9100801178223455e-06,6.925246684881536e-05,0.6925246684881536,0.010450971779785156,0.010450971779785156,0
1.839,0.01,0.0,0.010146512432688706,-0.0006601108568731432,-0.00543914644203882,0.01014630881132713,-0.000665938094212775,-0.005507421517512861,2.0362136157574262e-07,5.827237339631804e-06,6.827507547404067e-05,0.6827507547404066,0.010421894841651458,0.010421894841651458,0
1.84,0.01,0.0,0.010145852906154502,-0.0006589388809077865,-0.0054074428830714815,0.010145652114362351,-0.0006646844184945142,-0.005474754176247037,2.00791792151489e-07,5.745537586727772e-06,6.731129317555547e-05,0.6731129317555546,0.010392484144066572,0.010392484144066572,0
1.841,0.01,0.0,0.010145194561534628,-0.0006577470816120491,-0.0053758614540849094,0.010144996560718544,-0.0006634120470333359,-0.005442222387919888,1.98000816083177e-07,5.66496542128681e-06,6.636093383497865e-05,0.6636093383497864,0.010362747659699245,0.010362747659699245,0
1.842,0.01,0.0,0.010144537418492694,-0.0006565357779557661,-0.005344402562378544,0.010144342170572375,-0.0006621212835636093,-0.0054098263761960695,1.9524792031939964e-07,5.585505607843253e-06,6.542381381752574e-05,0.6542381381752573,0.010332693257375958,0.010332693257375958,0
1.843,0.01,0.0,0.010143881496374733,-0.0006553052861319928,-0.005313066598709767,0.010143688963776357,-0.0006608124292427422,-0.0053775663506497595,1.9253259837641312e-07,5.507143110749461e-06,6.449975193999289e-05,0.6449975193999289,0.010302328703035712,0.010302328703035712,0
1.844,0.01,0.0,0.01014322681421197,-0.0006540559195682938,-0.005281853937532582,0.010143036959861703,-0.0006594857826599653,-0.0053454425069717525,1.8985435026701303e-07,5.429863091671529e-06,6.358856943917014e-05,0.6358856943917013,0.01027166166069371,0.01027166166069371,0
1.845,0.01,0.0,0.01014257339072358,-0.0006527879889381561,-0.005250764937233887,0.010142386178041161,-0.0006581416398452644,-0.005313455027174499,1.8721268241900235e-07,5.353650907108311e-06,6.269008994061204e-05,0.6269008994061204,0.01024069969339525,0.01024069969339525,0
1.846,0.01,0.0,0.010141921244319434,-0.0006515018021725216,-0.0052197999403673645,0.010141736637211834,-0.0006567802942784645,-0.005281604079795161,1.846071076005984e-07,5.278492105942854e-06,6.180413942779607e-05,0.6180413942779607,0.010209450264173192,0.010209450264173192,0
1.847,0.01,0.0,0.010141270393102843,-0.0006501976644714375,-0.005188959273885002,0.010141088355958004,-0.0006554020368984571,-0.005249889820096652,1.8203714483890077e-07,5.204372427019535e-06,6.093054621164953e-05,0.6093054621164953,0.01017792073698498,0.01017792073698498,0
1.848,0.01,0.0,0.010140620854873272,-0.0006488758783158189,-0.00515824324936627,0.01014044135255393,-0.0006540071561125716,-0.0052183123902667375,1.795023193418288e-07,5.131277796752739e-06,6.006914090046778e-05,0.6006914090046778,0.010146118377657665,0.010146118377657665,0
1.849,0.01,0.0,0.010139972647129066,-0.000647536743479322,-0.005127652163244951,0.010139795644966637,-0.0006525959378060861,-0.005186871919615161,1.7700216242873268e-07,5.059194326764065e-06,5.921975637020963e-05,0.5921975637020963,0.010114050354820492,0.010114050354820492,0
1.85,0.01,0.0,0.010139325787070145,-0.0006461805570403242,-0.005097186297033662,0.010139151250858689,-0.0006511686653518689,-0.0051555685247687945,1.7453621145580023e-07,4.98810831154467e-06,5.838222773513289e-05,0.5838222773513289,0.010081723740845483,0.010081723740845483,0
1.851,0.01,0.0,0.010138680291600687,-0.0006448076133940052,-0.005066845917546037,0.010138508187590947,-0.0006497256196201508,-0.005124402309864832,1.7210400973972917e-07,4.918006226145599e-06,5.755639231879491e-05,0.5755639231879491,0.010049145512763147,0.010049145512763147,0
1.852,0.01,0.0,0.010138036177331815,-0.0006434182042645304,-0.005036631277116648,0.010137866472225332,-0.000648267078988426,-0.005093373366742065,1.6970510648313397e-07,4.8488747238956435e-06,5.6742089625416714e-05,0.5674208962541671,0.010016322553190626,0.010016322553190626,0
1.853,0.01,0.0,0.010137393460584261,-0.0006420126187173282,-0.00500654261381862,0.010137226121527556,-0.0006467933193514776,-0.005062481775130228,1.6733905670515692e-07,4.780700634149349e-06,5.593916131160781e-05,0.5593916131160781,0.009983261651239417,0.009983261651239417,0
1.854,0.01,0.0,0.01013675215739101,-0.0006405911431714635,-0.004976580151679004,0.010136587151969844,-0.0006453046141315202,-0.005031727602837443,1.65005421166875e-07,4.7134709600567e-06,5.5147451158438915e-05,0.5514745115843891,0.009949969503438183,0.009949969503438183,0
1.855,0.01,0.0,0.010136112283499952,-0.0006391540614120983,-0.004946744100891876,0.010135949579733638,-0.000643801234288463,-0.005001110905935736,1.6270376631405403e-07,4.647172876364684e-06,5.4366805043859837e-05,0.5436680504385983,0.009916452714632484,0.009916452714632484,0
1.856,0.01,0.0,0.010135473854376499,-0.000637701654603041,-0.004917034658029209,0.010135313420712312,-0.0006422834483302775,-0.0049706317289446205,1.6043366418694305e-07,4.581793727236527e-06,5.359707091541141e-05,0.535970709154114,0.009882717798885388,0.009882717798885388,0
1.857,0.01,0.0,0.010134836885206206,-0.0006362342012993791,-0.004887452006249528,0.01013467869051384,-0.0006407515223234865,-0.004940290105012889,1.5819469236649786e-07,4.51732102410736e-06,5.28380987633607e-05,0.528380987633607,0.009848771180370974,0.009848771180370974,0
1.858,0.01,0.0,0.010134201390897374,-0.0006347519774601929,-0.0048579963155043595,0.010134045404463473,-0.0006392057199037509,-0.004910086056098466,1.5598643390152267e-07,4.453742443557987e-06,5.208974059410683e-05,0.5208974059410683,0.009814619194271401,0.009814619194271401,0
1.859,0.01,0.0,0.010133567386083635,-0.0006332552564613464,-0.004828667742742475,0.010133413577606394,-0.0006376463022865626,-0.0048800195931464055,1.5380847724101587e-07,4.3910458252162e-06,5.135185040393026e-05,0.5135185040393025,0.009780268087658861,0.009780268087658861,0
1.86,0.01,0.0,0.010132934885126534,-0.0006317443091083538,-0.004799466432111967,0.010132783224710364,-0.0006360735282780381,-0.004850090716265047,1.5166041616998527e-07,4.329219169684319e-06,5.062428415307952e-05,0.5062428415307951,0.009745724020370439,0.009745724020370439,0
1.861,0.01,0.0,0.010132303902118086,-0.0006302194036493178,-0.004770392515160174,0.010132154360268344,-0.0006344876542858064,-0.004820299414900337,1.4954184974179385e-07,4.268250636488649e-06,4.9906899740163185e-05,0.49906899740163185,0.009710993065895401,0.009710993065895401,0
1.862,0.01,0.0,0.010131674450883334,-0.0006286808057879364,-0.004741446111031426,0.010131526998501127,-0.0006328889343299926,-0.004790645668008298,1.4745238220703616e-07,4.208128542056134e-06,4.919955697687151e-05,0.4919955697687151,0.009676081212226961,0.009676081212226961,0
1.863,0.01,0.0,0.010131046544982885,-0.0006271287786965774,-0.0047126273266627034,0.010130901153359918,-0.0006312776200542942,-0.004761129444225737,1.4539162296670072e-07,4.148841357716829e-06,4.850211756303371e-05,0.48502117563033703,0.009640994362745126,0.009640994362745126,0
1.864,0.01,0.0,0.010130420197715432,-0.0006255635830294142,-0.004683936256977131,0.010130276838528943,-0.0006296539607371372,-0.00473175070203905,1.4335918648890333e-07,4.090377707722951e-06,4.781444506191893e-05,0.4781444506191893,0.009605738337058689,0.009605738337058689,0
1.865,0.01,0.0,0.010129795422120266,-0.000623985476935625,-0.004655372985075408,0.010129654067428013,-0.0006280182033029253,-0.004702509389951336,1.4135469225337594e-07,4.032726367300351e-06,4.713640487592763e-05,0.4713640487592763,0.009570318871867656,0.009570318871867656,0
1.866,0.01,0.0,0.010129172230979783,-0.0006223947160726476,-0.004626937582425132,0.010129032853215083,-0.0006263705923333686,-0.0046734054466476774,1.3937776469942487e-07,3.975876260720913e-06,4.6467864222545646e-05,0.46467864222545646,0.009534741621808784,0.009534741621808784,0
1.867,0.01,0.0,0.010128550636821953,-0.0006207915536194921,-0.004598630109048053,0.010128413208788803,-0.0006247113700788843,-0.004644438801158624,1.3742803314960306e-07,3.919816459392188e-06,4.5808692110570724e-05,0.4580869211057072,0.009499012160297582,0.009499012160297582,0
1.868,0.01,0.0,0.010127930651922804,-0.0006191762402901041,-0.00457045061370527,0.010127795146791048,-0.0006230407764700824,-0.004615609373021961,1.355051317559336e-07,3.864536179978254e-06,4.5158759316691124e-05,0.4515875931669112,0.009463135980366744,0.009463135980366744,0
1.869,0.01,0.0,0.010127312288308878,-0.0006175490243467798,-0.004542399134080389,0.01012717867960944,-0.0006213590491293188,-0.004586917072442717,1.3360869943745968e-07,3.8100247825390097e-06,4.451793836232794e-05,0.44517938362327936,0.009427118495494824,0.009427118495494824,0
1.87,0.01,0.0,0.010126695557759673,-0.000615910151613628,-0.0045144756969606485,0.010126563819379845,-0.0006196664233823221,-0.004558361800451431,1.317383798282029e-07,3.756271768694079e-06,4.388610349078271e-05,0.4388610349078271,0.009390965040430466,0.009390965040430466,0
1.871,0.01,0.0,0.01012608047181008,-0.0006142598654900784,-0.004486680318416045,0.010125950577988872,-0.0006179631322698831,-0.004529943449060679,1.2989382120777437e-07,3.7032667798047106e-06,4.326313064463398e-05,0.4326313064463398,0.009354680872018406,0.009354680872018406,0
1.872,0.01,0.0,0.010125467041752793,-0.0006125984069644311,-0.004459013003976445,0.010125338967076342,-0.0006162494065596142,-0.004501661901419913,1.2807467645106763e-07,3.6509995951831097e-06,4.2648897443467795e-05,0.4264889744346779,0.009318271170008607,0.009318271170008607,0
1.873,0.01,0.0,0.010124855278640724,-0.0006109260146274481,-0.00443147374880673,0.010124728998037756,-0.0006145254747577681,-0.0044735170319685855,1.262806029675434e-07,3.5994601303199853e-06,4.204328316185536e-05,0.4204328316185536,0.009281741037867164,0.009281741037867164,0
1.874,0.01,0.0,0.010124245193289376,-0.0006092429246859819,-0.004404062537879962,0.010124120682026732,-0.0006127915631211172,-0.004445508706587585,1.245112626439837e-07,3.5486384351352982e-06,4.144616870762306e-05,0.4144616870762306,0.009245095503584544,0.009245095503584544,0
1.875,0.01,0.0,0.010123636796279242,-0.0006075493709766401,-0.004376779346148604,0.01012351402995745,-0.0006110478956688898,-0.004417636782748997,1.2276632179245017e-07,3.498524692249717e-06,4.085743660039304e-05,0.4085743660039304,0.00920833952046518,0.00920833952046518,0
1.8760000000000001,0.01,0.0,0.010123030097958154,-0.0006058455849794836,-0.004349624138713804,0.010122909052507062,-0.0006092946941947603,-0.0043899011096641865,1.2104545109130338e-07,3.4491092152766746e-06,4.0276970950382275e-05,0.40276970950382274,0.009171477967924169,0.009171477967924169,0
1.877,0.01,0.0,0.010122425108443635,-0.000604131795831756,-0.00432259687099276,0.0101223057601181,-0.0006075321782788917,-0.0043623015284302465,1.1934832553489594e-07,3.4003824471356752e-06,3.9704657437486177e-05,0.39704657437486174,0.009134515652280406,0.009134515652280406,0
1.8780000000000001,0.01,0.0,0.01012182183762524,-0.0006024082303416412,-0.00429569748888416,0.010121704163000865,-0.0006057605653000262,-0.00433483787217476,1.1767462437459186e-07,3.352334958385008e-06,3.914038329059979e-05,0.39140383290599784,0.009097457307523094,0.009097457307523094,0
1.879,0.01,0.0,0.01012122029516687,-0.000600675113002049,-0.00426892592893176,0.010121104271135807,-0.0006039800704476255,-0.004307509966198992,1.1602403106325543e-07,3.304957445576578e-06,3.858403726723133e-05,0.38584037267231325,0.009060307596102213,0.009060307596102213,0
1.8800000000000001,0.01,0.0,0.01012062049050909,-0.0005989326660044245,-0.00424228211848606,0.010120506094275873,-0.0006021909067340567,-0.004280317628119429,1.1439623321708725e-07,3.258240729632207e-06,3.803550963336899e-05,0.3803550963336899,0.009023071109694136,0.009023071109694136,0
1.881,0.01,0.0,0.010120022432871417,-0.0005971811092525806,-0.004215765975864121,0.010119909641948872,-0.0006003932850068132,-0.00425326066800768,1.1279092254450063e-07,3.212175754232615e-06,3.749469214355851e-05,0.37494692143558506,0.008985752369958355,0.008985752369958355,0
1.8820000000000001,0.01,0.0,0.010119426131254597,-0.0005954206603765499,-0.004189377410507553,0.010119314923459796,-0.0005985874139607857,-0.004226338888528847,1.1120779480101872e-07,3.166753584235788e-06,3.696147802129471e-05,0.3696147802129471,0.00894835582930753,0.00894835582930753,0
1.883,0.01,0.0,0.010118831594442886,-0.0005936515347464567,-0.00416311632313865,0.010118721947893138,-0.0005967735001505665,-0.004199552085078294,1.0964654974764121e-07,3.121965404109762e-06,3.6435761939643783e-05,0.3643576193964378,0.008910885871652674,0.008910885871652674,0
1.8840000000000001,0.01,0.0,0.010118238831006285,-0.0005918739454864037,-0.004136982605914724,0.010118130724115196,-0.0005949517480027871,-0.004172900045916798,1.0810689108839422e-07,3.0778025163834093e-06,3.59174400020746e-05,0.35917440002074597,0.008873346813161653,0.008873346813161653,0
1.885,0.01,0.0,0.010117647849302797,-0.0005900881034883747,-0.0041109761425806085,0.010117541260776368,-0.0005931223598284937,-0.004146382552304182,1.0658852642869698e-07,3.034256340119011e-06,3.5406409723573624e-05,0.35406409723573623,0.00883574290298661,0.00883574290298661,0
1.8860000000000001,0.01,0.0,0.010117058657480636,-0.0005882942174261488,-0.004085096808619416,0.010116953566313418,-0.0005912855358355501,-0.004119999378631391,1.0509116721811596e-07,2.9913184094013156e-06,3.490257001197497e-05,0.3490257001197497,0.008798078324011804,0.008798078324011804,0
1.887,0.01,0.0,0.01011647126348045,-0.0005864924937692256,-0.004059344471401485,0.010116367648951739,-0.0005894414741410739,-0.004093750292551044,1.0361452871046617e-07,2.9489803718482773e-06,3.440582114955931e-05,0.3440582114955931,0.008760357193582813,0.008760357193582813,0
1.8880000000000001,0.01,0.0,0.010115885675037508,-0.0005846831367967595,-0.004033718990331585,0.010115783516707597,-0.0005875903707838968,-0.004067635055106433,1.0215832991176954e-07,2.907233987137301e-06,3.3916064774847966e-05,0.33916064774847965,0.008722583564228614,0.008722583564228614,0
1.889,0.01,0.0,0.010115301899683899,-0.0005828663486115003,-0.004008220216994376,0.010115201177390369,-0.0005857324197370501,-0.004041653420859022,1.0072229352994788e-07,2.866071125549809e-06,3.34332038646459e-05,0.33433203864645894,0.008684761424381016,0.008684761424381016,0
1.8900000000000001,0.01,0.0,0.010114719944750682,-0.0005810423291537395,-0.0039828479952981445,0.010114620638604747,-0.0005838678129202761,-0.004015805138014472,9.930614593492426e-08,2.8254837665366234e-06,3.2957142716327596e-05,0.3295714271632759,0.00864689469909763,0.00864689469909763,0
1.891,0.01,0.0,0.010114139817370056,-0.0005792112762152593,-0.003957602161616803,0.01011404190775295,-0.0005819967402125562,-0.0039900899485471215,9.79096171065813e-08,2.785463997296905e-06,3.2487786930318965e-05,0.3248778693031896,0.008608987250760869,0.008608987250760869,0
1.8920000000000001,0.01,0.0,0.010113561524477498,-0.0005773733854532846,-0.003932482544930214,0.01011346499203691,-0.0005801193894646625,-0.003964507588323038,9.653244058792365e-08,2.7460040113779036e-06,3.202504339282382e-05,0.32025043392823815,0.008571042879782276,0.008571042879782276,0
1.893,0.01,0.0,0.010112985072813887,-0.0005755288504044335,-0.003907488966962825,0.010112889898460436,-0.0005782359465117253,-0.003939057787221603,9.51743534503835e-08,2.707096107291843e-06,3.156882025877848e-05,0.3156882025877848,0.008533065325309508,0.008533065325309508,0
1.8940000000000001,0.01,0.0,0.010112410468927616,-0.0005736778624986665,-0.0038826212423206078,0.010112316633831383,-0.0005763465951858129,-0.0039137402692555855,9.383509623310526e-08,2.6687326871463555e-06,3.111902693497771e-05,0.3111902693497771,0.008495058265906685,0.008495058265906685,0
1.895,0.01,0.0,0.010111837719176703,-0.0005718206110732338,-0.003857879178626374,0.010111745204763795,-0.0005744515173285308,-0.003888554752689861,9.251441290825113e-08,2.6309062552970367e-06,3.067557406348726e-05,0.30675574063487254,0.008457025320248057,0.008457025320248057,0
1.8960000000000001,0.01,0.0,0.010111266829730865,-0.0005699572833866145,-0.003833262576653426,0.010111175617680023,-0.0005725508928036301,-0.003863500950158648,9.12120508411024e-08,2.5936094170156106e-06,3.0238373505222117e-05,0.30238373505222116,0.00841897004779657,0.00841897004779657,0
1.897,0.01,0.0,0.010110697806573593,-0.0005680880646324525,-0.0038087712304575886,0.010110607878812855,-0.0005706448995096222,-0.0038385785687813146,8.992776073801778e-08,2.556834877169697e-06,2.980733832372599e-05,0.2980733832372599,0.008380895949484213,0.008380895949484213,0
1.8980000000000001,0.01,0.0,0.010110130655504214,-0.0005662131379534829,-0.003784404927507618,0.010110041994207605,-0.0005687337133924083,-0.0038137873102768102,8.866129660826949e-08,2.520575438925347e-06,2.9382382769192316e-05,0.29382382769192317,0.008342806468372821,0.008342806468372821,0
1.899,0.01,0.0,0.010109565382139932,-0.000564332684455448,-0.0037601634488140254,0.01010947796972421,-0.0005668175084579107,-0.0037891268710766985,8.741241572240988e-08,2.4848240024626968e-06,2.8963422262673084e-05,0.28963422262673083,0.00830470499032998,0.00830470499032998,0
1.9000000000000001,0.01,0.0,0.010109001991917855,-0.000562446883221004,-0.003736046569056299,0.010108915811039286,-0.0005648964567847117,-0.0037645969424367856,8.618087856890333e-08,2.4495735637076674e-06,2.85503733804867e-05,0.285503733804867,0.008266594844678288,0.008266594844678288,0
1.901,0.01,0.0,0.010108440490097017,-0.0005605559113236138,-0.0037120540567085673,0.010108355523648199,-0.000562970728536694,-0.003740197210547404,8.49664488176971e-08,2.414817213080146e-06,2.814315383883664e-05,0.2814315383883664,0.008228479304857927,0.008228479304857927,0
1.9020000000000001,0.01,0.0,0.010107880881760376,-0.0005586599438414263,-0.0036881856741636933,0.010107797112867105,-0.0005610404919756824,-0.0037159273566422972,8.376889327164905e-08,2.3805481342560435e-06,2.7741682478603976e-05,0.27741682478603974,0.00819036158906794,0.00819036158906794,0
1.903,0.01,0.0,0.010107323171816805,-0.0005567591538711401,-0.0036644411778558343,0.010107240583834975,-0.0005591059134740882,-0.0036917870571062067,8.258798183009841e-08,2.3467596029481085e-06,2.7345879250372396e-05,0.27345879250372396,0.008152244860914593,0.008152244860914593,0
1.9040000000000001,0.01,0.0,0.010106767365003063,-0.0005548537125418508,-0.0036408203183814635,0.010106685941515613,-0.0005571671575275516,-0.0036677759835810927,8.142348745070194e-08,2.313444985700729e-06,2.6955665199629268e-05,0.2695566519962927,0.008114132230041982,0.008114132230041982,0
1.905,0.01,0.0,0.01010621346588576,-0.0005529437890288799,-0.0036173228406188914,0.010106133190699647,-0.0005552243867675784,-0.0036438938030710394,8.027518611300466e-08,2.280597738698502e-06,2.6570962452147993e-05,0.2657096245214799,0.008076026752777743,0.008076026752777743,0
1.9060000000000001,0.01,0.0,0.0101056614788633,-0.0005510295505675841,-0.0035939484838462543,0.010105582336006528,-0.0005532777619741735,-0.0036201401780458086,7.914285677160238e-08,2.2482114065893333e-06,2.619169419955424e-05,0.2619169419955424,0.00803793143274234,0.00803793143274234,0
1.907,0.01,0.0,0.010105111408167814,-0.0005491111624671446,-0.0035706969818580505,0.010105033381886489,-0.0005513274420884698,-0.003596514766543158,7.802628132491662e-08,2.2162796213252064e-06,2.5817784685107283e-05,0.2581778468510728,0.007999849221486777,0.007999849221486777,0
1.9080000000000001,0.01,0.0,0.010104563257867087,-0.0005471887881243331,-0.003547568063080171,0.010104486332622516,-0.0005493735842253486,-0.0035730172222698075,7.692524457182659e-08,2.1847961010154236e-06,2.5449159189636604e-05,0.25449159189636605,0.007961783019096558,0.007961783019096558,0
1.909,0.01,0.0,0.010104017031866456,-0.0005452625890372565,-0.0035245614506834925,0.01010394119233227,-0.0005474163436860517,-0.003549647194701175,7.583953418564826e-08,2.1537546487952405e-06,2.508574401768231e-05,0.2508574401768231,0.007923735674809862,0.007923735674809862,0
1.9100000000000001,0.01,0.0,0.0101034727339107,-0.0005433327248190749,-0.0035016768626960067,0.010103397964970038,-0.0005454558739707802,-0.0035264043291797784,7.476894066209272e-08,2.123149151705343e-06,2.4727466483771745e-05,0.24727466483771743,0.007885709987618839,0.007885709987618839,0
1.911,0.01,0.0,0.010102930367585925,-0.0005413993532116956,-0.003478914012113525,0.010102856654328632,-0.0005434923267912865,-0.0035032882670124593,7.37132572932453e-08,2.0929735795909487e-06,2.4374254898934175e-05,0.24374254898934175,0.00784770870687801,0.00784770870687801,0
1.9120000000000001,0.01,0.0,0.010102389936321423,-0.0005394626300994397,-0.003456272607008947,0.010102317264041297,-0.0005415258520834505,-0.0034802986455662907,7.267228012593219e-08,2.0632219840107735e-06,2.4026038557343858e-05,0.24026038557343857,0.007809734532884249,0.007809734532884249,0
1.913,0.01,0.0,0.010101851443391527,-0.000537522709522681,-0.0034337523506401493,0.010101779797583596,-0.0005395565980198436,-0.0034574350983633153,7.164580793049546e-08,2.033888497162588e-06,2.3682747723166066e-05,0.23682747723166064,0.007771790117484301,0.007771790117484301,0
1.9140000000000001,0.01,0.0,0.01010131489191744,-0.000535579743691455,-0.003411352941556448,0.010101244258275278,-0.0005375847110222746,-0.0034346972551739974,7.06336421608944e-08,2.0049673308196155e-06,2.334431361754926e-05,0.2334431361754926,0.007733878064645872,0.007733878064645872,0
1.915,0.01,0.0,0.010100780284869073,-0.0005336338829990391,-0.003389074073703704,0.010100710649282143,-0.0005356103357743221,-0.0034120847421095163,6.963558693041938e-08,1.9764527752830826e-06,2.3010668405812427e-05,0.23010668405812426,0.007696000931044722,0.007696000931044722,0
1.9160000000000001,0.01,0.0,0.010100247625066842,-0.0005316852760355001,-0.0033669154365280458,0.01010017897361788,-0.0005336336152338435,-0.0033895971817127957,6.865144896138486e-08,1.948339198343447e-06,2.2681745184749934e-05,0.22681745184749932,0.007658161226634874,0.007658161226634874,0
1.917,0.01,0.0,0.01009971691518347,-0.0005297340696012108,-0.0033448767150782463,0.010099649234145901,-0.0005316546906454725,-0.0033672341930484173,6.768103756951693e-08,1.9206210442616802e-06,2.2357477970171014e-05,0.22357477970171014,0.007620361415222376,0.007620361415222376,0
1.9180000000000001,0.01,0.0,0.010099188157745768,-0.0005277804087203327,-0.003322957590106749,0.010099121433581154,-0.000529673701553088,-0.0033449953917912734,6.672416461364628e-08,1.8932928327553217e-06,2.2037801684524246e-05,0.22037801684524244,0.007582603915025743,0.007582603915025743,0
1.919,0.01,0.0,0.010098661355136405,-0.0005258244366542637,-0.003301157738169371,0.01009859557449193,-0.0005276907858122689,-0.003322880390314125,6.578064447489151e-08,1.8663491580052415e-06,2.1722652144754058e-05,0.21722652144754057,0.007544891099235507,0.007544891099235507,0
1.92,0.01,0.0,0.010098136509595663,-0.0005238662949150518,-0.0032794768317236877,0.010098071659301648,-0.0005257060796027208,-0.0033008887977739516,6.485029401502584e-08,1.839784687669016e-06,2.1411966050263916e-05,0.21411966050263914,0.007507225296565778,0.007507225296565778,0
1.921,0.01,0.0,0.010097613623223187,-0.0005219061232787719,-0.003257914539226121,0.010097549690290634,-0.000523719717440684,-0.003279020220197196,6.39329325521909e-08,1.8135941619120853e-06,2.1105680971075097e-05,0.21105680971075097,0.007469608791809357,0.007469608791809357,0
1.922,0.01,0.0,0.0100970926979797,-0.0005199440597988655,-0.0032364705252277233,0.010097029669597872,-0.0005217318321913111,-0.0032572742605638267,6.302838182793702e-08,1.7877723924456315e-06,2.0803735336103434e-05,0.20803735336103432,0.007432043826380408,0.007432043826380408,0
1.923,0.01,0.0,0.010096573735688735,-0.0005179802408194422,-0.0032151444504686837,0.010096511599222764,-0.0005197425550810218,-0.003235650518890283,6.213646597079403e-08,1.7623142615796374e-06,2.0506068421599112e-05,0.2050606842159911,0.007394532598846482,0.007394532598846482,0
1.924,0.01,0.0,0.010096056738038326,-0.0005160148009885429,-0.003193935971971586,0.010095995481026859,-0.0005177520157098315,-0.0032141485923113384,6.125701146678098e-08,1.7372147212885202e-06,2.0212620339752577e-05,0.20212620339752577,0.007357077265465861,0.007357077265465861,0
1.925,0.01,0.0,0.0100955417065827,-0.0005140478732713625,-0.0031728447431334027,0.010095481316735566,-0.0005157603420636511,-0.0031927680751608484,6.038984713338524e-08,1.712468792288693e-06,1.9923332027445718e-05,0.19923332027445717,0.007319679940726687,0.007319679940726687,0
1.926,0.01,0.0,0.01009502864274396,-0.0005120795889634318,-0.0031518704138162284,0.010094969107939876,-0.000513767660526557,-0.003171508559051361,5.9534804083133386e-08,1.6880715631252324e-06,1.963814523513272e-05,0.1963814523513272,0.007282342697848776,0.007282342697848776,0
1.927,0.01,0.0,0.010094517547813738,-0.000510110077703759,-0.003131012630436833,0.010094458856098039,-0.0005117740958930331,-0.003150369632952719,5.869171569930498e-08,1.664018189274051e-06,1.9357002515886165e-05,0.19357002515886165,0.007245067569326302,0.007245067569326302,0
1.928,0.01,0.0,0.010094008422954851,-0.0005081394674879283,-0.0031102710360549437,0.01009395056253725,-0.0005097797713801804,-0.0031293508832695113,5.786041760123817e-08,1.6403038922520926e-06,1.907984721456757e-05,0.1907984721456757,0.007207856547428726,0.007207856547428726,0
1.929,0.01,0.0,0.010093501269202939,-0.000506167884681154,-0.0030896452704603596,0.010093444228455319,-0.0005077848086398959,-0.0031084518939175207,5.704074762004352e-08,1.6169239587418387e-06,1.8806623457161015e-05,0.18806623457161015,0.007170711584709721,0.007170711584709721,0
1.93,0.01,0.0,0.010092996087468085,-0.000504195454031294,-0.003069134970258865,0.010092939854922314,-0.000505789327771018,-0.0030876722463990896,5.623254577084846e-08,1.593873739723947e-06,1.853727614022473e-05,0.1853727614022473,0.007133634594523208,0.007133634594523208,0
1.931,0.01,0.0,0.010092492878536426,-0.0005022222986818158,-0.0030487397689569467,0.010092437442882213,-0.0005037934473314373,-0.003067011519877422,5.5435654212898644e-08,1.5711486496214908e-06,1.8271750920475366e-05,0.18271750920475366,0.007096627451505633,0.007096627451505633,0
1.932,0.01,0.0,0.010091991643071754,-0.000500248540184718,-0.0030284592970453755,0.01009193699315452,-0.0005017972843501783,-0.003046469291249935,5.464991723394541e-08,1.548744165460244e-06,1.8009994204559645e-05,0.18009994204559643,0.00705969199208667,0.00705969199208667,0
1.933,0.01,0.0,0.010091492381617098,-0.0004982742985134071,-0.0030082931820816007,0.010091438506435875,-0.0004998009543394402,-0.0030260451352205064,5.387518122249024e-08,1.5266558260330866e-06,1.7751953138905787e-05,0.17751953138905785,0.00702283001497328,0.00702283001497328,0
1.934,0.01,0.0,0.010090995094596298,-0.0004962996920755254,-0.0029882410487710115,0.010090941983301672,-0.0004978045713066021,-0.0030057386243707213,5.3111294626151384e-08,1.504879231076662e-06,1.749757559970982e-05,0.1749757559970982,0.0069860432816302165,0.0069860432816302165,0
1.935,0.01,0.0,0.010090499782315566,-0.0004943248377257338,-0.0029683025190470774,0.01009044742420762,-0.0004958082477661975,-0.0029855493292301884,5.2358107946459675e-08,1.4834100404636456e-06,1.724681018311098e-05,0.17246810183110978,0.006949333516773848,0.006949333516773848,0
1.936,0.01,0.0,0.010090006444965029,-0.0004923498507784445,-0.00294847721215034,0.010089954829491335,-0.0004938120947518413,-0.0029654768183457474,5.161547369375574e-08,1.4622439733967497e-06,1.699960619540742e-05,0.16999606195407418,0.006912702408835791,0.006912702408835791,0
1.937,0.01,0.0,0.010089515082620262,-0.000490374845020507,-0.0029287647447063217,0.010089464199373894,-0.0004918162218281273,-0.002945520658349796,5.088324636810804e-08,1.4413768076202912e-06,1.6755913643474486e-05,0.16755913643474485,0.006876151610438086,0.006876151610438086,0
1.938,0.01,0.0,0.010089025695243817,-0.0004883999327238432,-0.0029091647308023285,0.01008897553396138,-0.0004898207371024826,-0.0029256804140276095,5.0161282436761434e-08,1.4208043786394578e-06,1.651568322528097e-05,0.1651568322528097,0.006839682738866593,0.006839682738866593,0
1.939,0.01,0.0,0.01008853828268672,-0.00048642522465803357,-0.002889676782063153,0.010088488833246423,-0.00048782574723698095,-0.002905955648383668,4.9449440297708036e-08,1.40052257894738e-06,1.6278866320515104e-05,0.16278866320515104,0.006803297376523965,0.006803297376523965,0
1.94,0.01,0.0,0.01008805284468998,-0.00048445083010285276,-0.0028703005077257205,0.010088004097109712,-0.0004858313574601206,-0.002886345922707096,4.874758026754411e-08,1.3805273572678163e-06,1.604541498137534e-05,0.1604541498137534,0.006766997071395053,0.006766997071395053,0
1.941,0.01,0.0,0.01008756938088606,-0.000482476856860754,-0.0028510355147126575,0.010087521325321513,-0.000483837671578555,-0.002866850796636092,4.805556454677562e-08,1.3608147178010362e-06,1.5815281923434437e-05,0.15815281923434435,0.006730783337492774,0.006730783337492774,0
1.942,0.01,0.0,0.010087087890800357,-0.0004805034112693021,-0.0028318814077048205,0.01008704051754316,-0.00048184479198878563,-0.002847469828221476,4.7373257197266816e-08,1.3413807194835267e-06,1.5588420516655325e-05,0.15588420516655324,0.0066946576553137405,0.0066946576553137405,0
1.943,0.01,0.0,0.010086608373852658,-0.0004785305982135545,-0.0028128377892127697,0.010086561673328534,-0.00047985281968881174,-0.002828202573989293,4.670052412315828e-08,1.3222214752572404e-06,1.5364784776523196e-05,0.15364784776523194,0.006658621472283244,0.006658621472283244,0
1.944,0.01,0.0,0.010086130829358586,-0.00047655852113838947,-0.0027939042596472115,0.010086084792125548,-0.0004778618542897341,-0.00280904858900248,4.603723303790719e-08,1.3033331513446437e-06,1.514432935526824e-05,0.15144329355268238,0.006622676203186018,0.006622676203186018,0
1.945,0.01,0.0,0.010085655256531031,-0.00047458728206078136,-0.0027750804173884373,0.010085609873277586,-0.00047587199402731944,-0.0027900074269216813,4.538325344520533e-08,1.2847119665380761e-06,1.4927009533244068e-05,0.14927009533244068,0.006586823230610328,0.006586823230610328,0
1.946,0.01,0.0,0.01008518165448158,-0.0004726169815820223,-0.0027563658588547375,0.010085136916024962,-0.0004738833357735182,-0.002771078640065133,4.473845661816245e-08,1.2663541914958868e-06,1.4712781210395477e-05,0.14712781210395476,0.006551063905379628,0.006551063905379628,0
1.947,0.01,0.0,0.010084710022221919,-0.0004706477188998899,-0.002737760178569818,0.010084665919506347,-0.00047189597504793606,-0.002752261779467651,4.4102715571550655e-08,1.2482561480461592e-06,1.4501600897832891e-05,0.1450160089783289,0.006515399546972667,0.006515399546972667,0
1.948,0.01,0.0,0.01008424035866523,-0.00046867959182076037,-0.0027192629692292364,0.01008419688276019,-0.0004699100060292623,-0.00273355639493877,4.347590504098775e-08,1.2304142085019297e-06,1.4293425709533455e-05,0.14293425709533455,0.0064798314439533655,0.0064798314439533655,0
1.949,0.01,0.0,0.010083772662627586,-0.00046671269677166677,-0.0027008738217658536,0.010083729804726129,-0.00046792552156665077,-0.002714962035119998,4.285790145691637e-08,1.2128247949839944e-06,1.4088213354144456e-05,0.14088213354144455,0.006444360854379383,0.006444360854379383,0
1.95,0.01,0.0,0.01008330693282931,-0.00046474712881230213,-0.0026825923254143328,0.010083264684246383,-0.0004659426131910561,-0.002696478247541242,4.224858292725675e-08,1.1954843787539624e-06,1.3885922126909058e-05,0.1388592212690906,0.006408989006226662,0.006408989006226662,0
1.951,0.01,0.0,0.010082843167896349,-0.00046278298164696637,-0.0026644180677746635,0.010082801520067136,-0.0004639613711265208,-0.002678104578676342,4.16478292131206e-08,1.1783894795544102e-06,1.3686510901678335e-05,0.13686510901678334,0.006373717097797105,0.006373717097797105,0
1.952,0.01,0.0,0.010082381366361618,-0.00046082034763645746,-0.002646350634874745,0.010082340310839908,-0.000461981884301415,-0.0026598405739977804,4.105552170972915e-08,1.1615366649575477e-06,1.3489939123035623e-05,0.1348993912303562,0.006338546298116476,0.006338546298116476,0
1.953,0.01,0.0,0.010081921526666334,-0.0004588593178099061,-0.002628389611232044,0.01008188105512292,-0.0004600042403596279,-0.0026416857780305635,4.0471543415188105e-08,1.1449225497217976e-06,1.3296166798519755e-05,0.13296166798519754,0.006303477747342079,0.006303477747342079,0
1.954,0.01,0.0,0.010081463647161353,-0.00045689998187655324,-0.0026105345799143213,0.010081423751382431,-0.00045802852567171435,-0.002623639734405306,3.989577892181406e-08,1.1285437951611159e-06,1.310515449098491e-05,0.1310515449098491,0.006268512557159767,0.006268512557159767,0
1.955,0.01,0.0,0.01008100772610847,-0.00045494242823747067,-0.0025927851225994412,0.01008096839799408,-0.00045605482534598693,-0.0026057019859104555,3.932811439011363e-08,1.1123971085162622e-06,1.2916863311014225e-05,0.12916863311014226,0.0062336518111765216,0.0062336518111765216,0
1.956,0.01,0.0,0.01008055376168173,-0.00045298674399722375,-0.002575140819634273,0.010080514993244206,-0.00045408322323956126,-0.0025878720745437255,3.8768437524497323e-08,1.09647924233751e-06,1.2731254909452688e-05,0.12731254909452688,0.006198896565305034,0.006198896565305034,0
1.957,0.01,0.0,0.010080101751968721,-0.0004510330149754764,-0.002557601250092711,0.010080063535331165,-0.00045211380196935255,-0.0025701495415627676,3.82166375559323e-08,1.0807869938761375e-06,1.254829147005667e-05,0.1254829147005667,0.006164247848156279,0.006164247848156279,0
1.958,0.01,0.0,0.010079651694971842,-0.00044908132571853823,-0.0025401659918327935,0.010079614022366618,-0.00045014664292302077,-0.002552533927535016,3.7672605224595146e-08,1.0653172044825334e-06,1.2367935702222409e-05,0.12367935702222409,0.006129706661416101,0.006129706661416101,0
1.959,0.01,0.0,0.010079203588609587,-0.0004471317595108526,-0.002522834621552952,0.010079166452376831,-0.00044818182626986413,-0.002535024772386759,3.713623275558575e-08,1.0500667590115117e-06,1.2190150833806847e-05,0.12190150833806847,0.00609527398021914,0.00609527398021914,0
1.96,0.01,0.0,0.01007875743071778,-0.0004451843983864263,-0.0025056067148474036,0.010078720823303942,-0.00044621943097166296,-0.00251762161545146,3.6607413838110614e-08,1.0350325852366798e-06,1.201490060405647e-05,0.1201490060405647,0.0060609507535271945,0.0060609507535271945,0
1.961,0.01,0.0,0.01007831321905084,-0.0004432393231401999,-0.002488481846260675,0.01007827713300723,-0.000444259534793473,-0.0025003239955173123,3.608604360987033e-08,1.020211653273101e-06,1.1842149256637187e-05,0.11842149256637187,0.006026737904496038,0.006026737904496038,0
1.962,0.01,0.0,0.010077870951283003,-0.0004412966133393591,-0.002471459589341285,0.010077835379264365,-0.00044230221431436535,-0.0024831314508740256,3.5572018637977654e-08,1.0056009750062452e-06,1.1671861532740538e-05,0.11671861532740538,0.005992636330840462,0.005992636330840462,0
1.963,0.01,0.0,0.010077430625009548,-0.0004393563473345866,-0.0024545395166945907,0.010077395559772648,-0.0004403475449381141,-0.002466043519358872,3.506523689987551e-08,9.91197603527499e-07,1.150400266428141e-05,0.1150400266428141,0.005958646905193987,0.005958646905193987,0
1.964,0.01,0.0,0.010076992237748007,-0.00043741860227125367,-0.0024377212000348068,0.010076957672150244,-0.0004383956009038318,-0.0024490597384019936,3.456559776252033e-08,9.769986325781324e-07,1.1338538367186828e-05,0.11338538367186828,0.005924770475469465,0.005924770475469465,0
1.965,0.01,0.0,0.010076555786939364,-0.000435483454100552,-0.002421004210236204,0.010076521713937399,-0.00043644645529655263,-0.002432179645070987,3.407300196503482e-08,9.630011960006391e-07,1.1175434834783185e-05,0.11175434834783185,0.0058910078652107956,0.0058910078652107956,0
1.966,0.01,0.0,0.01007612126994924,-0.00043355097759056546,-0.002404388117383499,0.010076087682597644,-0.0004345001800577627,-0.002415402776114767,3.3587351596156556e-08,9.492024671972307e-07,1.1014658731268046e-05,0.11014658731268046,0.005857359873940204,0.005857359873940204,0
1.967,0.01,0.0,0.010075688684069084,-0.00043162124633728155,-0.0023878724908214517,0.010075655575519,-0.0004325568459958785,-0.002398728668006735,3.3108550083829624e-08,9.355996585969518e-07,1.0856177185283433e-05,0.10856177185283432,0.005823827277504634,0.005823827277504634,0
1.968,0.01,0.0,0.010075258026517323,-0.00042969433277554155,-0.002371456899203669,0.010075225390015147,-0.00043061652279666884,-0.002382156856987216,3.2636502176122684e-08,9.221900211272942e-07,1.0699957783546783e-05,0.10699957783546782,0.005790410828423909,0.005790410828423909,0
1.969,0.01,0.0,0.01007482929444053,-0.0004277703081899307,-0.0023551409105406172,0.010074797123326611,-0.00042867927903362277,-0.00236568687910519,3.217111391867755e-08,9.089708436920449e-07,1.0545968564572988e-05,0.10545968564572988,0.005757111256221137,0.005757111256221137,0
1.97,0.01,0.0,0.01007440248491456,-0.00042584924272560704,-0.0023389240922468773,0.01007437077262192,-0.0004267451821782662,-0.002349318270259376,3.1712292639096695e-08,8.959394526591633e-07,1.039417801249878e-05,0.1039417801249878,0.00572392926776466,0.00572392926776466,0
1.971,0.01,0.0,0.01007397759494569,-0.0004239312053990688,-0.002322806011187623,0.010073946334998755,-0.00042481429861042336,-0.0023330505662386048,3.1259946934800165e-08,8.830932113545673e-07,1.0244555050981704e-05,0.10244555050981703,0.0056908655475913505,0.0056908655475913505,0
1.972,0.01,0.0,0.010073554621471737,-0.0004220162641088614,-0.002306786233724358,0.010073523807485088,-0.00042288669362842117,-0.0023168833027615225,3.0813986648739466e-08,8.704295195597679e-07,1.0097069037164584e-05,0.10097069037164584,0.005657920758242341,0.005657920758242341,0
1.973,0.01,0.0,0.010073133561363183,-0.00042010448564622205,-0.0022908643257598927,0.010073103187040324,-0.0004209624314592422,-0.00230081601551564,3.037432285898922e-08,8.579458130201297e-07,9.951689755747107e-06,0.09951689755747106,0.005625095540578329,0.005625095540578329,0
1.974,0.01,0.0,0.01007271441142426,-0.0004181959357056638,-0.0022750398527826006,0.010072684470556401,-0.00041904157526861995,-0.0022848482401957144,2.9940867857930487e-08,8.456395629561665e-07,9.808387413113781e-06,0.09808387413113781,0.005592390514106427,0.005592390514106427,0
1.975,0.01,0.0,0.010072297168394051,-0.0004162906788954968,-0.002259312379909933,0.010072267654858913,-0.0004171241871710809,-0.0022689795125414897,2.951353513837296e-08,8.335082755840531e-07,9.667132631556875e-06,0.09667132631556874,0.005559806277294577,0.005559806277294577,0
1.976,0.01,0.0,0.01007188182894757,-0.0004143887787482892,-0.0022436814719312146,0.01007185273670819,-0.00041521032823992944,-0.0022532093683747824,2.9092239379677198e-08,8.215494916402567e-07,9.527896443567874e-06,0.09527896443567874,0.005527343407889518,0.005527343407889518,0
1.977,0.01,0.0,0.010071468389696832,-0.0004124902977312649,-0.0022281466933497273,0.010071439712800407,-0.0004133000585171775,-0.0022375373436359226,2.8676896425203213e-08,8.097607859126194e-07,9.390650286195297e-06,0.09390650286195297,0.005495002463213439,0.005495002463213439,0
1.978,0.01,0.0,0.010071056847191914,-0.0004105952972566401,-0.002212707608424106,0.01007102857976864,-0.00041139343702342,-0.0022219629744196162,2.826742327363685e-08,7.981397667799518e-07,9.255365995510054e-06,0.09255365995510054,0.005462783980485497,0.005462783980485497,0
1.979,0.01,0.0,0.010070647197922004,-0.00040870383769189773,-0.002197363781209017,0.010070619334183942,-0.00040949052176765256,-0.002206485797010128,2.786373806164255e-08,7.866840757548253e-07,9.122015801110717e-06,0.09122015801110717,0.00543068847711492,0.00543068847711492,0
1.98,0.01,0.0,0.010070239438316437,-0.00040681597836999953,-0.002182114775595166,0.010070211972556396,-0.0004075913697570328,-0.00219110534791588,2.746576004131196e-08,7.753913870332482e-07,8.990572320714211e-06,0.0899057232071421,0.005398716451004759,0.005398716451004759,0
1.981,0.01,0.0,0.010069833564745733,-0.0004049317775995364,-0.002166960155348619,0.010069806491336155,-0.0004056960370065898,-0.002175821163903467,2.7073409578429186e-08,7.642594070533955e-07,8.861008554848001e-06,0.08861008554848,0.005366868380844103,0.005366868380844103,0
1.982,0.01,0.0,0.010069429573522611,-0.000403051292674816,-0.002151899484149462,0.010069402886914481,-0.00040380457854887077,-0.002160632782031022,2.668660812991941e-08,7.532858740547728e-07,8.733297881560048e-06,0.08733297881560048,0.005335144726407393,0.005335144726407393,0
1.983,0.01,0.0,0.010069027460902994,-0.0004011745798858888,-0.002136932325629784,0.010069001155624766,-0.00040191704844353456,-0.002145539739681016,2.6305278228236362e-08,7.424685576457816e-07,8.607414051231988e-06,0.08607414051231987,0.005303545928841302,0.005303545928841302,0
1.984,0.01,0.0,0.010068627223087016,-0.0003993016945285112,-0.002122058243411011,0.01006860129374355,-0.00040003349978688944,-0.0021305415745924744,2.592934346574982e-08,7.318052583782245e-07,8.483331181463431e-06,0.08483331181463431,0.0052720724109409645,0.0052720724109409645,0
1.985,0.01,0.0,0.01006822885622001,-0.00039743269091404676,-0.0021072768011406147,0.01006820329749152,-0.0003981539847213745,-0.002115637824892647,2.5558728489541438e-08,7.21293807327719e-07,8.361023752032157e-06,0.08361023752032157,0.005240724577450173,0.005240724577450173,0
1.986,0.01,0.0,0.010067832356393483,-0.00039556762237930466,-0.0020925875625281446,0.010067807163034502,-0.00039627855444498034,-0.0021008280291280293,2.5193358980588054e-08,7.109320656756833e-07,8.240466599884668e-06,0.08240466599884667,0.005209502815329614,0.005209502815329614,0
1.987,0.01,0.0,0.010067437719646091,-0.00039370654129631654,-0.0020779900913806557,0.010067412886484451,-0.00039440725922061605,-0.0020861117262948783,2.4833161639883916e-08,7.007179242995076e-07,8.121634914222582e-06,0.08121634914222582,0.005178407494035753,0.005178407494035753,0
1.988,0.01,0.0,0.010067044941964592,-0.0003918494990820501,-0.002063483951637506,0.010067020463900423,-0.0003925401483854189,-0.0020714884558691586,2.4478064169358715e-08,6.906493033687977e-07,8.004504231652783e-06,0.08004504231652783,0.0051474389657917285,0.0051474389657917285,0
1.989,0.01,0.0,0.010066654019284804,-0.00038999654620806124,-0.0020490687074045423,0.010066629891289529,-0.00039067727036000996,-0.002056957757835969,2.4127995275347036e-08,6.807241519487194e-07,7.889050431426903e-06,0.07889050431426903,0.005116597565865355,0.005116597565865355,0
1.99,0.01,0.0,0.010066264947492541,-0.00038814773221008335,-0.002034743922987665,0.010066241164607904,-0.0003888186726576848,-0.00204251917271834,2.3782884637363333e-08,6.709404476014456e-07,7.775249730675171e-06,0.07775249730675171,0.005085883612828468,0.005085883612828468,0
1.991,0.01,0.0,0.010065877722424546,-0.00038630310569755407,-0.0020205091629258033,0.010065854279761645,-0.0003869644018935549,-0.0020281722416055814,2.3442662901163036e-08,6.61296196000831e-07,7.663078679778172e-06,0.07663078679778171,0.005055297408821602,0.005055297408821602,0
1.992,0.01,0.0,0.010065492339869411,-0.00038446271436308065,-0.0020063639920232996,0.01006546923260774,-0.00038511450379362985,-0.0020139165061810733,2.3107261670068935e-08,6.517894305492012e-07,7.552514157773728e-06,0.07552514157773728,0.0050248392398160036,0.0050248392398160036,0
1.993,0.01,0.0,0.01006510879556849,-0.00038262660499184195,-0.001992307975381703,0.010065086018955,-0.00038326902320383956,-0.0019997515087495127,2.2776613489358666e-08,6.424182119976101e-07,7.4435333678097605e-06,0.0744353336780976,0.004994509375878309,0.004994509375878309,0
1.994,0.01,0.0,0.010064727085216801,-0.0003807948234709293,-0.0019783406784309714,0.010064704634564972,-0.00038142800409900126,-0.0019856767922636406,2.245065182891748e-08,6.331806280719535e-07,7.336113832669133e-06,0.07336113832669133,0.0049643080714103505,0.0049643080714103505,0
1.995,0.01,0.0,0.010064347204463923,-0.00037896741479862423,-0.00196446166696013,0.010064325075152843,-0.00037959148959173107,-0.001971691900350505,2.2129311079768788e-08,6.240747931068337e-07,7.230233390374732e-06,0.07230233390374731,0.004934235565417389,0.004934235565417389,0
1.996,0.01,0.0,0.010063969148914874,-0.00037714442309361477,-0.0019506705071473365,0.010063947336388343,-0.00037775952194129425,-0.0019577963773371515,2.181252653152277e-08,6.150988476794788e-07,7.125870189814924e-06,0.07125870189814923,0.0049042920817425895,0.0049042920817425895,0
1.997,0.01,0.0,0.01006359291413099,-0.0003753258916041495,-0.0019369667655894124,0.010063571413896622,-0.00037593214256240317,-0.0019439897682758866,2.150023436717219e-08,6.062509582536904e-07,7.023002686474189e-06,0.07023002686474189,0.004874477829321933,0.004874477829321933,0
1.998,0.01,0.0,0.01006321849563079,-0.0003735118627171294,-0.0019233500093308094,0.01006319730325914,-0.00037410939203395447,-0.0019302716189689973,2.1192371650949338e-08,5.975293168250929e-07,6.9216096381878155e-06,0.06921609638187816,0.004844793002426684,0.004844793002426684,0
1.999,0.01,0.0,0.010062845888890835,-0.0003717023779671381,-0.0019098198058920333,0.010062825000014522,-0.00037229131010770933,-0.0019166414759929917,2.0888876312713522e-08,5.889321405712074e-07,6.8216701009584e-06,0.06821670100958399,0.004815237780896986,0.004815237780896986,0
