scenario_id,trace_index,process_generation,sample_index,state_before,state,arm_request,run_request,reset_request,watchdog_heartbeat,watchdog_missed_samples,supply_voltage_v,encoder_sequence,encoder_stale_age_samples,requested_motor_voltage_v,motor_command_v,command_saturated,relay_enable_command,relay_enable_feedback,relay_feedback_mismatch_samples,command_disposition,encoder_disposition,safety_disposition,input_diagnostics,detected_faults,latched_faults,active_raw_fault_sources,reset_accepted,reset_rejected,safe_output,actuator_message,safety_status_message,supervisor_telemetry_message,fault_telemetry_message
normal_startup_running_and_saturation,0,0,0,SAFE_STARTUP,SAFE_STARTUP,False,False,False,True,0,6.0,1,0,0.0,0.0,False,False,False,0,ACCEPTED,ACCEPTED,ACCEPTED,,,,,False,False,True,"{""motor_voltage_v"":0.0,""reason"":""sim_010_tick"",""relay_enable"":false,""sample_index"":0,""saturated"":false,""state"":""SAFE_STARTUP""}","{""encoder_liveness_established"":false,""encoder_stale_age_samples"":0,""relay_feedback_mismatch_samples"":0,""reset_accepted"":false,""reset_rejected"":false,""safe_output"":true,""sample_index"":0,""state"":""SAFE_STARTUP"",""supply_healthy"":true,""watchdog_missed_samples"":0}","{""command_disposition"":""ACCEPTED"",""command_saturated"":false,""encoder_disposition"":""ACCEPTED"",""encoder_position_rad"":0.0,""encoder_sequence"":1,""motor_command_v"":0.0,""relay_enable_command"":false,""relay_enable_feedback"":false,""requested_motor_voltage_v"":0.0,""safety_disposition"":""ACCEPTED"",""sample_index"":0,""state"":""SAFE_STARTUP"",""state_before"":""SAFE_STARTUP""}","{""active_raw_fault_sources"":[],""detected_faults"":[],""input_diagnostics"":[],""latched_faults"":[],""reset_accepted"":false,""reset_reason"":"""",""reset_rejected"":false,""sample_index"":0}"
normal_startup_running_and_saturation,1,0,1,SAFE_STARTUP,SAFE_STARTUP,False,False,False,True,0,6.0,2,0,0.0,0.0,False,False,False,0,ACCEPTED,ACCEPTED,ACCEPTED,,,,,False,False,True,"{""motor_voltage_v"":0.0,""reason"":""sim_010_tick"",""relay_enable"":false,""sample_index"":1,""saturated"":false,""state"":""SAFE_STARTUP""}","{""encoder_liveness_established"":true,""encoder_stale_age_samples"":0,""relay_feedback_mismatch_samples"":0,""reset_accepted"":false,""reset_rejected"":false,""safe_output"":true,""sample_index"":1,""state"":""SAFE_STARTUP"",""supply_healthy"":true,""watchdog_missed_samples"":0}","{""command_disposition"":""ACCEPTED"",""command_saturated"":false,""encoder_disposition"":""ACCEPTED"",""encoder_position_rad"":0.0,""encoder_sequence"":2,""motor_command_v"":0.0,""relay_enable_command"":false,""relay_enable_feedback"":false,""requested_motor_voltage_v"":0.0,""safety_disposition"":""ACCEPTED"",""sample_index"":1,""state"":""SAFE_STARTUP"",""state_before"":""SAFE_STARTUP""}","{""active_raw_fault_sources"":[],""detected_faults"":[],""input_diagnostics"":[],""latched_faults"":[],""reset_accepted"":false,""reset_reason"":"""",""reset_rejected"":false,""sample_index"":1}"
normal_startup_running_and_saturation,2,0,2,SAFE_STARTUP,READY,False,False,False,True,0,6.0,3,0,0.0,0.0,False,False,False,0,ACCEPTED,ACCEPTED,ACCEPTED,,,,,False,False,True,"{""motor_voltage_v"":0.0,""reason"":""sim_010_tick"",""relay_enable"":false,""sample_index"":2,""saturated"":false,""state"":""READY""}","{""encoder_liveness_established"":true,""encoder_stale_age_samples"":0,""relay_feedback_mismatch_samples"":0,""reset_accepted"":false,""reset_rejected"":false,""safe_output"":true,""sample_index"":2,""state"":""READY"",""supply_healthy"":true,""watchdog_missed_samples"":0}","{""command_disposition"":""ACCEPTED"",""command_saturated"":false,""encoder_disposition"":""ACCEPTED"",""encoder_position_rad"":0.0,""encoder_sequence"":3,""motor_command_v"":0.0,""relay_enable_command"":false,""relay_enable_feedback"":false,""requested_motor_voltage_v"":0.0,""safety_disposition"":""ACCEPTED"",""sample_index"":2,""state"":""READY"",""state_before"":""SAFE_STARTUP""}","{""active_raw_fault_sources"":[],""detected_faults"":[],""input_diagnostics"":[],""latched_faults"":[],""reset_accepted"":false,""reset_reason"":"""",""reset_rejected"":false,""sample_index"":2}"
normal_startup_running_and_saturation,3,0,3,READY,READY,False,False,False,True,0,6.0,4,0,0.0,0.0,False,False,False,0,ACCEPTED,ACCEPTED,ACCEPTED,,,,,False,False,True,"{""motor_voltage_v"":0.0,""reason"":""sim_010_tick"",""relay_enable"":false,""sample_index"":3,""saturated"":false,""state"":""READY""}","{""encoder_liveness_established"":true,""encoder_stale_age_samples"":0,""relay_feedback_mismatch_samples"":0,""reset_accepted"":false,""reset_rejected"":false,""safe_output"":true,""sample_index"":3,""state"":""READY"",""supply_healthy"":true,""watchdog_missed_samples"":0}","{""command_disposition"":""ACCEPTED"",""command_saturated"":false,""encoder_disposition"":""ACCEPTED"",""encoder_position_rad"":0.0,""encoder_sequence"":4,""motor_command_v"":0.0,""relay_enable_command"":false,""relay_enable_feedback"":false,""requested_motor_voltage_v"":0.0,""safety_disposition"":""ACCEPTED"",""sample_index"":3,""state"":""READY"",""state_before"":""READY""}","{""active_raw_fault_sources"":[],""detected_faults"":[],""input_diagnostics"":[],""latched_faults"":[],""reset_accepted"":false,""reset_reason"":"""",""reset_rejected"":false,""sample_index"":3}"
normal_startup_running_and_saturation,4,0,4,READY,RUNNING,True,True,False,True,0,6.0,5,0,2.0,2.0,False,True,True,0,ACCEPTED,ACCEPTED,ACCEPTED,,,,,False,False,False,"{""motor_voltage_v"":2.0,""reason"":""sim_010_tick"",""relay_enable"":true,""sample_index"":4,""saturated"":false,""state"":""RUNNING""}","{""encoder_liveness_established"":true,""encoder_stale_age_samples"":0,""relay_feedback_mismatch_samples"":0,""reset_accepted"":false,""reset_rejected"":false,""safe_output"":false,""sample_index"":4,""state"":""RUNNING"",""supply_healthy"":true,""watchdog_missed_samples"":0}","{""command_disposition"":""ACCEPTED"",""command_saturated"":false,""encoder_disposition"":""ACCEPTED"",""encoder_position_rad"":0.0,""encoder_sequence"":5,""motor_command_v"":2.0,""relay_enable_command"":true,""relay_enable_feedback"":true,""requested_motor_voltage_v"":2.0,""safety_disposition"":""ACCEPTED"",""sample_index"":4,""state"":""RUNNING"",""state_before"":""READY""}","{""active_raw_fault_sources"":[],""detected_faults"":[],""input_diagnostics"":[],""latched_faults"":[],""reset_accepted"":false,""reset_reason"":"""",""reset_rejected"":false,""sample_index"":4}"
normal_startup_running_and_saturation,5,0,5,RUNNING,RUNNING,True,True,False,True,0,6.0,6,0,2.0,2.0,False,True,True,0,ACCEPTED,ACCEPTED,ACCEPTED,,,,,False,False,False,"{""motor_voltage_v"":2.0,""reason"":""sim_010_tick"",""relay_enable"":true,""sample_index"":5,""saturated"":false,""state"":""RUNNING""}","{""encoder_liveness_established"":true,""encoder_stale_age_samples"":0,""relay_feedback_mismatch_samples"":0,""reset_accepted"":false,""reset_rejected"":false,""safe_output"":false,""sample_index"":5,""state"":""RUNNING"",""supply_healthy"":true,""watchdog_missed_samples"":0}","{""command_disposition"":""ACCEPTED"",""command_saturated"":false,""encoder_disposition"":""ACCEPTED"",""encoder_position_rad"":0.0,""encoder_sequence"":6,""motor_command_v"":2.0,""relay_enable_command"":true,""relay_enable_feedback"":true,""requested_motor_voltage_v"":2.0,""safety_disposition"":""ACCEPTED"",""sample_index"":5,""state"":""RUNNING"",""state_before"":""RUNNING""}","{""active_raw_fault_sources"":[],""detected_faults"":[],""input_diagnostics"":[],""latched_faults"":[],""reset_accepted"":false,""reset_reason"":"""",""reset_rejected"":false,""sample_index"":5}"
normal_startup_running_and_saturation,6,0,6,RUNNING,RUNNING,True,True,False,True,0,6.0,7,0,7.0,6.0,True,True,True,0,ACCEPTED,ACCEPTED,ACCEPTED,,,,,False,False,False,"{""motor_voltage_v"":6.0,""reason"":""sim_010_tick"",""relay_enable"":true,""sample_index"":6,""saturated"":true,""state"":""RUNNING""}","{""encoder_liveness_established"":true,""encoder_stale_age_samples"":0,""relay_feedback_mismatch_samples"":0,""reset_accepted"":false,""reset_rejected"":false,""safe_output"":false,""sample_index"":6,""state"":""RUNNING"",""supply_healthy"":true,""watchdog_missed_samples"":0}","{""command_disposition"":""ACCEPTED"",""command_saturated"":true,""encoder_disposition"":""ACCEPTED"",""encoder_position_rad"":0.0,""encoder_sequence"":7,""motor_command_v"":6.0,""relay_enable_command"":true,""relay_enable_feedback"":true,""requested_motor_voltage_v"":7.0,""safety_disposition"":""ACCEPTED"",""sample_index"":6,""state"":""RUNNING"",""state_before"":""RUNNING""}","{""active_raw_fault_sources"":[],""detected_faults"":[],""input_diagnostics"":[],""latched_faults"":[],""reset_accepted"":false,""reset_reason"":"""",""reset_rejected"":false,""sample_index"":6}"
software_estop,0,0,0,SAFE_STARTUP,SAFE_STARTUP,False,False,False,True,0,6.0,1,0,0.0,0.0,False,False,False,0,ACCEPTED,ACCEPTED,ACCEPTED,,,,,False,False,True,"{""motor_voltage_v"":0.0,""reason"":""sim_010_tick"",""relay_enable"":false,""sample_index"":0,""saturated"":false,""state"":""SAFE_STARTUP""}","{""encoder_liveness_established"":false,""encoder_stale_age_samples"":0,""relay_feedback_mismatch_samples"":0,""reset_accepted"":false,""reset_rejected"":false,""safe_output"":true,""sample_index"":0,""state"":""SAFE_STARTUP"",""supply_healthy"":true,""watchdog_missed_samples"":0}","{""command_disposition"":""ACCEPTED"",""command_saturated"":false,""encoder_disposition"":""ACCEPTED"",""encoder_position_rad"":0.0,""encoder_sequence"":1,""motor_command_v"":0.0,""relay_enable_command"":false,""relay_enable_feedback"":false,""requested_motor_voltage_v"":0.0,""safety_disposition"":""ACCEPTED"",""sample_index"":0,""state"":""SAFE_STARTUP"",""state_before"":""SAFE_STARTUP""}","{""active_raw_fault_sources"":[],""detected_faults"":[],""input_diagnostics"":[],""latched_faults"":[],""reset_accepted"":false,""reset_reason"":"""",""reset_rejected"":false,""sample_index"":0}"
software_estop,1,0,1,SAFE_STARTUP,SAFE_STARTUP,False,False,False,True,0,6.0,2,0,0.0,0.0,False,False,False,0,ACCEPTED,ACCEPTED,ACCEPTED,,,,,False,False,True,"{""motor_voltage_v"":0.0,""reason"":""sim_010_tick"",""relay_enable"":false,""sample_index"":1,""saturated"":false,""state"":""SAFE_STARTUP""}","{""encoder_liveness_established"":true,""encoder_stale_age_samples"":0,""relay_feedback_mismatch_samples"":0,""reset_accepted"":false,""reset_rejected"":false,""safe_output"":true,""sample_index"":1,""state"":""SAFE_STARTUP"",""supply_healthy"":true,""watchdog_missed_samples"":0}","{""command_disposition"":""ACCEPTED"",""command_saturated"":false,""encoder_disposition"":""ACCEPTED"",""encoder_position_rad"":0.0,""encoder_sequence"":2,""motor_command_v"":0.0,""relay_enable_command"":false,""relay_enable_feedback"":false,""requested_motor_voltage_v"":0.0,""safety_disposition"":""ACCEPTED"",""sample_index"":1,""state"":""SAFE_STARTUP"",""state_before"":""SAFE_STARTUP""}","{""active_raw_fault_sources"":[],""detected_faults"":[],""input_diagnostics"":[],""latched_faults"":[],""reset_accepted"":false,""reset_reason"":"""",""reset_rejected"":false,""sample_index"":1}"
software_estop,2,0,2,SAFE_STARTUP,READY,False,False,False,True,0,6.0,3,0,0.0,0.0,False,False,False,0,ACCEPTED,ACCEPTED,ACCEPTED,,,,,False,False,True,"{""motor_voltage_v"":0.0,""reason"":""sim_010_tick"",""relay_enable"":false,""sample_index"":2,""saturated"":false,""state"":""READY""}","{""encoder_liveness_established"":true,""encoder_stale_age_samples"":0,""relay_feedback_mismatch_samples"":0,""reset_accepted"":false,""reset_rejected"":false,""safe_output"":true,""sample_index"":2,""state"":""READY"",""supply_healthy"":true,""watchdog_missed_samples"":0}","{""command_disposition"":""ACCEPTED"",""command_saturated"":false,""encoder_disposition"":""ACCEPTED"",""encoder_position_rad"":0.0,""encoder_sequence"":3,""motor_command_v"":0.0,""relay_enable_command"":false,""relay_enable_feedback"":false,""requested_motor_voltage_v"":0.0,""safety_disposition"":""ACCEPTED"",""sample_index"":2,""state"":""READY"",""state_before"":""SAFE_STARTUP""}","{""active_raw_fault_sources"":[],""detected_faults"":[],""input_diagnostics"":[],""latched_faults"":[],""reset_accepted"":false,""reset_reason"":"""",""reset_rejected"":false,""sample_index"":2}"
software_estop,3,0,3,READY,READY,False,False,False,True,0,6.0,4,0,0.0,0.0,False,False,False,0,ACCEPTED,ACCEPTED,ACCEPTED,,,,,False,False,True,"{""motor_voltage_v"":0.0,""reason"":""sim_010_tick"",""relay_enable"":false,""sample_index"":3,""saturated"":false,""state"":""READY""}","{""encoder_liveness_established"":true,""encoder_stale_age_samples"":0,""relay_feedback_mismatch_samples"":0,""reset_accepted"":false,""reset_rejected"":false,""safe_output"":true,""sample_index"":3,""state"":""READY"",""supply_healthy"":true,""watchdog_missed_samples"":0}","{""command_disposition"":""ACCEPTED"",""command_saturated"":false,""encoder_disposition"":""ACCEPTED"",""encoder_position_rad"":0.0,""encoder_sequence"":4,""motor_command_v"":0.0,""relay_enable_command"":false,""relay_enable_feedback"":false,""requested_motor_voltage_v"":0.0,""safety_disposition"":""ACCEPTED"",""sample_index"":3,""state"":""READY"",""state_before"":""READY""}","{""active_raw_fault_sources"":[],""detected_faults"":[],""input_diagnostics"":[],""latched_faults"":[],""reset_accepted"":false,""reset_reason"":"""",""reset_rejected"":false,""sample_index"":3}"
software_estop,4,0,4,READY,RUNNING,True,True,False,True,0,6.0,5,0,2.0,2.0,False,True,True,0,ACCEPTED,ACCEPTED,ACCEPTED,,,,,False,False,False,"{""motor_voltage_v"":2.0,""reason"":""sim_010_tick"",""relay_enable"":true,""sample_index"":4,""saturated"":false,""state"":""RUNNING""}","{""encoder_liveness_established"":true,""encoder_stale_age_samples"":0,""relay_feedback_mismatch_samples"":0,""reset_accepted"":false,""reset_rejected"":false,""safe_output"":false,""sample_index"":4,""state"":""RUNNING"",""supply_healthy"":true,""watchdog_missed_samples"":0}","{""command_disposition"":""ACCEPTED"",""command_saturated"":false,""encoder_disposition"":""ACCEPTED"",""encoder_position_rad"":0.0,""encoder_sequence"":5,""motor_command_v"":2.0,""relay_enable_command"":true,""relay_enable_feedback"":true,""requested_motor_voltage_v"":2.0,""safety_disposition"":""ACCEPTED"",""sample_index"":4,""state"":""RUNNING"",""state_before"":""READY""}","{""active_raw_fault_sources"":[],""detected_faults"":[],""input_diagnostics"":[],""latched_faults"":[],""reset_accepted"":false,""reset_reason"":"""",""reset_rejected"":false,""sample_index"":4}"
software_estop,5,0,5,RUNNING,FAULT_LATCHED,True,True,False,True,0,6.0,6,0,2.0,0.0,False,False,False,0,ACCEPTED,ACCEPTED,ACCEPTED,,EMERGENCY_STOP,EMERGENCY_STOP,,False,False,True,"{""motor_voltage_v"":0.0,""reason"":""sim_010_tick"",""relay_enable"":false,""sample_index"":5,""saturated"":false,""state"":""FAULT_LATCHED""}","{""encoder_liveness_established"":true,""encoder_stale_age_samples"":0,""relay_feedback_mismatch_samples"":0,""reset_accepted"":false,""reset_rejected"":false,""safe_output"":true,""sample_index"":5,""state"":""FAULT_LATCHED"",""supply_healthy"":true,""watchdog_missed_samples"":0}","{""command_disposition"":""ACCEPTED"",""command_saturated"":false,""encoder_disposition"":""ACCEPTED"",""encoder_position_rad"":0.0,""encoder_sequence"":6,""motor_command_v"":0.0,""relay_enable_command"":false,""relay_enable_feedback"":false,""requested_motor_voltage_v"":2.0,""safety_disposition"":""ACCEPTED"",""sample_index"":5,""state"":""FAULT_LATCHED"",""state_before"":""RUNNING""}","{""active_raw_fault_sources"":[],""detected_faults"":[""EMERGENCY_STOP""],""input_diagnostics"":[],""latched_faults"":[""EMERGENCY_STOP""],""reset_accepted"":false,""reset_reason"":"""",""reset_rejected"":false,""sample_index"":5}"
watchdog_n_minus_one_and_n,0,0,0,SAFE_STARTUP,SAFE_STARTUP,False,False,False,True,0,6.0,1,0,0.0,0.0,False,False,False,0,ACCEPTED,ACCEPTED,ACCEPTED,,,,,False,False,True,"{""motor_voltage_v"":0.0,""reason"":""sim_010_tick"",""relay_enable"":false,""sample_index"":0,""saturated"":false,""state"":""SAFE_STARTUP""}","{""encoder_liveness_established"":false,""encoder_stale_age_samples"":0,""relay_feedback_mismatch_samples"":0,""reset_accepted"":false,""reset_rejected"":false,""safe_output"":true,""sample_index"":0,""state"":""SAFE_STARTUP"",""supply_healthy"":true,""watchdog_missed_samples"":0}","{""command_disposition"":""ACCEPTED"",""command_saturated"":false,""encoder_disposition"":""ACCEPTED"",""encoder_position_rad"":0.0,""encoder_sequence"":1,""motor_command_v"":0.0,""relay_enable_command"":false,""relay_enable_feedback"":false,""requested_motor_voltage_v"":0.0,""safety_disposition"":""ACCEPTED"",""sample_index"":0,""state"":""SAFE_STARTUP"",""state_before"":""SAFE_STARTUP""}","{""active_raw_fault_sources"":[],""detected_faults"":[],""input_diagnostics"":[],""latched_faults"":[],""reset_accepted"":false,""reset_reason"":"""",""reset_rejected"":false,""sample_index"":0}"
watchdog_n_minus_one_and_n,1,0,1,SAFE_STARTUP,SAFE_STARTUP,False,False,False,True,0,6.0,2,0,0.0,0.0,False,False,False,0,ACCEPTED,ACCEPTED,ACCEPTED,,,,,False,False,True,"{""motor_voltage_v"":0.0,""reason"":""sim_010_tick"",""relay_enable"":false,""sample_index"":1,""saturated"":false,""state"":""SAFE_STARTUP""}","{""encoder_liveness_established"":true,""encoder_stale_age_samples"":0,""relay_feedback_mismatch_samples"":0,""reset_accepted"":false,""reset_rejected"":false,""safe_output"":true,""sample_index"":1,""state"":""SAFE_STARTUP"",""supply_healthy"":true,""watchdog_missed_samples"":0}","{""command_disposition"":""ACCEPTED"",""command_saturated"":false,""encoder_disposition"":""ACCEPTED"",""encoder_position_rad"":0.0,""encoder_sequence"":2,""motor_command_v"":0.0,""relay_enable_command"":false,""relay_enable_feedback"":false,""requested_motor_voltage_v"":0.0,""safety_disposition"":""ACCEPTED"",""sample_index"":1,""state"":""SAFE_STARTUP"",""state_before"":""SAFE_STARTUP""}","{""active_raw_fault_sources"":[],""detected_faults"":[],""input_diagnostics"":[],""latched_faults"":[],""reset_accepted"":false,""reset_reason"":"""",""reset_rejected"":false,""sample_index"":1}"
watchdog_n_minus_one_and_n,2,0,2,SAFE_STARTUP,READY,False,False,False,True,0,6.0,3,0,0.0,0.0,False,False,False,0,ACCEPTED,ACCEPTED,ACCEPTED,,,,,False,False,True,"{""motor_voltage_v"":0.0,""reason"":""sim_010_tick"",""relay_enable"":false,""sample_index"":2,""saturated"":false,""state"":""READY""}","{""encoder_liveness_established"":true,""encoder_stale_age_samples"":0,""relay_feedback_mismatch_samples"":0,""reset_accepted"":false,""reset_rejected"":false,""safe_output"":true,""sample_index"":2,""state"":""READY"",""supply_healthy"":true,""watchdog_missed_samples"":0}","{""command_disposition"":""ACCEPTED"",""command_saturated"":false,""encoder_disposition"":""ACCEPTED"",""encoder_position_rad"":0.0,""encoder_sequence"":3,""motor_command_v"":0.0,""relay_enable_command"":false,""relay_enable_feedback"":false,""requested_motor_voltage_v"":0.0,""safety_disposition"":""ACCEPTED"",""sample_index"":2,""state"":""READY"",""state_before"":""SAFE_STARTUP""}","{""active_raw_fault_sources"":[],""detected_faults"":[],""input_diagnostics"":[],""latched_faults"":[],""reset_accepted"":false,""reset_reason"":"""",""reset_rejected"":false,""sample_index"":2}"
watchdog_n_minus_one_and_n,3,0,3,READY,READY,False,False,False,True,0,6.0,4,0,0.0,0.0,False,False,False,0,ACCEPTED,ACCEPTED,ACCEPTED,,,,,False,False,True,"{""motor_voltage_v"":0.0,""reason"":""sim_010_tick"",""relay_enable"":false,""sample_index"":3,""saturated"":false,""state"":""READY""}","{""encoder_liveness_established"":true,""encoder_stale_age_samples"":0,""relay_feedback_mismatch_samples"":0,""reset_accepted"":false,""reset_rejected"":false,""safe_output"":true,""sample_index"":3,""state"":""READY"",""supply_healthy"":true,""watchdog_missed_samples"":0}","{""command_disposition"":""ACCEPTED"",""command_saturated"":false,""encoder_disposition"":""ACCEPTED"",""encoder_position_rad"":0.0,""encoder_sequence"":4,""motor_command_v"":0.0,""relay_enable_command"":false,""relay_enable_feedback"":false,""requested_motor_voltage_v"":0.0,""safety_disposition"":""ACCEPTED"",""sample_index"":3,""state"":""READY"",""state_before"":""READY""}","{""active_raw_fault_sources"":[],""detected_faults"":[],""input_diagnostics"":[],""latched_faults"":[],""reset_accepted"":false,""reset_reason"":"""",""reset_rejected"":false,""sample_index"":3}"
watchdog_n_minus_one_and_n,4,0,4,READY,RUNNING,True,True,False,True,0,6.0,5,0,2.0,2.0,False,True,True,0,ACCEPTED,ACCEPTED,ACCEPTED,,,,,False,False,False,"{""motor_voltage_v"":2.0,""reason"":""sim_010_tick"",""relay_enable"":true,""sample_index"":4,""saturated"":false,""state"":""RUNNING""}","{""encoder_liveness_established"":true,""encoder_stale_age_samples"":0,""relay_feedback_mismatch_samples"":0,""reset_accepted"":false,""reset_rejected"":false,""safe_output"":false,""sample_index"":4,""state"":""RUNNING"",""supply_healthy"":true,""watchdog_missed_samples"":0}","{""command_disposition"":""ACCEPTED"",""command_saturated"":false,""encoder_disposition"":""ACCEPTED"",""encoder_position_rad"":0.0,""encoder_sequence"":5,""motor_command_v"":2.0,""relay_enable_command"":true,""relay_enable_feedback"":true,""requested_motor_voltage_v"":2.0,""safety_disposition"":""ACCEPTED"",""sample_index"":4,""state"":""RUNNING"",""state_before"":""READY""}","{""active_raw_fault_sources"":[],""detected_faults"":[],""input_diagnostics"":[],""latched_faults"":[],""reset_accepted"":false,""reset_reason"":"""",""reset_rejected"":false,""sample_index"":4}"
watchdog_n_minus_one_and_n,5,0,5,RUNNING,RUNNING,True,True,False,False,1,6.0,6,0,2.0,2.0,False,True,True,0,ACCEPTED,ACCEPTED,ACCEPTED,,,,,False,False,False,"{""motor_voltage_v"":2.0,""reason"":""sim_010_tick"",""relay_enable"":true,""sample_index"":5,""saturated"":false,""state"":""RUNNING""}","{""encoder_liveness_established"":true,""encoder_stale_age_samples"":0,""relay_feedback_mismatch_samples"":0,""reset_accepted"":false,""reset_rejected"":false,""safe_output"":false,""sample_index"":5,""state"":""RUNNING"",""supply_healthy"":true,""watchdog_missed_samples"":1}","{""command_disposition"":""ACCEPTED"",""command_saturated"":false,""encoder_disposition"":""ACCEPTED"",""encoder_position_rad"":0.0,""encoder_sequence"":6,""motor_command_v"":2.0,""relay_enable_command"":true,""relay_enable_feedback"":true,""requested_motor_voltage_v"":2.0,""safety_disposition"":""ACCEPTED"",""sample_index"":5,""state"":""RUNNING"",""state_before"":""RUNNING""}","{""active_raw_fault_sources"":[],""detected_faults"":[],""input_diagnostics"":[],""latched_faults"":[],""reset_accepted"":false,""reset_reason"":"""",""reset_rejected"":false,""sample_index"":5}"
watchdog_n_minus_one_and_n,6,0,6,RUNNING,RUNNING,True,True,False,False,2,6.0,7,0,2.0,2.0,False,True,True,0,ACCEPTED,ACCEPTED,ACCEPTED,,,,,False,False,False,"{""motor_voltage_v"":2.0,""reason"":""sim_010_tick"",""relay_enable"":true,""sample_index"":6,""saturated"":false,""state"":""RUNNING""}","{""encoder_liveness_established"":true,""encoder_stale_age_samples"":0,""relay_feedback_mismatch_samples"":0,""reset_accepted"":false,""reset_rejected"":false,""safe_output"":false,""sample_index"":6,""state"":""RUNNING"",""supply_healthy"":true,""watchdog_missed_samples"":2}","{""command_disposition"":""ACCEPTED"",""command_saturated"":false,""encoder_disposition"":""ACCEPTED"",""encoder_position_rad"":0.0,""encoder_sequence"":7,""motor_command_v"":2.0,""relay_enable_command"":true,""relay_enable_feedback"":true,""requested_motor_voltage_v"":2.0,""safety_disposition"":""ACCEPTED"",""sample_index"":6,""state"":""RUNNING"",""state_before"":""RUNNING""}","{""active_raw_fault_sources"":[],""detected_faults"":[],""input_diagnostics"":[],""latched_faults"":[],""reset_accepted"":false,""reset_reason"":"""",""reset_rejected"":false,""sample_index"":6}"
watchdog_n_minus_one_and_n,7,0,7,RUNNING,FAULT_LATCHED,True,True,False,False,3,6.0,8,0,2.0,0.0,False,False,False,0,ACCEPTED,ACCEPTED,ACCEPTED,,WATCHDOG_TIMEOUT,WATCHDOG_TIMEOUT,,False,False,True,"{""motor_voltage_v"":0.0,""reason"":""sim_010_tick"",""relay_enable"":false,""sample_index"":7,""saturated"":false,""state"":""FAULT_LATCHED""}","{""encoder_liveness_established"":true,""encoder_stale_age_samples"":0,""relay_feedback_mismatch_samples"":0,""reset_accepted"":false,""reset_rejected"":false,""safe_output"":true,""sample_index"":7,""state"":""FAULT_LATCHED"",""supply_healthy"":true,""watchdog_missed_samples"":3}","{""command_disposition"":""ACCEPTED"",""command_saturated"":false,""encoder_disposition"":""ACCEPTED"",""encoder_position_rad"":0.0,""encoder_sequence"":8,""motor_command_v"":0.0,""relay_enable_command"":false,""relay_enable_feedback"":false,""requested_motor_voltage_v"":2.0,""safety_disposition"":""ACCEPTED"",""sample_index"":7,""state"":""FAULT_LATCHED"",""state_before"":""RUNNING""}","{""active_raw_fault_sources"":[],""detected_faults"":[""WATCHDOG_TIMEOUT""],""input_diagnostics"":[],""latched_faults"":[""WATCHDOG_TIMEOUT""],""reset_accepted"":false,""reset_reason"":"""",""reset_rejected"":false,""sample_index"":7}"
missing_encoder_n_minus_one_and_n,0,0,0,SAFE_STARTUP,SAFE_STARTUP,False,False,False,True,0,6.0,1,0,0.0,0.0,False,False,False,0,ACCEPTED,ACCEPTED,ACCEPTED,,,,,False,False,True,"{""motor_voltage_v"":0.0,""reason"":""sim_010_tick"",""relay_enable"":false,""sample_index"":0,""saturated"":false,""state"":""SAFE_STARTUP""}","{""encoder_liveness_established"":false,""encoder_stale_age_samples"":0,""relay_feedback_mismatch_samples"":0,""reset_accepted"":false,""reset_rejected"":false,""safe_output"":true,""sample_index"":0,""state"":""SAFE_STARTUP"",""supply_healthy"":true,""watchdog_missed_samples"":0}","{""command_disposition"":""ACCEPTED"",""command_saturated"":false,""encoder_disposition"":""ACCEPTED"",""encoder_position_rad"":0.0,""encoder_sequence"":1,""motor_command_v"":0.0,""relay_enable_command"":false,""relay_enable_feedback"":false,""requested_motor_voltage_v"":0.0,""safety_disposition"":""ACCEPTED"",""sample_index"":0,""state"":""SAFE_STARTUP"",""state_before"":""SAFE_STARTUP""}","{""active_raw_fault_sources"":[],""detected_faults"":[],""input_diagnostics"":[],""latched_faults"":[],""reset_accepted"":false,""reset_reason"":"""",""reset_rejected"":false,""sample_index"":0}"
missing_encoder_n_minus_one_and_n,1,0,1,SAFE_STARTUP,SAFE_STARTUP,False,False,False,True,0,6.0,2,0,0.0,0.0,False,False,False,0,ACCEPTED,ACCEPTED,ACCEPTED,,,,,False,False,True,"{""motor_voltage_v"":0.0,""reason"":""sim_010_tick"",""relay_enable"":false,""sample_index"":1,""saturated"":false,""state"":""SAFE_STARTUP""}","{""encoder_liveness_established"":true,""encoder_stale_age_samples"":0,""relay_feedback_mismatch_samples"":0,""reset_accepted"":false,""reset_rejected"":false,""safe_output"":true,""sample_index"":1,""state"":""SAFE_STARTUP"",""supply_healthy"":true,""watchdog_missed_samples"":0}","{""command_disposition"":""ACCEPTED"",""command_saturated"":false,""encoder_disposition"":""ACCEPTED"",""encoder_position_rad"":0.0,""encoder_sequence"":2,""motor_command_v"":0.0,""relay_enable_command"":false,""relay_enable_feedback"":false,""requested_motor_voltage_v"":0.0,""safety_disposition"":""ACCEPTED"",""sample_index"":1,""state"":""SAFE_STARTUP"",""state_before"":""SAFE_STARTUP""}","{""active_raw_fault_sources"":[],""detected_faults"":[],""input_diagnostics"":[],""latched_faults"":[],""reset_accepted"":false,""reset_reason"":"""",""reset_rejected"":false,""sample_index"":1}"
missing_encoder_n_minus_one_and_n,2,0,2,SAFE_STARTUP,READY,False,False,False,True,0,6.0,3,0,0.0,0.0,False,False,False,0,ACCEPTED,ACCEPTED,ACCEPTED,,,,,False,False,True,"{""motor_voltage_v"":0.0,""reason"":""sim_010_tick"",""relay_enable"":false,""sample_index"":2,""saturated"":false,""state"":""READY""}","{""encoder_liveness_established"":true,""encoder_stale_age_samples"":0,""relay_feedback_mismatch_samples"":0,""reset_accepted"":false,""reset_rejected"":false,""safe_output"":true,""sample_index"":2,""state"":""READY"",""supply_healthy"":true,""watchdog_missed_samples"":0}","{""command_disposition"":""ACCEPTED"",""command_saturated"":false,""encoder_disposition"":""ACCEPTED"",""encoder_position_rad"":0.0,""encoder_sequence"":3,""motor_command_v"":0.0,""relay_enable_command"":false,""relay_enable_feedback"":false,""requested_motor_voltage_v"":0.0,""safety_disposition"":""ACCEPTED"",""sample_index"":2,""state"":""READY"",""state_before"":""SAFE_STARTUP""}","{""active_raw_fault_sources"":[],""detected_faults"":[],""input_diagnostics"":[],""latched_faults"":[],""reset_accepted"":false,""reset_reason"":"""",""reset_rejected"":false,""sample_index"":2}"
missing_encoder_n_minus_one_and_n,3,0,3,READY,READY,False,False,False,True,0,6.0,4,0,0.0,0.0,False,False,False,0,ACCEPTED,ACCEPTED,ACCEPTED,,,,,False,False,True,"{""motor_voltage_v"":0.0,""reason"":""sim_010_tick"",""relay_enable"":false,""sample_index"":3,""saturated"":false,""state"":""READY""}","{""encoder_liveness_established"":true,""encoder_stale_age_samples"":0,""relay_feedback_mismatch_samples"":0,""reset_accepted"":false,""reset_rejected"":false,""safe_output"":true,""sample_index"":3,""state"":""READY"",""supply_healthy"":true,""watchdog_missed_samples"":0}","{""command_disposition"":""ACCEPTED"",""command_saturated"":false,""encoder_disposition"":""ACCEPTED"",""encoder_position_rad"":0.0,""encoder_sequence"":4,""motor_command_v"":0.0,""relay_enable_command"":false,""relay_enable_feedback"":false,""requested_motor_voltage_v"":0.0,""safety_disposition"":""ACCEPTED"",""sample_index"":3,""state"":""READY"",""state_before"":""READY""}","{""active_raw_fault_sources"":[],""detected_faults"":[],""input_diagnostics"":[],""latched_faults"":[],""reset_accepted"":false,""reset_reason"":"""",""reset_rejected"":false,""sample_index"":3}"
missing_encoder_n_minus_one_and_n,4,0,4,READY,RUNNING,True,True,False,True,0,6.0,5,0,2.0,2.0,False,True,True,0,ACCEPTED,ACCEPTED,ACCEPTED,,,,,False,False,False,"{""motor_voltage_v"":2.0,""reason"":""sim_010_tick"",""relay_enable"":true,""sample_index"":4,""saturated"":false,""state"":""RUNNING""}","{""encoder_liveness_established"":true,""encoder_stale_age_samples"":0,""relay_feedback_mismatch_samples"":0,""reset_accepted"":false,""reset_rejected"":false,""safe_output"":false,""sample_index"":4,""state"":""RUNNING"",""supply_healthy"":true,""watchdog_missed_samples"":0}","{""command_disposition"":""ACCEPTED"",""command_saturated"":false,""encoder_disposition"":""ACCEPTED"",""encoder_position_rad"":0.0,""encoder_sequence"":5,""motor_command_v"":2.0,""relay_enable_command"":true,""relay_enable_feedback"":true,""requested_motor_voltage_v"":2.0,""safety_disposition"":""ACCEPTED"",""sample_index"":4,""state"":""RUNNING"",""state_before"":""READY""}","{""active_raw_fault_sources"":[],""detected_faults"":[],""input_diagnostics"":[],""latched_faults"":[],""reset_accepted"":false,""reset_reason"":"""",""reset_rejected"":false,""sample_index"":4}"
missing_encoder_n_minus_one_and_n,5,0,5,RUNNING,RUNNING,True,True,False,True,0,6.0,5,1,2.0,2.0,False,True,True,0,ACCEPTED,STALE,ACCEPTED,encoder_no_accepted_advance_this_tick,,,,False,False,False,"{""motor_voltage_v"":2.0,""reason"":""sim_010_tick"",""relay_enable"":true,""sample_index"":5,""saturated"":false,""state"":""RUNNING""}","{""encoder_liveness_established"":true,""encoder_stale_age_samples"":1,""relay_feedback_mismatch_samples"":0,""reset_accepted"":false,""reset_rejected"":false,""safe_output"":false,""sample_index"":5,""state"":""RUNNING"",""supply_healthy"":true,""watchdog_missed_samples"":0}","{""command_disposition"":""ACCEPTED"",""command_saturated"":false,""encoder_disposition"":""STALE"",""encoder_position_rad"":0.0,""encoder_sequence"":5,""motor_command_v"":2.0,""relay_enable_command"":true,""relay_enable_feedback"":true,""requested_motor_voltage_v"":2.0,""safety_disposition"":""ACCEPTED"",""sample_index"":5,""state"":""RUNNING"",""state_before"":""RUNNING""}","{""active_raw_fault_sources"":[],""detected_faults"":[],""input_diagnostics"":[""encoder_no_accepted_advance_this_tick""],""latched_faults"":[],""reset_accepted"":false,""reset_reason"":"""",""reset_rejected"":false,""sample_index"":5}"
missing_encoder_n_minus_one_and_n,6,0,6,RUNNING,RUNNING,True,True,False,True,0,6.0,5,2,2.0,2.0,False,True,True,0,ACCEPTED,STALE,ACCEPTED,encoder_no_accepted_advance_this_tick,,,,False,False,False,"{""motor_voltage_v"":2.0,""reason"":""sim_010_tick"",""relay_enable"":true,""sample_index"":6,""saturated"":false,""state"":""RUNNING""}","{""encoder_liveness_established"":true,""encoder_stale_age_samples"":2,""relay_feedback_mismatch_samples"":0,""reset_accepted"":false,""reset_rejected"":false,""safe_output"":false,""sample_index"":6,""state"":""RUNNING"",""supply_healthy"":true,""watchdog_missed_samples"":0}","{""command_disposition"":""ACCEPTED"",""command_saturated"":false,""encoder_disposition"":""STALE"",""encoder_position_rad"":0.0,""encoder_sequence"":5,""motor_command_v"":2.0,""relay_enable_command"":true,""relay_enable_feedback"":true,""requested_motor_voltage_v"":2.0,""safety_disposition"":""ACCEPTED"",""sample_index"":6,""state"":""RUNNING"",""state_before"":""RUNNING""}","{""active_raw_fault_sources"":[],""detected_faults"":[],""input_diagnostics"":[""encoder_no_accepted_advance_this_tick""],""latched_faults"":[],""reset_accepted"":false,""reset_reason"":"""",""reset_rejected"":false,""sample_index"":6}"
missing_encoder_n_minus_one_and_n,7,0,7,RUNNING,FAULT_LATCHED,True,True,False,True,0,6.0,5,3,2.0,0.0,False,False,False,0,ACCEPTED,STALE,ACCEPTED,encoder_no_accepted_advance_this_tick,ENCODER_STALE,ENCODER_STALE,,False,False,True,"{""motor_voltage_v"":0.0,""reason"":""sim_010_tick"",""relay_enable"":false,""sample_index"":7,""saturated"":false,""state"":""FAULT_LATCHED""}","{""encoder_liveness_established"":true,""encoder_stale_age_samples"":3,""relay_feedback_mismatch_samples"":0,""reset_accepted"":false,""reset_rejected"":false,""safe_output"":true,""sample_index"":7,""state"":""FAULT_LATCHED"",""supply_healthy"":true,""watchdog_missed_samples"":0}","{""command_disposition"":""ACCEPTED"",""command_saturated"":false,""encoder_disposition"":""STALE"",""encoder_position_rad"":0.0,""encoder_sequence"":5,""motor_command_v"":0.0,""relay_enable_command"":false,""relay_enable_feedback"":false,""requested_motor_voltage_v"":2.0,""safety_disposition"":""ACCEPTED"",""sample_index"":7,""state"":""FAULT_LATCHED"",""state_before"":""RUNNING""}","{""active_raw_fault_sources"":[],""detected_faults"":[""ENCODER_STALE""],""input_diagnostics"":[""encoder_no_accepted_advance_this_tick""],""latched_faults"":[""ENCODER_STALE""],""reset_accepted"":false,""reset_reason"":"""",""reset_rejected"":false,""sample_index"":7}"
duplicate_encoder,0,0,0,SAFE_STARTUP,SAFE_STARTUP,False,False,False,True,0,6.0,1,0,0.0,0.0,False,False,False,0,ACCEPTED,ACCEPTED,ACCEPTED,,,,,False,False,True,"{""motor_voltage_v"":0.0,""reason"":""sim_010_tick"",""relay_enable"":false,""sample_index"":0,""saturated"":false,""state"":""SAFE_STARTUP""}","{""encoder_liveness_established"":false,""encoder_stale_age_samples"":0,""relay_feedback_mismatch_samples"":0,""reset_accepted"":false,""reset_rejected"":false,""safe_output"":true,""sample_index"":0,""state"":""SAFE_STARTUP"",""supply_healthy"":true,""watchdog_missed_samples"":0}","{""command_disposition"":""ACCEPTED"",""command_saturated"":false,""encoder_disposition"":""ACCEPTED"",""encoder_position_rad"":0.0,""encoder_sequence"":1,""motor_command_v"":0.0,""relay_enable_command"":false,""relay_enable_feedback"":false,""requested_motor_voltage_v"":0.0,""safety_disposition"":""ACCEPTED"",""sample_index"":0,""state"":""SAFE_STARTUP"",""state_before"":""SAFE_STARTUP""}","{""active_raw_fault_sources"":[],""detected_faults"":[],""input_diagnostics"":[],""latched_faults"":[],""reset_accepted"":false,""reset_reason"":"""",""reset_rejected"":false,""sample_index"":0}"
duplicate_encoder,1,0,1,SAFE_STARTUP,SAFE_STARTUP,False,False,False,True,0,6.0,2,0,0.0,0.0,False,False,False,0,ACCEPTED,ACCEPTED,ACCEPTED,,,,,False,False,True,"{""motor_voltage_v"":0.0,""reason"":""sim_010_tick"",""relay_enable"":false,""sample_index"":1,""saturated"":false,""state"":""SAFE_STARTUP""}","{""encoder_liveness_established"":true,""encoder_stale_age_samples"":0,""relay_feedback_mismatch_samples"":0,""reset_accepted"":false,""reset_rejected"":false,""safe_output"":true,""sample_index"":1,""state"":""SAFE_STARTUP"",""supply_healthy"":true,""watchdog_missed_samples"":0}","{""command_disposition"":""ACCEPTED"",""command_saturated"":false,""encoder_disposition"":""ACCEPTED"",""encoder_position_rad"":0.0,""encoder_sequence"":2,""motor_command_v"":0.0,""relay_enable_command"":false,""relay_enable_feedback"":false,""requested_motor_voltage_v"":0.0,""safety_disposition"":""ACCEPTED"",""sample_index"":1,""state"":""SAFE_STARTUP"",""state_before"":""SAFE_STARTUP""}","{""active_raw_fault_sources"":[],""detected_faults"":[],""input_diagnostics"":[],""latched_faults"":[],""reset_accepted"":false,""reset_reason"":"""",""reset_rejected"":false,""sample_index"":1}"
duplicate_encoder,2,0,2,SAFE_STARTUP,READY,False,False,False,True,0,6.0,3,0,0.0,0.0,False,False,False,0,ACCEPTED,ACCEPTED,ACCEPTED,,,,,False,False,True,"{""motor_voltage_v"":0.0,""reason"":""sim_010_tick"",""relay_enable"":false,""sample_index"":2,""saturated"":false,""state"":""READY""}","{""encoder_liveness_established"":true,""encoder_stale_age_samples"":0,""relay_feedback_mismatch_samples"":0,""reset_accepted"":false,""reset_rejected"":false,""safe_output"":true,""sample_index"":2,""state"":""READY"",""supply_healthy"":true,""watchdog_missed_samples"":0}","{""command_disposition"":""ACCEPTED"",""command_saturated"":false,""encoder_disposition"":""ACCEPTED"",""encoder_position_rad"":0.0,""encoder_sequence"":3,""motor_command_v"":0.0,""relay_enable_command"":false,""relay_enable_feedback"":false,""requested_motor_voltage_v"":0.0,""safety_disposition"":""ACCEPTED"",""sample_index"":2,""state"":""READY"",""state_before"":""SAFE_STARTUP""}","{""active_raw_fault_sources"":[],""detected_faults"":[],""input_diagnostics"":[],""latched_faults"":[],""reset_accepted"":false,""reset_reason"":"""",""reset_rejected"":false,""sample_index"":2}"
duplicate_encoder,3,0,3,READY,READY,False,False,False,True,0,6.0,4,0,0.0,0.0,False,False,False,0,ACCEPTED,ACCEPTED,ACCEPTED,,,,,False,False,True,"{""motor_voltage_v"":0.0,""reason"":""sim_010_tick"",""relay_enable"":false,""sample_index"":3,""saturated"":false,""state"":""READY""}","{""encoder_liveness_established"":true,""encoder_stale_age_samples"":0,""relay_feedback_mismatch_samples"":0,""reset_accepted"":false,""reset_rejected"":false,""safe_output"":true,""sample_index"":3,""state"":""READY"",""supply_healthy"":true,""watchdog_missed_samples"":0}","{""command_disposition"":""ACCEPTED"",""command_saturated"":false,""encoder_disposition"":""ACCEPTED"",""encoder_position_rad"":0.0,""encoder_sequence"":4,""motor_command_v"":0.0,""relay_enable_command"":false,""relay_enable_feedback"":false,""requested_motor_voltage_v"":0.0,""safety_disposition"":""ACCEPTED"",""sample_index"":3,""state"":""READY"",""state_before"":""READY""}","{""active_raw_fault_sources"":[],""detected_faults"":[],""input_diagnostics"":[],""latched_faults"":[],""reset_accepted"":false,""reset_reason"":"""",""reset_rejected"":false,""sample_index"":3}"
duplicate_encoder,4,0,4,READY,RUNNING,True,True,False,True,0,6.0,5,0,2.0,2.0,False,True,True,0,ACCEPTED,ACCEPTED,ACCEPTED,,,,,False,False,False,"{""motor_voltage_v"":2.0,""reason"":""sim_010_tick"",""relay_enable"":true,""sample_index"":4,""saturated"":false,""state"":""RUNNING""}","{""encoder_liveness_established"":true,""encoder_stale_age_samples"":0,""relay_feedback_mismatch_samples"":0,""reset_accepted"":false,""reset_rejected"":false,""safe_output"":false,""sample_index"":4,""state"":""RUNNING"",""supply_healthy"":true,""watchdog_missed_samples"":0}","{""command_disposition"":""ACCEPTED"",""command_saturated"":false,""encoder_disposition"":""ACCEPTED"",""encoder_position_rad"":0.0,""encoder_sequence"":5,""motor_command_v"":2.0,""relay_enable_command"":true,""relay_enable_feedback"":true,""requested_motor_voltage_v"":2.0,""safety_disposition"":""ACCEPTED"",""sample_index"":4,""state"":""RUNNING"",""state_before"":""READY""}","{""active_raw_fault_sources"":[],""detected_faults"":[],""input_diagnostics"":[],""latched_faults"":[],""reset_accepted"":false,""reset_reason"":"""",""reset_rejected"":false,""sample_index"":4}"
duplicate_encoder,5,0,5,RUNNING,RUNNING,True,True,False,True,0,6.0,5,1,2.0,2.0,False,True,True,0,ACCEPTED,DUPLICATE,ACCEPTED,encoder_no_accepted_advance_this_tick,,,,False,False,False,"{""motor_voltage_v"":2.0,""reason"":""sim_010_tick"",""relay_enable"":true,""sample_index"":5,""saturated"":false,""state"":""RUNNING""}","{""encoder_liveness_established"":true,""encoder_stale_age_samples"":1,""relay_feedback_mismatch_samples"":0,""reset_accepted"":false,""reset_rejected"":false,""safe_output"":false,""sample_index"":5,""state"":""RUNNING"",""supply_healthy"":true,""watchdog_missed_samples"":0}","{""command_disposition"":""ACCEPTED"",""command_saturated"":false,""encoder_disposition"":""DUPLICATE"",""encoder_position_rad"":0.0,""encoder_sequence"":5,""motor_command_v"":2.0,""relay_enable_command"":true,""relay_enable_feedback"":true,""requested_motor_voltage_v"":2.0,""safety_disposition"":""ACCEPTED"",""sample_index"":5,""state"":""RUNNING"",""state_before"":""RUNNING""}","{""active_raw_fault_sources"":[],""detected_faults"":[],""input_diagnostics"":[""encoder_no_accepted_advance_this_tick""],""latched_faults"":[],""reset_accepted"":false,""reset_reason"":"""",""reset_rejected"":false,""sample_index"":5}"
duplicate_encoder,6,0,6,RUNNING,RUNNING,True,True,False,True,0,6.0,5,2,2.0,2.0,False,True,True,0,ACCEPTED,DUPLICATE,ACCEPTED,encoder_no_accepted_advance_this_tick,,,,False,False,False,"{""motor_voltage_v"":2.0,""reason"":""sim_010_tick"",""relay_enable"":true,""sample_index"":6,""saturated"":false,""state"":""RUNNING""}","{""encoder_liveness_established"":true,""encoder_stale_age_samples"":2,""relay_feedback_mismatch_samples"":0,""reset_accepted"":false,""reset_rejected"":false,""safe_output"":false,""sample_index"":6,""state"":""RUNNING"",""supply_healthy"":true,""watchdog_missed_samples"":0}","{""command_disposition"":""ACCEPTED"",""command_saturated"":false,""encoder_disposition"":""DUPLICATE"",""encoder_position_rad"":0.0,""encoder_sequence"":5,""motor_command_v"":2.0,""relay_enable_command"":true,""relay_enable_feedback"":true,""requested_motor_voltage_v"":2.0,""safety_disposition"":""ACCEPTED"",""sample_index"":6,""state"":""RUNNING"",""state_before"":""RUNNING""}","{""active_raw_fault_sources"":[],""detected_faults"":[],""input_diagnostics"":[""encoder_no_accepted_advance_this_tick""],""latched_faults"":[],""reset_accepted"":false,""reset_reason"":"""",""reset_rejected"":false,""sample_index"":6}"
duplicate_encoder,7,0,7,RUNNING,FAULT_LATCHED,True,True,False,True,0,6.0,5,3,2.0,0.0,False,False,False,0,ACCEPTED,DUPLICATE,ACCEPTED,encoder_no_accepted_advance_this_tick,ENCODER_STALE,ENCODER_STALE,,False,False,True,"{""motor_voltage_v"":0.0,""reason"":""sim_010_tick"",""relay_enable"":false,""sample_index"":7,""saturated"":false,""state"":""FAULT_LATCHED""}","{""encoder_liveness_established"":true,""encoder_stale_age_samples"":3,""relay_feedback_mismatch_samples"":0,""reset_accepted"":false,""reset_rejected"":false,""safe_output"":true,""sample_index"":7,""state"":""FAULT_LATCHED"",""supply_healthy"":true,""watchdog_missed_samples"":0}","{""command_disposition"":""ACCEPTED"",""command_saturated"":false,""encoder_disposition"":""DUPLICATE"",""encoder_position_rad"":0.0,""encoder_sequence"":5,""motor_command_v"":0.0,""relay_enable_command"":false,""relay_enable_feedback"":false,""requested_motor_voltage_v"":2.0,""safety_disposition"":""ACCEPTED"",""sample_index"":7,""state"":""FAULT_LATCHED"",""state_before"":""RUNNING""}","{""active_raw_fault_sources"":[],""detected_faults"":[""ENCODER_STALE""],""input_diagnostics"":[""encoder_no_accepted_advance_this_tick""],""latched_faults"":[""ENCODER_STALE""],""reset_accepted"":false,""reset_reason"":"""",""reset_rejected"":false,""sample_index"":7}"
out_of_order_encoder,0,0,0,SAFE_STARTUP,SAFE_STARTUP,False,False,False,True,0,6.0,1,0,0.0,0.0,False,False,False,0,ACCEPTED,ACCEPTED,ACCEPTED,,,,,False,False,True,"{""motor_voltage_v"":0.0,""reason"":""sim_010_tick"",""relay_enable"":false,""sample_index"":0,""saturated"":false,""state"":""SAFE_STARTUP""}","{""encoder_liveness_established"":false,""encoder_stale_age_samples"":0,""relay_feedback_mismatch_samples"":0,""reset_accepted"":false,""reset_rejected"":false,""safe_output"":true,""sample_index"":0,""state"":""SAFE_STARTUP"",""supply_healthy"":true,""watchdog_missed_samples"":0}","{""command_disposition"":""ACCEPTED"",""command_saturated"":false,""encoder_disposition"":""ACCEPTED"",""encoder_position_rad"":0.0,""encoder_sequence"":1,""motor_command_v"":0.0,""relay_enable_command"":false,""relay_enable_feedback"":false,""requested_motor_voltage_v"":0.0,""safety_disposition"":""ACCEPTED"",""sample_index"":0,""state"":""SAFE_STARTUP"",""state_before"":""SAFE_STARTUP""}","{""active_raw_fault_sources"":[],""detected_faults"":[],""input_diagnostics"":[],""latched_faults"":[],""reset_accepted"":false,""reset_reason"":"""",""reset_rejected"":false,""sample_index"":0}"
out_of_order_encoder,1,0,1,SAFE_STARTUP,SAFE_STARTUP,False,False,False,True,0,6.0,2,0,0.0,0.0,False,False,False,0,ACCEPTED,ACCEPTED,ACCEPTED,,,,,False,False,True,"{""motor_voltage_v"":0.0,""reason"":""sim_010_tick"",""relay_enable"":false,""sample_index"":1,""saturated"":false,""state"":""SAFE_STARTUP""}","{""encoder_liveness_established"":true,""encoder_stale_age_samples"":0,""relay_feedback_mismatch_samples"":0,""reset_accepted"":false,""reset_rejected"":false,""safe_output"":true,""sample_index"":1,""state"":""SAFE_STARTUP"",""supply_healthy"":true,""watchdog_missed_samples"":0}","{""command_disposition"":""ACCEPTED"",""command_saturated"":false,""encoder_disposition"":""ACCEPTED"",""encoder_position_rad"":0.0,""encoder_sequence"":2,""motor_command_v"":0.0,""relay_enable_command"":false,""relay_enable_feedback"":false,""requested_motor_voltage_v"":0.0,""safety_disposition"":""ACCEPTED"",""sample_index"":1,""state"":""SAFE_STARTUP"",""state_before"":""SAFE_STARTUP""}","{""active_raw_fault_sources"":[],""detected_faults"":[],""input_diagnostics"":[],""latched_faults"":[],""reset_accepted"":false,""reset_reason"":"""",""reset_rejected"":false,""sample_index"":1}"
out_of_order_encoder,2,0,2,SAFE_STARTUP,READY,False,False,False,True,0,6.0,3,0,0.0,0.0,False,False,False,0,ACCEPTED,ACCEPTED,ACCEPTED,,,,,False,False,True,"{""motor_voltage_v"":0.0,""reason"":""sim_010_tick"",""relay_enable"":false,""sample_index"":2,""saturated"":false,""state"":""READY""}","{""encoder_liveness_established"":true,""encoder_stale_age_samples"":0,""relay_feedback_mismatch_samples"":0,""reset_accepted"":false,""reset_rejected"":false,""safe_output"":true,""sample_index"":2,""state"":""READY"",""supply_healthy"":true,""watchdog_missed_samples"":0}","{""command_disposition"":""ACCEPTED"",""command_saturated"":false,""encoder_disposition"":""ACCEPTED"",""encoder_position_rad"":0.0,""encoder_sequence"":3,""motor_command_v"":0.0,""relay_enable_command"":false,""relay_enable_feedback"":false,""requested_motor_voltage_v"":0.0,""safety_disposition"":""ACCEPTED"",""sample_index"":2,""state"":""READY"",""state_before"":""SAFE_STARTUP""}","{""active_raw_fault_sources"":[],""detected_faults"":[],""input_diagnostics"":[],""latched_faults"":[],""reset_accepted"":false,""reset_reason"":"""",""reset_rejected"":false,""sample_index"":2}"
out_of_order_encoder,3,0,3,READY,READY,False,False,False,True,0,6.0,4,0,0.0,0.0,False,False,False,0,ACCEPTED,ACCEPTED,ACCEPTED,,,,,False,False,True,"{""motor_voltage_v"":0.0,""reason"":""sim_010_tick"",""relay_enable"":false,""sample_index"":3,""saturated"":false,""state"":""READY""}","{""encoder_liveness_established"":true,""encoder_stale_age_samples"":0,""relay_feedback_mismatch_samples"":0,""reset_accepted"":false,""reset_rejected"":false,""safe_output"":true,""sample_index"":3,""state"":""READY"",""supply_healthy"":true,""watchdog_missed_samples"":0}","{""command_disposition"":""ACCEPTED"",""command_saturated"":false,""encoder_disposition"":""ACCEPTED"",""encoder_position_rad"":0.0,""encoder_sequence"":4,""motor_command_v"":0.0,""relay_enable_command"":false,""relay_enable_feedback"":false,""requested_motor_voltage_v"":0.0,""safety_disposition"":""ACCEPTED"",""sample_index"":3,""state"":""READY"",""state_before"":""READY""}","{""active_raw_fault_sources"":[],""detected_faults"":[],""input_diagnostics"":[],""latched_faults"":[],""reset_accepted"":false,""reset_reason"":"""",""reset_rejected"":false,""sample_index"":3}"
out_of_order_encoder,4,0,4,READY,RUNNING,True,True,False,True,0,6.0,5,0,2.0,2.0,False,True,True,0,ACCEPTED,ACCEPTED,ACCEPTED,,,,,False,False,False,"{""motor_voltage_v"":2.0,""reason"":""sim_010_tick"",""relay_enable"":true,""sample_index"":4,""saturated"":false,""state"":""RUNNING""}","{""encoder_liveness_established"":true,""encoder_stale_age_samples"":0,""relay_feedback_mismatch_samples"":0,""reset_accepted"":false,""reset_rejected"":false,""safe_output"":false,""sample_index"":4,""state"":""RUNNING"",""supply_healthy"":true,""watchdog_missed_samples"":0}","{""command_disposition"":""ACCEPTED"",""command_saturated"":false,""encoder_disposition"":""ACCEPTED"",""encoder_position_rad"":0.0,""encoder_sequence"":5,""motor_command_v"":2.0,""relay_enable_command"":true,""relay_enable_feedback"":true,""requested_motor_voltage_v"":2.0,""safety_disposition"":""ACCEPTED"",""sample_index"":4,""state"":""RUNNING"",""state_before"":""READY""}","{""active_raw_fault_sources"":[],""detected_faults"":[],""input_diagnostics"":[],""latched_faults"":[],""reset_accepted"":false,""reset_reason"":"""",""reset_rejected"":false,""sample_index"":4}"
out_of_order_encoder,5,0,5,RUNNING,FAULT_LATCHED,True,True,False,True,0,6.0,5,0,2.0,0.0,False,False,False,0,ACCEPTED,OUT_OF_ORDER,ACCEPTED,encoder_protocol_invalid|encoder_no_accepted_advance_this_tick,ENCODER_INVALID,ENCODER_INVALID,,False,False,True,"{""motor_voltage_v"":0.0,""reason"":""sim_010_tick"",""relay_enable"":false,""sample_index"":5,""saturated"":false,""state"":""FAULT_LATCHED""}","{""encoder_liveness_established"":true,""encoder_stale_age_samples"":0,""relay_feedback_mismatch_samples"":0,""reset_accepted"":false,""reset_rejected"":false,""safe_output"":true,""sample_index"":5,""state"":""FAULT_LATCHED"",""supply_healthy"":true,""watchdog_missed_samples"":0}","{""command_disposition"":""ACCEPTED"",""command_saturated"":false,""encoder_disposition"":""OUT_OF_ORDER"",""encoder_position_rad"":0.0,""encoder_sequence"":5,""motor_command_v"":0.0,""relay_enable_command"":false,""relay_enable_feedback"":false,""requested_motor_voltage_v"":2.0,""safety_disposition"":""ACCEPTED"",""sample_index"":5,""state"":""FAULT_LATCHED"",""state_before"":""RUNNING""}","{""active_raw_fault_sources"":[],""detected_faults"":[""ENCODER_INVALID""],""input_diagnostics"":[""encoder_protocol_invalid"",""encoder_no_accepted_advance_this_tick""],""latched_faults"":[""ENCODER_INVALID""],""reset_accepted"":false,""reset_reason"":"""",""reset_rejected"":false,""sample_index"":5}"
encoder_failure,0,0,0,SAFE_STARTUP,SAFE_STARTUP,False,False,False,True,0,6.0,1,0,0.0,0.0,False,False,False,0,ACCEPTED,ACCEPTED,ACCEPTED,,,,,False,False,True,"{""motor_voltage_v"":0.0,""reason"":""sim_010_tick"",""relay_enable"":false,""sample_index"":0,""saturated"":false,""state"":""SAFE_STARTUP""}","{""encoder_liveness_established"":false,""encoder_stale_age_samples"":0,""relay_feedback_mismatch_samples"":0,""reset_accepted"":false,""reset_rejected"":false,""safe_output"":true,""sample_index"":0,""state"":""SAFE_STARTUP"",""supply_healthy"":true,""watchdog_missed_samples"":0}","{""command_disposition"":""ACCEPTED"",""command_saturated"":false,""encoder_disposition"":""ACCEPTED"",""encoder_position_rad"":0.0,""encoder_sequence"":1,""motor_command_v"":0.0,""relay_enable_command"":false,""relay_enable_feedback"":false,""requested_motor_voltage_v"":0.0,""safety_disposition"":""ACCEPTED"",""sample_index"":0,""state"":""SAFE_STARTUP"",""state_before"":""SAFE_STARTUP""}","{""active_raw_fault_sources"":[],""detected_faults"":[],""input_diagnostics"":[],""latched_faults"":[],""reset_accepted"":false,""reset_reason"":"""",""reset_rejected"":false,""sample_index"":0}"
encoder_failure,1,0,1,SAFE_STARTUP,SAFE_STARTUP,False,False,False,True,0,6.0,2,0,0.0,0.0,False,False,False,0,ACCEPTED,ACCEPTED,ACCEPTED,,,,,False,False,True,"{""motor_voltage_v"":0.0,""reason"":""sim_010_tick"",""relay_enable"":false,""sample_index"":1,""saturated"":false,""state"":""SAFE_STARTUP""}","{""encoder_liveness_established"":true,""encoder_stale_age_samples"":0,""relay_feedback_mismatch_samples"":0,""reset_accepted"":false,""reset_rejected"":false,""safe_output"":true,""sample_index"":1,""state"":""SAFE_STARTUP"",""supply_healthy"":true,""watchdog_missed_samples"":0}","{""command_disposition"":""ACCEPTED"",""command_saturated"":false,""encoder_disposition"":""ACCEPTED"",""encoder_position_rad"":0.0,""encoder_sequence"":2,""motor_command_v"":0.0,""relay_enable_command"":false,""relay_enable_feedback"":false,""requested_motor_voltage_v"":0.0,""safety_disposition"":""ACCEPTED"",""sample_index"":1,""state"":""SAFE_STARTUP"",""state_before"":""SAFE_STARTUP""}","{""active_raw_fault_sources"":[],""detected_faults"":[],""input_diagnostics"":[],""latched_faults"":[],""reset_accepted"":false,""reset_reason"":"""",""reset_rejected"":false,""sample_index"":1}"
encoder_failure,2,0,2,SAFE_STARTUP,READY,False,False,False,True,0,6.0,3,0,0.0,0.0,False,False,False,0,ACCEPTED,ACCEPTED,ACCEPTED,,,,,False,False,True,"{""motor_voltage_v"":0.0,""reason"":""sim_010_tick"",""relay_enable"":false,""sample_index"":2,""saturated"":false,""state"":""READY""}","{""encoder_liveness_established"":true,""encoder_stale_age_samples"":0,""relay_feedback_mismatch_samples"":0,""reset_accepted"":false,""reset_rejected"":false,""safe_output"":true,""sample_index"":2,""state"":""READY"",""supply_healthy"":true,""watchdog_missed_samples"":0}","{""command_disposition"":""ACCEPTED"",""command_saturated"":false,""encoder_disposition"":""ACCEPTED"",""encoder_position_rad"":0.0,""encoder_sequence"":3,""motor_command_v"":0.0,""relay_enable_command"":false,""relay_enable_feedback"":false,""requested_motor_voltage_v"":0.0,""safety_disposition"":""ACCEPTED"",""sample_index"":2,""state"":""READY"",""state_before"":""SAFE_STARTUP""}","{""active_raw_fault_sources"":[],""detected_faults"":[],""input_diagnostics"":[],""latched_faults"":[],""reset_accepted"":false,""reset_reason"":"""",""reset_rejected"":false,""sample_index"":2}"
encoder_failure,3,0,3,READY,READY,False,False,False,True,0,6.0,4,0,0.0,0.0,False,False,False,0,ACCEPTED,ACCEPTED,ACCEPTED,,,,,False,False,True,"{""motor_voltage_v"":0.0,""reason"":""sim_010_tick"",""relay_enable"":false,""sample_index"":3,""saturated"":false,""state"":""READY""}","{""encoder_liveness_established"":true,""encoder_stale_age_samples"":0,""relay_feedback_mismatch_samples"":0,""reset_accepted"":false,""reset_rejected"":false,""safe_output"":true,""sample_index"":3,""state"":""READY"",""supply_healthy"":true,""watchdog_missed_samples"":0}","{""command_disposition"":""ACCEPTED"",""command_saturated"":false,""encoder_disposition"":""ACCEPTED"",""encoder_position_rad"":0.0,""encoder_sequence"":4,""motor_command_v"":0.0,""relay_enable_command"":false,""relay_enable_feedback"":false,""requested_motor_voltage_v"":0.0,""safety_disposition"":""ACCEPTED"",""sample_index"":3,""state"":""READY"",""state_before"":""READY""}","{""active_raw_fault_sources"":[],""detected_faults"":[],""input_diagnostics"":[],""latched_faults"":[],""reset_accepted"":false,""reset_reason"":"""",""reset_rejected"":false,""sample_index"":3}"
encoder_failure,4,0,4,READY,RUNNING,True,True,False,True,0,6.0,5,0,2.0,2.0,False,True,True,0,ACCEPTED,ACCEPTED,ACCEPTED,,,,,False,False,False,"{""motor_voltage_v"":2.0,""reason"":""sim_010_tick"",""relay_enable"":true,""sample_index"":4,""saturated"":false,""state"":""RUNNING""}","{""encoder_liveness_established"":true,""encoder_stale_age_samples"":0,""relay_feedback_mismatch_samples"":0,""reset_accepted"":false,""reset_rejected"":false,""safe_output"":false,""sample_index"":4,""state"":""RUNNING"",""supply_healthy"":true,""watchdog_missed_samples"":0}","{""command_disposition"":""ACCEPTED"",""command_saturated"":false,""encoder_disposition"":""ACCEPTED"",""encoder_position_rad"":0.0,""encoder_sequence"":5,""motor_command_v"":2.0,""relay_enable_command"":true,""relay_enable_feedback"":true,""requested_motor_voltage_v"":2.0,""safety_disposition"":""ACCEPTED"",""sample_index"":4,""state"":""RUNNING"",""state_before"":""READY""}","{""active_raw_fault_sources"":[],""detected_faults"":[],""input_diagnostics"":[],""latched_faults"":[],""reset_accepted"":false,""reset_reason"":"""",""reset_rejected"":false,""sample_index"":4}"
encoder_failure,5,0,5,RUNNING,FAULT_LATCHED,True,True,False,True,0,6.0,6,0,2.0,0.0,False,False,False,0,ACCEPTED,ACCEPTED,ACCEPTED,,ENCODER_FAILURE,ENCODER_FAILURE,,False,False,True,"{""motor_voltage_v"":0.0,""reason"":""sim_010_tick"",""relay_enable"":false,""sample_index"":5,""saturated"":false,""state"":""FAULT_LATCHED""}","{""encoder_liveness_established"":true,""encoder_stale_age_samples"":0,""relay_feedback_mismatch_samples"":0,""reset_accepted"":false,""reset_rejected"":false,""safe_output"":true,""sample_index"":5,""state"":""FAULT_LATCHED"",""supply_healthy"":true,""watchdog_missed_samples"":0}","{""command_disposition"":""ACCEPTED"",""command_saturated"":false,""encoder_disposition"":""ACCEPTED"",""encoder_position_rad"":0.0,""encoder_sequence"":6,""motor_command_v"":0.0,""relay_enable_command"":false,""relay_enable_feedback"":false,""requested_motor_voltage_v"":2.0,""safety_disposition"":""ACCEPTED"",""sample_index"":5,""state"":""FAULT_LATCHED"",""state_before"":""RUNNING""}","{""active_raw_fault_sources"":[],""detected_faults"":[""ENCODER_FAILURE""],""input_diagnostics"":[],""latched_faults"":[""ENCODER_FAILURE""],""reset_accepted"":false,""reset_reason"":"""",""reset_rejected"":false,""sample_index"":5}"
relay_feedback_n_minus_one_and_n,0,0,0,SAFE_STARTUP,SAFE_STARTUP,False,False,False,True,0,6.0,1,0,0.0,0.0,False,False,False,0,ACCEPTED,ACCEPTED,ACCEPTED,,,,,False,False,True,"{""motor_voltage_v"":0.0,""reason"":""sim_010_tick"",""relay_enable"":false,""sample_index"":0,""saturated"":false,""state"":""SAFE_STARTUP""}","{""encoder_liveness_established"":false,""encoder_stale_age_samples"":0,""relay_feedback_mismatch_samples"":0,""reset_accepted"":false,""reset_rejected"":false,""safe_output"":true,""sample_index"":0,""state"":""SAFE_STARTUP"",""supply_healthy"":true,""watchdog_missed_samples"":0}","{""command_disposition"":""ACCEPTED"",""command_saturated"":false,""encoder_disposition"":""ACCEPTED"",""encoder_position_rad"":0.0,""encoder_sequence"":1,""motor_command_v"":0.0,""relay_enable_command"":false,""relay_enable_feedback"":false,""requested_motor_voltage_v"":0.0,""safety_disposition"":""ACCEPTED"",""sample_index"":0,""state"":""SAFE_STARTUP"",""state_before"":""SAFE_STARTUP""}","{""active_raw_fault_sources"":[],""detected_faults"":[],""input_diagnostics"":[],""latched_faults"":[],""reset_accepted"":false,""reset_reason"":"""",""reset_rejected"":false,""sample_index"":0}"
relay_feedback_n_minus_one_and_n,1,0,1,SAFE_STARTUP,SAFE_STARTUP,False,False,False,True,0,6.0,2,0,0.0,0.0,False,False,False,0,ACCEPTED,ACCEPTED,ACCEPTED,,,,,False,False,True,"{""motor_voltage_v"":0.0,""reason"":""sim_010_tick"",""relay_enable"":false,""sample_index"":1,""saturated"":false,""state"":""SAFE_STARTUP""}","{""encoder_liveness_established"":true,""encoder_stale_age_samples"":0,""relay_feedback_mismatch_samples"":0,""reset_accepted"":false,""reset_rejected"":false,""safe_output"":true,""sample_index"":1,""state"":""SAFE_STARTUP"",""supply_healthy"":true,""watchdog_missed_samples"":0}","{""command_disposition"":""ACCEPTED"",""command_saturated"":false,""encoder_disposition"":""ACCEPTED"",""encoder_position_rad"":0.0,""encoder_sequence"":2,""motor_command_v"":0.0,""relay_enable_command"":false,""relay_enable_feedback"":false,""requested_motor_voltage_v"":0.0,""safety_disposition"":""ACCEPTED"",""sample_index"":1,""state"":""SAFE_STARTUP"",""state_before"":""SAFE_STARTUP""}","{""active_raw_fault_sources"":[],""detected_faults"":[],""input_diagnostics"":[],""latched_faults"":[],""reset_accepted"":false,""reset_reason"":"""",""reset_rejected"":false,""sample_index"":1}"
relay_feedback_n_minus_one_and_n,2,0,2,SAFE_STARTUP,READY,False,False,False,True,0,6.0,3,0,0.0,0.0,False,False,False,0,ACCEPTED,ACCEPTED,ACCEPTED,,,,,False,False,True,"{""motor_voltage_v"":0.0,""reason"":""sim_010_tick"",""relay_enable"":false,""sample_index"":2,""saturated"":false,""state"":""READY""}","{""encoder_liveness_established"":true,""encoder_stale_age_samples"":0,""relay_feedback_mismatch_samples"":0,""reset_accepted"":false,""reset_rejected"":false,""safe_output"":true,""sample_index"":2,""state"":""READY"",""supply_healthy"":true,""watchdog_missed_samples"":0}","{""command_disposition"":""ACCEPTED"",""command_saturated"":false,""encoder_disposition"":""ACCEPTED"",""encoder_position_rad"":0.0,""encoder_sequence"":3,""motor_command_v"":0.0,""relay_enable_command"":false,""relay_enable_feedback"":false,""requested_motor_voltage_v"":0.0,""safety_disposition"":""ACCEPTED"",""sample_index"":2,""state"":""READY"",""state_before"":""SAFE_STARTUP""}","{""active_raw_fault_sources"":[],""detected_faults"":[],""input_diagnostics"":[],""latched_faults"":[],""reset_accepted"":false,""reset_reason"":"""",""reset_rejected"":false,""sample_index"":2}"
relay_feedback_n_minus_one_and_n,3,0,3,READY,READY,False,False,False,True,0,6.0,4,0,0.0,0.0,False,False,False,0,ACCEPTED,ACCEPTED,ACCEPTED,,,,,False,False,True,"{""motor_voltage_v"":0.0,""reason"":""sim_010_tick"",""relay_enable"":false,""sample_index"":3,""saturated"":false,""state"":""READY""}","{""encoder_liveness_established"":true,""encoder_stale_age_samples"":0,""relay_feedback_mismatch_samples"":0,""reset_accepted"":false,""reset_rejected"":false,""safe_output"":true,""sample_index"":3,""state"":""READY"",""supply_healthy"":true,""watchdog_missed_samples"":0}","{""command_disposition"":""ACCEPTED"",""command_saturated"":false,""encoder_disposition"":""ACCEPTED"",""encoder_position_rad"":0.0,""encoder_sequence"":4,""motor_command_v"":0.0,""relay_enable_command"":false,""relay_enable_feedback"":false,""requested_motor_voltage_v"":0.0,""safety_disposition"":""ACCEPTED"",""sample_index"":3,""state"":""READY"",""state_before"":""READY""}","{""active_raw_fault_sources"":[],""detected_faults"":[],""input_diagnostics"":[],""latched_faults"":[],""reset_accepted"":false,""reset_reason"":"""",""reset_rejected"":false,""sample_index"":3}"
relay_feedback_n_minus_one_and_n,4,0,4,READY,RUNNING,True,True,False,True,0,6.0,5,0,2.0,2.0,False,True,True,0,ACCEPTED,ACCEPTED,ACCEPTED,,,,,False,False,False,"{""motor_voltage_v"":2.0,""reason"":""sim_010_tick"",""relay_enable"":true,""sample_index"":4,""saturated"":false,""state"":""RUNNING""}","{""encoder_liveness_established"":true,""encoder_stale_age_samples"":0,""relay_feedback_mismatch_samples"":0,""reset_accepted"":false,""reset_rejected"":false,""safe_output"":false,""sample_index"":4,""state"":""RUNNING"",""supply_healthy"":true,""watchdog_missed_samples"":0}","{""command_disposition"":""ACCEPTED"",""command_saturated"":false,""encoder_disposition"":""ACCEPTED"",""encoder_position_rad"":0.0,""encoder_sequence"":5,""motor_command_v"":2.0,""relay_enable_command"":true,""relay_enable_feedback"":true,""requested_motor_voltage_v"":2.0,""safety_disposition"":""ACCEPTED"",""sample_index"":4,""state"":""RUNNING"",""state_before"":""READY""}","{""active_raw_fault_sources"":[],""detected_faults"":[],""input_diagnostics"":[],""latched_faults"":[],""reset_accepted"":false,""reset_reason"":"""",""reset_rejected"":false,""sample_index"":4}"
relay_feedback_n_minus_one_and_n,5,0,5,RUNNING,RUNNING,True,True,False,True,0,6.0,6,0,2.0,0.0,False,True,False,1,ACCEPTED,ACCEPTED,ACCEPTED,,,,RELAY_FEEDBACK_FAILURE,False,False,False,"{""motor_voltage_v"":0.0,""reason"":""sim_010_tick"",""relay_enable"":true,""sample_index"":5,""saturated"":false,""state"":""RUNNING""}","{""encoder_liveness_established"":true,""encoder_stale_age_samples"":0,""relay_feedback_mismatch_samples"":1,""reset_accepted"":false,""reset_rejected"":false,""safe_output"":false,""sample_index"":5,""state"":""RUNNING"",""supply_healthy"":true,""watchdog_missed_samples"":0}","{""command_disposition"":""ACCEPTED"",""command_saturated"":false,""encoder_disposition"":""ACCEPTED"",""encoder_position_rad"":0.0,""encoder_sequence"":6,""motor_command_v"":0.0,""relay_enable_command"":true,""relay_enable_feedback"":false,""requested_motor_voltage_v"":2.0,""safety_disposition"":""ACCEPTED"",""sample_index"":5,""state"":""RUNNING"",""state_before"":""RUNNING""}","{""active_raw_fault_sources"":[""RELAY_FEEDBACK_FAILURE""],""detected_faults"":[],""input_diagnostics"":[],""latched_faults"":[],""reset_accepted"":false,""reset_reason"":"""",""reset_rejected"":false,""sample_index"":5}"
relay_feedback_n_minus_one_and_n,6,0,6,RUNNING,FAULT_LATCHED,True,True,False,True,0,6.0,7,0,2.0,0.0,False,False,False,2,ACCEPTED,ACCEPTED,ACCEPTED,,RELAY_FEEDBACK_FAILURE,RELAY_FEEDBACK_FAILURE,RELAY_FEEDBACK_FAILURE,False,False,True,"{""motor_voltage_v"":0.0,""reason"":""sim_010_tick"",""relay_enable"":false,""sample_index"":6,""saturated"":false,""state"":""FAULT_LATCHED""}","{""encoder_liveness_established"":true,""encoder_stale_age_samples"":0,""relay_feedback_mismatch_samples"":2,""reset_accepted"":false,""reset_rejected"":false,""safe_output"":true,""sample_index"":6,""state"":""FAULT_LATCHED"",""supply_healthy"":true,""watchdog_missed_samples"":0}","{""command_disposition"":""ACCEPTED"",""command_saturated"":false,""encoder_disposition"":""ACCEPTED"",""encoder_position_rad"":0.0,""encoder_sequence"":7,""motor_command_v"":0.0,""relay_enable_command"":false,""relay_enable_feedback"":false,""requested_motor_voltage_v"":2.0,""safety_disposition"":""ACCEPTED"",""sample_index"":6,""state"":""FAULT_LATCHED"",""state_before"":""RUNNING""}","{""active_raw_fault_sources"":[""RELAY_FEEDBACK_FAILURE""],""detected_faults"":[""RELAY_FEEDBACK_FAILURE""],""input_diagnostics"":[],""latched_faults"":[""RELAY_FEEDBACK_FAILURE""],""reset_accepted"":false,""reset_reason"":"""",""reset_rejected"":false,""sample_index"":6}"
undervoltage,0,0,0,SAFE_STARTUP,SAFE_STARTUP,False,False,False,True,0,6.0,1,0,0.0,0.0,False,False,False,0,ACCEPTED,ACCEPTED,ACCEPTED,,,,,False,False,True,"{""motor_voltage_v"":0.0,""reason"":""sim_010_tick"",""relay_enable"":false,""sample_index"":0,""saturated"":false,""state"":""SAFE_STARTUP""}","{""encoder_liveness_established"":false,""encoder_stale_age_samples"":0,""relay_feedback_mismatch_samples"":0,""reset_accepted"":false,""reset_rejected"":false,""safe_output"":true,""sample_index"":0,""state"":""SAFE_STARTUP"",""supply_healthy"":true,""watchdog_missed_samples"":0}","{""command_disposition"":""ACCEPTED"",""command_saturated"":false,""encoder_disposition"":""ACCEPTED"",""encoder_position_rad"":0.0,""encoder_sequence"":1,""motor_command_v"":0.0,""relay_enable_command"":false,""relay_enable_feedback"":false,""requested_motor_voltage_v"":0.0,""safety_disposition"":""ACCEPTED"",""sample_index"":0,""state"":""SAFE_STARTUP"",""state_before"":""SAFE_STARTUP""}","{""active_raw_fault_sources"":[],""detected_faults"":[],""input_diagnostics"":[],""latched_faults"":[],""reset_accepted"":false,""reset_reason"":"""",""reset_rejected"":false,""sample_index"":0}"
undervoltage,1,0,1,SAFE_STARTUP,SAFE_STARTUP,False,False,False,True,0,6.0,2,0,0.0,0.0,False,False,False,0,ACCEPTED,ACCEPTED,ACCEPTED,,,,,False,False,True,"{""motor_voltage_v"":0.0,""reason"":""sim_010_tick"",""relay_enable"":false,""sample_index"":1,""saturated"":false,""state"":""SAFE_STARTUP""}","{""encoder_liveness_established"":true,""encoder_stale_age_samples"":0,""relay_feedback_mismatch_samples"":0,""reset_accepted"":false,""reset_rejected"":false,""safe_output"":true,""sample_index"":1,""state"":""SAFE_STARTUP"",""supply_healthy"":true,""watchdog_missed_samples"":0}","{""command_disposition"":""ACCEPTED"",""command_saturated"":false,""encoder_disposition"":""ACCEPTED"",""encoder_position_rad"":0.0,""encoder_sequence"":2,""motor_command_v"":0.0,""relay_enable_command"":false,""relay_enable_feedback"":false,""requested_motor_voltage_v"":0.0,""safety_disposition"":""ACCEPTED"",""sample_index"":1,""state"":""SAFE_STARTUP"",""state_before"":""SAFE_STARTUP""}","{""active_raw_fault_sources"":[],""detected_faults"":[],""input_diagnostics"":[],""latched_faults"":[],""reset_accepted"":false,""reset_reason"":"""",""reset_rejected"":false,""sample_index"":1}"
undervoltage,2,0,2,SAFE_STARTUP,READY,False,False,False,True,0,6.0,3,0,0.0,0.0,False,False,False,0,ACCEPTED,ACCEPTED,ACCEPTED,,,,,False,False,True,"{""motor_voltage_v"":0.0,""reason"":""sim_010_tick"",""relay_enable"":false,""sample_index"":2,""saturated"":false,""state"":""READY""}","{""encoder_liveness_established"":true,""encoder_stale_age_samples"":0,""relay_feedback_mismatch_samples"":0,""reset_accepted"":false,""reset_rejected"":false,""safe_output"":true,""sample_index"":2,""state"":""READY"",""supply_healthy"":true,""watchdog_missed_samples"":0}","{""command_disposition"":""ACCEPTED"",""command_saturated"":false,""encoder_disposition"":""ACCEPTED"",""encoder_position_rad"":0.0,""encoder_sequence"":3,""motor_command_v"":0.0,""relay_enable_command"":false,""relay_enable_feedback"":false,""requested_motor_voltage_v"":0.0,""safety_disposition"":""ACCEPTED"",""sample_index"":2,""state"":""READY"",""state_before"":""SAFE_STARTUP""}","{""active_raw_fault_sources"":[],""detected_faults"":[],""input_diagnostics"":[],""latched_faults"":[],""reset_accepted"":false,""reset_reason"":"""",""reset_rejected"":false,""sample_index"":2}"
undervoltage,3,0,3,READY,READY,False,False,False,True,0,6.0,4,0,0.0,0.0,False,False,False,0,ACCEPTED,ACCEPTED,ACCEPTED,,,,,False,False,True,"{""motor_voltage_v"":0.0,""reason"":""sim_010_tick"",""relay_enable"":false,""sample_index"":3,""saturated"":false,""state"":""READY""}","{""encoder_liveness_established"":true,""encoder_stale_age_samples"":0,""relay_feedback_mismatch_samples"":0,""reset_accepted"":false,""reset_rejected"":false,""safe_output"":true,""sample_index"":3,""state"":""READY"",""supply_healthy"":true,""watchdog_missed_samples"":0}","{""command_disposition"":""ACCEPTED"",""command_saturated"":false,""encoder_disposition"":""ACCEPTED"",""encoder_position_rad"":0.0,""encoder_sequence"":4,""motor_command_v"":0.0,""relay_enable_command"":false,""relay_enable_feedback"":false,""requested_motor_voltage_v"":0.0,""safety_disposition"":""ACCEPTED"",""sample_index"":3,""state"":""READY"",""state_before"":""READY""}","{""active_raw_fault_sources"":[],""detected_faults"":[],""input_diagnostics"":[],""latched_faults"":[],""reset_accepted"":false,""reset_reason"":"""",""reset_rejected"":false,""sample_index"":3}"
undervoltage,4,0,4,READY,RUNNING,True,True,False,True,0,6.0,5,0,2.0,2.0,False,True,True,0,ACCEPTED,ACCEPTED,ACCEPTED,,,,,False,False,False,"{""motor_voltage_v"":2.0,""reason"":""sim_010_tick"",""relay_enable"":true,""sample_index"":4,""saturated"":false,""state"":""RUNNING""}","{""encoder_liveness_established"":true,""encoder_stale_age_samples"":0,""relay_feedback_mismatch_samples"":0,""reset_accepted"":false,""reset_rejected"":false,""safe_output"":false,""sample_index"":4,""state"":""RUNNING"",""supply_healthy"":true,""watchdog_missed_samples"":0}","{""command_disposition"":""ACCEPTED"",""command_saturated"":false,""encoder_disposition"":""ACCEPTED"",""encoder_position_rad"":0.0,""encoder_sequence"":5,""motor_command_v"":2.0,""relay_enable_command"":true,""relay_enable_feedback"":true,""requested_motor_voltage_v"":2.0,""safety_disposition"":""ACCEPTED"",""sample_index"":4,""state"":""RUNNING"",""state_before"":""READY""}","{""active_raw_fault_sources"":[],""detected_faults"":[],""input_diagnostics"":[],""latched_faults"":[],""reset_accepted"":false,""reset_reason"":"""",""reset_rejected"":false,""sample_index"":4}"
undervoltage,5,0,5,RUNNING,RUNNING,True,True,False,True,0,4.5,6,0,2.0,2.0,False,True,True,0,ACCEPTED,ACCEPTED,ACCEPTED,,,,,False,False,False,"{""motor_voltage_v"":2.0,""reason"":""sim_010_tick"",""relay_enable"":true,""sample_index"":5,""saturated"":false,""state"":""RUNNING""}","{""encoder_liveness_established"":true,""encoder_stale_age_samples"":0,""relay_feedback_mismatch_samples"":0,""reset_accepted"":false,""reset_rejected"":false,""safe_output"":false,""sample_index"":5,""state"":""RUNNING"",""supply_healthy"":true,""watchdog_missed_samples"":0}","{""command_disposition"":""ACCEPTED"",""command_saturated"":false,""encoder_disposition"":""ACCEPTED"",""encoder_position_rad"":0.0,""encoder_sequence"":6,""motor_command_v"":2.0,""relay_enable_command"":true,""relay_enable_feedback"":true,""requested_motor_voltage_v"":2.0,""safety_disposition"":""ACCEPTED"",""sample_index"":5,""state"":""RUNNING"",""state_before"":""RUNNING""}","{""active_raw_fault_sources"":[],""detected_faults"":[],""input_diagnostics"":[],""latched_faults"":[],""reset_accepted"":false,""reset_reason"":"""",""reset_rejected"":false,""sample_index"":5}"
undervoltage,6,0,6,RUNNING,FAULT_LATCHED,True,True,False,True,0,4.4,7,0,2.0,0.0,False,False,False,0,ACCEPTED,ACCEPTED,ACCEPTED,,UNDERVOLTAGE,UNDERVOLTAGE,,False,False,True,"{""motor_voltage_v"":0.0,""reason"":""sim_010_tick"",""relay_enable"":false,""sample_index"":6,""saturated"":false,""state"":""FAULT_LATCHED""}","{""encoder_liveness_established"":true,""encoder_stale_age_samples"":0,""relay_feedback_mismatch_samples"":0,""reset_accepted"":false,""reset_rejected"":false,""safe_output"":true,""sample_index"":6,""state"":""FAULT_LATCHED"",""supply_healthy"":false,""watchdog_missed_samples"":0}","{""command_disposition"":""ACCEPTED"",""command_saturated"":false,""encoder_disposition"":""ACCEPTED"",""encoder_position_rad"":0.0,""encoder_sequence"":7,""motor_command_v"":0.0,""relay_enable_command"":false,""relay_enable_feedback"":false,""requested_motor_voltage_v"":2.0,""safety_disposition"":""ACCEPTED"",""sample_index"":6,""state"":""FAULT_LATCHED"",""state_before"":""RUNNING""}","{""active_raw_fault_sources"":[],""detected_faults"":[""UNDERVOLTAGE""],""input_diagnostics"":[],""latched_faults"":[""UNDERVOLTAGE""],""reset_accepted"":false,""reset_reason"":"""",""reset_rejected"":false,""sample_index"":6}"
malformed_nonfinite_command,0,0,0,SAFE_STARTUP,SAFE_STARTUP,False,False,False,True,0,6.0,1,0,0.0,0.0,False,False,False,0,ACCEPTED,ACCEPTED,ACCEPTED,,,,,False,False,True,"{""motor_voltage_v"":0.0,""reason"":""sim_010_tick"",""relay_enable"":false,""sample_index"":0,""saturated"":false,""state"":""SAFE_STARTUP""}","{""encoder_liveness_established"":false,""encoder_stale_age_samples"":0,""relay_feedback_mismatch_samples"":0,""reset_accepted"":false,""reset_rejected"":false,""safe_output"":true,""sample_index"":0,""state"":""SAFE_STARTUP"",""supply_healthy"":true,""watchdog_missed_samples"":0}","{""command_disposition"":""ACCEPTED"",""command_saturated"":false,""encoder_disposition"":""ACCEPTED"",""encoder_position_rad"":0.0,""encoder_sequence"":1,""motor_command_v"":0.0,""relay_enable_command"":false,""relay_enable_feedback"":false,""requested_motor_voltage_v"":0.0,""safety_disposition"":""ACCEPTED"",""sample_index"":0,""state"":""SAFE_STARTUP"",""state_before"":""SAFE_STARTUP""}","{""active_raw_fault_sources"":[],""detected_faults"":[],""input_diagnostics"":[],""latched_faults"":[],""reset_accepted"":false,""reset_reason"":"""",""reset_rejected"":false,""sample_index"":0}"
malformed_nonfinite_command,1,0,1,SAFE_STARTUP,SAFE_STARTUP,False,False,False,True,0,6.0,2,0,0.0,0.0,False,False,False,0,ACCEPTED,ACCEPTED,ACCEPTED,,,,,False,False,True,"{""motor_voltage_v"":0.0,""reason"":""sim_010_tick"",""relay_enable"":false,""sample_index"":1,""saturated"":false,""state"":""SAFE_STARTUP""}","{""encoder_liveness_established"":true,""encoder_stale_age_samples"":0,""relay_feedback_mismatch_samples"":0,""reset_accepted"":false,""reset_rejected"":false,""safe_output"":true,""sample_index"":1,""state"":""SAFE_STARTUP"",""supply_healthy"":true,""watchdog_missed_samples"":0}","{""command_disposition"":""ACCEPTED"",""command_saturated"":false,""encoder_disposition"":""ACCEPTED"",""encoder_position_rad"":0.0,""encoder_sequence"":2,""motor_command_v"":0.0,""relay_enable_command"":false,""relay_enable_feedback"":false,""requested_motor_voltage_v"":0.0,""safety_disposition"":""ACCEPTED"",""sample_index"":1,""state"":""SAFE_STARTUP"",""state_before"":""SAFE_STARTUP""}","{""active_raw_fault_sources"":[],""detected_faults"":[],""input_diagnostics"":[],""latched_faults"":[],""reset_accepted"":false,""reset_reason"":"""",""reset_rejected"":false,""sample_index"":1}"
malformed_nonfinite_command,2,0,2,SAFE_STARTUP,READY,False,False,False,True,0,6.0,3,0,0.0,0.0,False,False,False,0,ACCEPTED,ACCEPTED,ACCEPTED,,,,,False,False,True,"{""motor_voltage_v"":0.0,""reason"":""sim_010_tick"",""relay_enable"":false,""sample_index"":2,""saturated"":false,""state"":""READY""}","{""encoder_liveness_established"":true,""encoder_stale_age_samples"":0,""relay_feedback_mismatch_samples"":0,""reset_accepted"":false,""reset_rejected"":false,""safe_output"":true,""sample_index"":2,""state"":""READY"",""supply_healthy"":true,""watchdog_missed_samples"":0}","{""command_disposition"":""ACCEPTED"",""command_saturated"":false,""encoder_disposition"":""ACCEPTED"",""encoder_position_rad"":0.0,""encoder_sequence"":3,""motor_command_v"":0.0,""relay_enable_command"":false,""relay_enable_feedback"":false,""requested_motor_voltage_v"":0.0,""safety_disposition"":""ACCEPTED"",""sample_index"":2,""state"":""READY"",""state_before"":""SAFE_STARTUP""}","{""active_raw_fault_sources"":[],""detected_faults"":[],""input_diagnostics"":[],""latched_faults"":[],""reset_accepted"":false,""reset_reason"":"""",""reset_rejected"":false,""sample_index"":2}"
malformed_nonfinite_command,3,0,3,READY,READY,False,False,False,True,0,6.0,4,0,0.0,0.0,False,False,False,0,ACCEPTED,ACCEPTED,ACCEPTED,,,,,False,False,True,"{""motor_voltage_v"":0.0,""reason"":""sim_010_tick"",""relay_enable"":false,""sample_index"":3,""saturated"":false,""state"":""READY""}","{""encoder_liveness_established"":true,""encoder_stale_age_samples"":0,""relay_feedback_mismatch_samples"":0,""reset_accepted"":false,""reset_rejected"":false,""safe_output"":true,""sample_index"":3,""state"":""READY"",""supply_healthy"":true,""watchdog_missed_samples"":0}","{""command_disposition"":""ACCEPTED"",""command_saturated"":false,""encoder_disposition"":""ACCEPTED"",""encoder_position_rad"":0.0,""encoder_sequence"":4,""motor_command_v"":0.0,""relay_enable_command"":false,""relay_enable_feedback"":false,""requested_motor_voltage_v"":0.0,""safety_disposition"":""ACCEPTED"",""sample_index"":3,""state"":""READY"",""state_before"":""READY""}","{""active_raw_fault_sources"":[],""detected_faults"":[],""input_diagnostics"":[],""latched_faults"":[],""reset_accepted"":false,""reset_reason"":"""",""reset_rejected"":false,""sample_index"":3}"
malformed_nonfinite_command,4,0,4,READY,RUNNING,True,True,False,True,0,6.0,5,0,2.0,2.0,False,True,True,0,ACCEPTED,ACCEPTED,ACCEPTED,,,,,False,False,False,"{""motor_voltage_v"":2.0,""reason"":""sim_010_tick"",""relay_enable"":true,""sample_index"":4,""saturated"":false,""state"":""RUNNING""}","{""encoder_liveness_established"":true,""encoder_stale_age_samples"":0,""relay_feedback_mismatch_samples"":0,""reset_accepted"":false,""reset_rejected"":false,""safe_output"":false,""sample_index"":4,""state"":""RUNNING"",""supply_healthy"":true,""watchdog_missed_samples"":0}","{""command_disposition"":""ACCEPTED"",""command_saturated"":false,""encoder_disposition"":""ACCEPTED"",""encoder_position_rad"":0.0,""encoder_sequence"":5,""motor_command_v"":2.0,""relay_enable_command"":true,""relay_enable_feedback"":true,""requested_motor_voltage_v"":2.0,""safety_disposition"":""ACCEPTED"",""sample_index"":4,""state"":""RUNNING"",""state_before"":""READY""}","{""active_raw_fault_sources"":[],""detected_faults"":[],""input_diagnostics"":[],""latched_faults"":[],""reset_accepted"":false,""reset_reason"":"""",""reset_rejected"":false,""sample_index"":4}"
malformed_nonfinite_command,5,0,5,RUNNING,FAULT_LATCHED,True,True,False,True,0,6.0,6,0,0.0,0.0,False,False,False,0,ACCEPTED,ACCEPTED,ACCEPTED,,INVALID_COMMAND,INVALID_COMMAND,,False,False,True,"{""motor_voltage_v"":0.0,""reason"":""sim_010_tick"",""relay_enable"":false,""sample_index"":5,""saturated"":false,""state"":""FAULT_LATCHED""}","{""encoder_liveness_established"":true,""encoder_stale_age_samples"":0,""relay_feedback_mismatch_samples"":0,""reset_accepted"":false,""reset_rejected"":false,""safe_output"":true,""sample_index"":5,""state"":""FAULT_LATCHED"",""supply_healthy"":true,""watchdog_missed_samples"":0}","{""command_disposition"":""ACCEPTED"",""command_saturated"":false,""encoder_disposition"":""ACCEPTED"",""encoder_position_rad"":0.0,""encoder_sequence"":6,""motor_command_v"":0.0,""relay_enable_command"":false,""relay_enable_feedback"":false,""requested_motor_voltage_v"":0.0,""safety_disposition"":""ACCEPTED"",""sample_index"":5,""state"":""FAULT_LATCHED"",""state_before"":""RUNNING""}","{""active_raw_fault_sources"":[],""detected_faults"":[""INVALID_COMMAND""],""input_diagnostics"":[],""latched_faults"":[""INVALID_COMMAND""],""reset_accepted"":false,""reset_reason"":"""",""reset_rejected"":false,""sample_index"":5}"
fault_latch_reset_and_controlled_recovery,0,0,0,SAFE_STARTUP,SAFE_STARTUP,False,False,False,True,0,6.0,1,0,0.0,0.0,False,False,False,0,ACCEPTED,ACCEPTED,ACCEPTED,,,,,False,False,True,"{""motor_voltage_v"":0.0,""reason"":""sim_010_tick"",""relay_enable"":false,""sample_index"":0,""saturated"":false,""state"":""SAFE_STARTUP""}","{""encoder_liveness_established"":false,""encoder_stale_age_samples"":0,""relay_feedback_mismatch_samples"":0,""reset_accepted"":false,""reset_rejected"":false,""safe_output"":true,""sample_index"":0,""state"":""SAFE_STARTUP"",""supply_healthy"":true,""watchdog_missed_samples"":0}","{""command_disposition"":""ACCEPTED"",""command_saturated"":false,""encoder_disposition"":""ACCEPTED"",""encoder_position_rad"":0.0,""encoder_sequence"":1,""motor_command_v"":0.0,""relay_enable_command"":false,""relay_enable_feedback"":false,""requested_motor_voltage_v"":0.0,""safety_disposition"":""ACCEPTED"",""sample_index"":0,""state"":""SAFE_STARTUP"",""state_before"":""SAFE_STARTUP""}","{""active_raw_fault_sources"":[],""detected_faults"":[],""input_diagnostics"":[],""latched_faults"":[],""reset_accepted"":false,""reset_reason"":"""",""reset_rejected"":false,""sample_index"":0}"
fault_latch_reset_and_controlled_recovery,1,0,1,SAFE_STARTUP,SAFE_STARTUP,False,False,False,True,0,6.0,2,0,0.0,0.0,False,False,False,0,ACCEPTED,ACCEPTED,ACCEPTED,,,,,False,False,True,"{""motor_voltage_v"":0.0,""reason"":""sim_010_tick"",""relay_enable"":false,""sample_index"":1,""saturated"":false,""state"":""SAFE_STARTUP""}","{""encoder_liveness_established"":true,""encoder_stale_age_samples"":0,""relay_feedback_mismatch_samples"":0,""reset_accepted"":false,""reset_rejected"":false,""safe_output"":true,""sample_index"":1,""state"":""SAFE_STARTUP"",""supply_healthy"":true,""watchdog_missed_samples"":0}","{""command_disposition"":""ACCEPTED"",""command_saturated"":false,""encoder_disposition"":""ACCEPTED"",""encoder_position_rad"":0.0,""encoder_sequence"":2,""motor_command_v"":0.0,""relay_enable_command"":false,""relay_enable_feedback"":false,""requested_motor_voltage_v"":0.0,""safety_disposition"":""ACCEPTED"",""sample_index"":1,""state"":""SAFE_STARTUP"",""state_before"":""SAFE_STARTUP""}","{""active_raw_fault_sources"":[],""detected_faults"":[],""input_diagnostics"":[],""latched_faults"":[],""reset_accepted"":false,""reset_reason"":"""",""reset_rejected"":false,""sample_index"":1}"
fault_latch_reset_and_controlled_recovery,2,0,2,SAFE_STARTUP,READY,False,False,False,True,0,6.0,3,0,0.0,0.0,False,False,False,0,ACCEPTED,ACCEPTED,ACCEPTED,,,,,False,False,True,"{""motor_voltage_v"":0.0,""reason"":""sim_010_tick"",""relay_enable"":false,""sample_index"":2,""saturated"":false,""state"":""READY""}","{""encoder_liveness_established"":true,""encoder_stale_age_samples"":0,""relay_feedback_mismatch_samples"":0,""reset_accepted"":false,""reset_rejected"":false,""safe_output"":true,""sample_index"":2,""state"":""READY"",""supply_healthy"":true,""watchdog_missed_samples"":0}","{""command_disposition"":""ACCEPTED"",""command_saturated"":false,""encoder_disposition"":""ACCEPTED"",""encoder_position_rad"":0.0,""encoder_sequence"":3,""motor_command_v"":0.0,""relay_enable_command"":false,""relay_enable_feedback"":false,""requested_motor_voltage_v"":0.0,""safety_disposition"":""ACCEPTED"",""sample_index"":2,""state"":""READY"",""state_before"":""SAFE_STARTUP""}","{""active_raw_fault_sources"":[],""detected_faults"":[],""input_diagnostics"":[],""latched_faults"":[],""reset_accepted"":false,""reset_reason"":"""",""reset_rejected"":false,""sample_index"":2}"
fault_latch_reset_and_controlled_recovery,3,0,3,READY,READY,False,False,False,True,0,6.0,4,0,0.0,0.0,False,False,False,0,ACCEPTED,ACCEPTED,ACCEPTED,,,,,False,False,True,"{""motor_voltage_v"":0.0,""reason"":""sim_010_tick"",""relay_enable"":false,""sample_index"":3,""saturated"":false,""state"":""READY""}","{""encoder_liveness_established"":true,""encoder_stale_age_samples"":0,""relay_feedback_mismatch_samples"":0,""reset_accepted"":false,""reset_rejected"":false,""safe_output"":true,""sample_index"":3,""state"":""READY"",""supply_healthy"":true,""watchdog_missed_samples"":0}","{""command_disposition"":""ACCEPTED"",""command_saturated"":false,""encoder_disposition"":""ACCEPTED"",""encoder_position_rad"":0.0,""encoder_sequence"":4,""motor_command_v"":0.0,""relay_enable_command"":false,""relay_enable_feedback"":false,""requested_motor_voltage_v"":0.0,""safety_disposition"":""ACCEPTED"",""sample_index"":3,""state"":""READY"",""state_before"":""READY""}","{""active_raw_fault_sources"":[],""detected_faults"":[],""input_diagnostics"":[],""latched_faults"":[],""reset_accepted"":false,""reset_reason"":"""",""reset_rejected"":false,""sample_index"":3}"
fault_latch_reset_and_controlled_recovery,4,0,4,READY,RUNNING,True,True,False,True,0,6.0,5,0,2.0,2.0,False,True,True,0,ACCEPTED,ACCEPTED,ACCEPTED,,,,,False,False,False,"{""motor_voltage_v"":2.0,""reason"":""sim_010_tick"",""relay_enable"":true,""sample_index"":4,""saturated"":false,""state"":""RUNNING""}","{""encoder_liveness_established"":true,""encoder_stale_age_samples"":0,""relay_feedback_mismatch_samples"":0,""reset_accepted"":false,""reset_rejected"":false,""safe_output"":false,""sample_index"":4,""state"":""RUNNING"",""supply_healthy"":true,""watchdog_missed_samples"":0}","{""command_disposition"":""ACCEPTED"",""command_saturated"":false,""encoder_disposition"":""ACCEPTED"",""encoder_position_rad"":0.0,""encoder_sequence"":5,""motor_command_v"":2.0,""relay_enable_command"":true,""relay_enable_feedback"":true,""requested_motor_voltage_v"":2.0,""safety_disposition"":""ACCEPTED"",""sample_index"":4,""state"":""RUNNING"",""state_before"":""READY""}","{""active_raw_fault_sources"":[],""detected_faults"":[],""input_diagnostics"":[],""latched_faults"":[],""reset_accepted"":false,""reset_reason"":"""",""reset_rejected"":false,""sample_index"":4}"
fault_latch_reset_and_controlled_recovery,5,0,5,RUNNING,FAULT_LATCHED,True,True,False,True,0,6.0,6,0,2.0,0.0,False,False,False,0,ACCEPTED,ACCEPTED,ACCEPTED,,EMERGENCY_STOP,EMERGENCY_STOP,,False,False,True,"{""motor_voltage_v"":0.0,""reason"":""sim_010_tick"",""relay_enable"":false,""sample_index"":5,""saturated"":false,""state"":""FAULT_LATCHED""}","{""encoder_liveness_established"":true,""encoder_stale_age_samples"":0,""relay_feedback_mismatch_samples"":0,""reset_accepted"":false,""reset_rejected"":false,""safe_output"":true,""sample_index"":5,""state"":""FAULT_LATCHED"",""supply_healthy"":true,""watchdog_missed_samples"":0}","{""command_disposition"":""ACCEPTED"",""command_saturated"":false,""encoder_disposition"":""ACCEPTED"",""encoder_position_rad"":0.0,""encoder_sequence"":6,""motor_command_v"":0.0,""relay_enable_command"":false,""relay_enable_feedback"":false,""requested_motor_voltage_v"":2.0,""safety_disposition"":""ACCEPTED"",""sample_index"":5,""state"":""FAULT_LATCHED"",""state_before"":""RUNNING""}","{""active_raw_fault_sources"":[],""detected_faults"":[""EMERGENCY_STOP""],""input_diagnostics"":[],""latched_faults"":[""EMERGENCY_STOP""],""reset_accepted"":false,""reset_reason"":"""",""reset_rejected"":false,""sample_index"":5}"
fault_latch_reset_and_controlled_recovery,6,0,6,FAULT_LATCHED,FAULT_LATCHED,True,True,False,True,0,6.0,7,0,2.0,0.0,False,False,False,0,ACCEPTED,ACCEPTED,ACCEPTED,,,EMERGENCY_STOP,,False,False,True,"{""motor_voltage_v"":0.0,""reason"":""sim_010_tick"",""relay_enable"":false,""sample_index"":6,""saturated"":false,""state"":""FAULT_LATCHED""}","{""encoder_liveness_established"":true,""encoder_stale_age_samples"":0,""relay_feedback_mismatch_samples"":0,""reset_accepted"":false,""reset_rejected"":false,""safe_output"":true,""sample_index"":6,""state"":""FAULT_LATCHED"",""supply_healthy"":true,""watchdog_missed_samples"":0}","{""command_disposition"":""ACCEPTED"",""command_saturated"":false,""encoder_disposition"":""ACCEPTED"",""encoder_position_rad"":0.0,""encoder_sequence"":7,""motor_command_v"":0.0,""relay_enable_command"":false,""relay_enable_feedback"":false,""requested_motor_voltage_v"":2.0,""safety_disposition"":""ACCEPTED"",""sample_index"":6,""state"":""FAULT_LATCHED"",""state_before"":""FAULT_LATCHED""}","{""active_raw_fault_sources"":[],""detected_faults"":[],""input_diagnostics"":[],""latched_faults"":[""EMERGENCY_STOP""],""reset_accepted"":false,""reset_reason"":"""",""reset_rejected"":false,""sample_index"":6}"
fault_latch_reset_and_controlled_recovery,7,0,7,FAULT_LATCHED,FAULT_LATCHED,True,True,True,False,1,6.0,7,1,2.0,0.0,False,False,False,0,STALE,STALE,STALE,encoder_no_accepted_advance_this_tick|heartbeat_not_refreshed,,EMERGENCY_STOP,,False,True,True,"{""motor_voltage_v"":0.0,""reason"":""sim_010_tick"",""relay_enable"":false,""sample_index"":7,""saturated"":false,""state"":""FAULT_LATCHED""}","{""encoder_liveness_established"":true,""encoder_stale_age_samples"":1,""relay_feedback_mismatch_samples"":0,""reset_accepted"":false,""reset_rejected"":true,""safe_output"":true,""sample_index"":7,""state"":""FAULT_LATCHED"",""supply_healthy"":true,""watchdog_missed_samples"":1}","{""command_disposition"":""STALE"",""command_saturated"":false,""encoder_disposition"":""STALE"",""encoder_position_rad"":0.0,""encoder_sequence"":7,""motor_command_v"":0.0,""relay_enable_command"":false,""relay_enable_feedback"":false,""requested_motor_voltage_v"":2.0,""safety_disposition"":""STALE"",""sample_index"":7,""state"":""FAULT_LATCHED"",""state_before"":""FAULT_LATCHED""}","{""active_raw_fault_sources"":[],""detected_faults"":[],""input_diagnostics"":[""encoder_no_accepted_advance_this_tick"",""heartbeat_not_refreshed""],""latched_faults"":[""EMERGENCY_STOP""],""reset_accepted"":false,""reset_reason"":"""",""reset_rejected"":true,""sample_index"":7}"
fault_latch_reset_and_controlled_recovery,8,0,8,FAULT_LATCHED,FAULT_LATCHED,False,False,False,True,0,6.0,8,0,0.0,0.0,False,False,False,0,ACCEPTED,ACCEPTED,ACCEPTED,,,EMERGENCY_STOP,,False,False,True,"{""motor_voltage_v"":0.0,""reason"":""sim_010_tick"",""relay_enable"":false,""sample_index"":8,""saturated"":false,""state"":""FAULT_LATCHED""}","{""encoder_liveness_established"":true,""encoder_stale_age_samples"":0,""relay_feedback_mismatch_samples"":0,""reset_accepted"":false,""reset_rejected"":false,""safe_output"":true,""sample_index"":8,""state"":""FAULT_LATCHED"",""supply_healthy"":true,""watchdog_missed_samples"":0}","{""command_disposition"":""ACCEPTED"",""command_saturated"":false,""encoder_disposition"":""ACCEPTED"",""encoder_position_rad"":0.0,""encoder_sequence"":8,""motor_command_v"":0.0,""relay_enable_command"":false,""relay_enable_feedback"":false,""requested_motor_voltage_v"":0.0,""safety_disposition"":""ACCEPTED"",""sample_index"":8,""state"":""FAULT_LATCHED"",""state_before"":""FAULT_LATCHED""}","{""active_raw_fault_sources"":[],""detected_faults"":[],""input_diagnostics"":[],""latched_faults"":[""EMERGENCY_STOP""],""reset_accepted"":false,""reset_reason"":"""",""reset_rejected"":false,""sample_index"":8}"
fault_latch_reset_and_controlled_recovery,9,0,9,FAULT_LATCHED,SAFE_SHUTDOWN,False,False,True,False,1,6.0,8,1,0.0,0.0,False,False,False,0,STALE,STALE,STALE,encoder_no_accepted_advance_this_tick|heartbeat_not_refreshed,,,,True,False,True,"{""motor_voltage_v"":0.0,""reason"":""sim_010_tick"",""relay_enable"":false,""sample_index"":9,""saturated"":false,""state"":""SAFE_SHUTDOWN""}","{""encoder_liveness_established"":true,""encoder_stale_age_samples"":1,""relay_feedback_mismatch_samples"":0,""reset_accepted"":true,""reset_rejected"":false,""safe_output"":true,""sample_index"":9,""state"":""SAFE_SHUTDOWN"",""supply_healthy"":true,""watchdog_missed_samples"":1}","{""command_disposition"":""STALE"",""command_saturated"":false,""encoder_disposition"":""STALE"",""encoder_position_rad"":0.0,""encoder_sequence"":8,""motor_command_v"":0.0,""relay_enable_command"":false,""relay_enable_feedback"":false,""requested_motor_voltage_v"":0.0,""safety_disposition"":""STALE"",""sample_index"":9,""state"":""SAFE_SHUTDOWN"",""state_before"":""FAULT_LATCHED""}","{""active_raw_fault_sources"":[],""detected_faults"":[],""input_diagnostics"":[""encoder_no_accepted_advance_this_tick"",""heartbeat_not_refreshed""],""latched_faults"":[],""reset_accepted"":true,""reset_reason"":"""",""reset_rejected"":false,""sample_index"":9}"
fault_latch_reset_and_controlled_recovery,10,0,10,SAFE_SHUTDOWN,SAFE_SHUTDOWN,True,True,False,True,0,6.0,9,0,2.0,0.0,False,False,False,0,ACCEPTED,ACCEPTED,ACCEPTED,,,,,False,False,True,"{""motor_voltage_v"":0.0,""reason"":""sim_010_tick"",""relay_enable"":false,""sample_index"":10,""saturated"":false,""state"":""SAFE_SHUTDOWN""}","{""encoder_liveness_established"":true,""encoder_stale_age_samples"":0,""relay_feedback_mismatch_samples"":0,""reset_accepted"":false,""reset_rejected"":false,""safe_output"":true,""sample_index"":10,""state"":""SAFE_SHUTDOWN"",""supply_healthy"":true,""watchdog_missed_samples"":0}","{""command_disposition"":""ACCEPTED"",""command_saturated"":false,""encoder_disposition"":""ACCEPTED"",""encoder_position_rad"":0.0,""encoder_sequence"":9,""motor_command_v"":0.0,""relay_enable_command"":false,""relay_enable_feedback"":false,""requested_motor_voltage_v"":2.0,""safety_disposition"":""ACCEPTED"",""sample_index"":10,""state"":""SAFE_SHUTDOWN"",""state_before"":""SAFE_SHUTDOWN""}","{""active_raw_fault_sources"":[],""detected_faults"":[],""input_diagnostics"":[],""latched_faults"":[],""reset_accepted"":false,""reset_reason"":"""",""reset_rejected"":false,""sample_index"":10}"
fault_latch_reset_and_controlled_recovery,11,0,11,SAFE_SHUTDOWN,READY,True,True,False,True,0,6.0,10,0,2.0,0.0,False,False,False,0,ACCEPTED,ACCEPTED,ACCEPTED,,,,,False,False,True,"{""motor_voltage_v"":0.0,""reason"":""sim_010_tick"",""relay_enable"":false,""sample_index"":11,""saturated"":false,""state"":""READY""}","{""encoder_liveness_established"":true,""encoder_stale_age_samples"":0,""relay_feedback_mismatch_samples"":0,""reset_accepted"":false,""reset_rejected"":false,""safe_output"":true,""sample_index"":11,""state"":""READY"",""supply_healthy"":true,""watchdog_missed_samples"":0}","{""command_disposition"":""ACCEPTED"",""command_saturated"":false,""encoder_disposition"":""ACCEPTED"",""encoder_position_rad"":0.0,""encoder_sequence"":10,""motor_command_v"":0.0,""relay_enable_command"":false,""relay_enable_feedback"":false,""requested_motor_voltage_v"":2.0,""safety_disposition"":""ACCEPTED"",""sample_index"":11,""state"":""READY"",""state_before"":""SAFE_SHUTDOWN""}","{""active_raw_fault_sources"":[],""detected_faults"":[],""input_diagnostics"":[],""latched_faults"":[],""reset_accepted"":false,""reset_reason"":"""",""reset_rejected"":false,""sample_index"":11}"
fault_latch_reset_and_controlled_recovery,12,0,12,READY,READY,True,True,False,True,0,6.0,11,0,2.0,0.0,False,False,False,0,ACCEPTED,ACCEPTED,ACCEPTED,,,,,False,False,True,"{""motor_voltage_v"":0.0,""reason"":""sim_010_tick"",""relay_enable"":false,""sample_index"":12,""saturated"":false,""state"":""READY""}","{""encoder_liveness_established"":true,""encoder_stale_age_samples"":0,""relay_feedback_mismatch_samples"":0,""reset_accepted"":false,""reset_rejected"":false,""safe_output"":true,""sample_index"":12,""state"":""READY"",""supply_healthy"":true,""watchdog_missed_samples"":0}","{""command_disposition"":""ACCEPTED"",""command_saturated"":false,""encoder_disposition"":""ACCEPTED"",""encoder_position_rad"":0.0,""encoder_sequence"":11,""motor_command_v"":0.0,""relay_enable_command"":false,""relay_enable_feedback"":false,""requested_motor_voltage_v"":2.0,""safety_disposition"":""ACCEPTED"",""sample_index"":12,""state"":""READY"",""state_before"":""READY""}","{""active_raw_fault_sources"":[],""detected_faults"":[],""input_diagnostics"":[],""latched_faults"":[],""reset_accepted"":false,""reset_reason"":"""",""reset_rejected"":false,""sample_index"":12}"
fault_latch_reset_and_controlled_recovery,13,0,13,READY,READY,False,False,False,True,0,6.0,12,0,0.0,0.0,False,False,False,0,ACCEPTED,ACCEPTED,ACCEPTED,,,,,False,False,True,"{""motor_voltage_v"":0.0,""reason"":""sim_010_tick"",""relay_enable"":false,""sample_index"":13,""saturated"":false,""state"":""READY""}","{""encoder_liveness_established"":true,""encoder_stale_age_samples"":0,""relay_feedback_mismatch_samples"":0,""reset_accepted"":false,""reset_rejected"":false,""safe_output"":true,""sample_index"":13,""state"":""READY"",""supply_healthy"":true,""watchdog_missed_samples"":0}","{""command_disposition"":""ACCEPTED"",""command_saturated"":false,""encoder_disposition"":""ACCEPTED"",""encoder_position_rad"":0.0,""encoder_sequence"":12,""motor_command_v"":0.0,""relay_enable_command"":false,""relay_enable_feedback"":false,""requested_motor_voltage_v"":0.0,""safety_disposition"":""ACCEPTED"",""sample_index"":13,""state"":""READY"",""state_before"":""READY""}","{""active_raw_fault_sources"":[],""detected_faults"":[],""input_diagnostics"":[],""latched_faults"":[],""reset_accepted"":false,""reset_reason"":"""",""reset_rejected"":false,""sample_index"":13}"
fault_latch_reset_and_controlled_recovery,14,0,14,READY,RUNNING,True,True,False,True,0,6.0,13,0,2.0,2.0,False,True,True,0,ACCEPTED,ACCEPTED,ACCEPTED,,,,,False,False,False,"{""motor_voltage_v"":2.0,""reason"":""sim_010_tick"",""relay_enable"":true,""sample_index"":14,""saturated"":false,""state"":""RUNNING""}","{""encoder_liveness_established"":true,""encoder_stale_age_samples"":0,""relay_feedback_mismatch_samples"":0,""reset_accepted"":false,""reset_rejected"":false,""safe_output"":false,""sample_index"":14,""state"":""RUNNING"",""supply_healthy"":true,""watchdog_missed_samples"":0}","{""command_disposition"":""ACCEPTED"",""command_saturated"":false,""encoder_disposition"":""ACCEPTED"",""encoder_position_rad"":0.0,""encoder_sequence"":13,""motor_command_v"":2.0,""relay_enable_command"":true,""relay_enable_feedback"":true,""requested_motor_voltage_v"":2.0,""safety_disposition"":""ACCEPTED"",""sample_index"":14,""state"":""RUNNING"",""state_before"":""READY""}","{""active_raw_fault_sources"":[],""detected_faults"":[],""input_diagnostics"":[],""latched_faults"":[],""reset_accepted"":false,""reset_reason"":"""",""reset_rejected"":false,""sample_index"":14}"
supervisor_restart,0,0,0,SAFE_STARTUP,SAFE_STARTUP,False,False,False,True,0,6.0,1,0,0.0,0.0,False,False,False,0,ACCEPTED,ACCEPTED,ACCEPTED,,,,,False,False,True,"{""motor_voltage_v"":0.0,""reason"":""sim_010_tick"",""relay_enable"":false,""sample_index"":0,""saturated"":false,""state"":""SAFE_STARTUP""}","{""encoder_liveness_established"":false,""encoder_stale_age_samples"":0,""relay_feedback_mismatch_samples"":0,""reset_accepted"":false,""reset_rejected"":false,""safe_output"":true,""sample_index"":0,""state"":""SAFE_STARTUP"",""supply_healthy"":true,""watchdog_missed_samples"":0}","{""command_disposition"":""ACCEPTED"",""command_saturated"":false,""encoder_disposition"":""ACCEPTED"",""encoder_position_rad"":0.0,""encoder_sequence"":1,""motor_command_v"":0.0,""relay_enable_command"":false,""relay_enable_feedback"":false,""requested_motor_voltage_v"":0.0,""safety_disposition"":""ACCEPTED"",""sample_index"":0,""state"":""SAFE_STARTUP"",""state_before"":""SAFE_STARTUP""}","{""active_raw_fault_sources"":[],""detected_faults"":[],""input_diagnostics"":[],""latched_faults"":[],""reset_accepted"":false,""reset_reason"":"""",""reset_rejected"":false,""sample_index"":0}"
supervisor_restart,1,0,1,SAFE_STARTUP,SAFE_STARTUP,False,False,False,True,0,6.0,2,0,0.0,0.0,False,False,False,0,ACCEPTED,ACCEPTED,ACCEPTED,,,,,False,False,True,"{""motor_voltage_v"":0.0,""reason"":""sim_010_tick"",""relay_enable"":false,""sample_index"":1,""saturated"":false,""state"":""SAFE_STARTUP""}","{""encoder_liveness_established"":true,""encoder_stale_age_samples"":0,""relay_feedback_mismatch_samples"":0,""reset_accepted"":false,""reset_rejected"":false,""safe_output"":true,""sample_index"":1,""state"":""SAFE_STARTUP"",""supply_healthy"":true,""watchdog_missed_samples"":0}","{""command_disposition"":""ACCEPTED"",""command_saturated"":false,""encoder_disposition"":""ACCEPTED"",""encoder_position_rad"":0.0,""encoder_sequence"":2,""motor_command_v"":0.0,""relay_enable_command"":false,""relay_enable_feedback"":false,""requested_motor_voltage_v"":0.0,""safety_disposition"":""ACCEPTED"",""sample_index"":1,""state"":""SAFE_STARTUP"",""state_before"":""SAFE_STARTUP""}","{""active_raw_fault_sources"":[],""detected_faults"":[],""input_diagnostics"":[],""latched_faults"":[],""reset_accepted"":false,""reset_reason"":"""",""reset_rejected"":false,""sample_index"":1}"
supervisor_restart,2,0,2,SAFE_STARTUP,READY,False,False,False,True,0,6.0,3,0,0.0,0.0,False,False,False,0,ACCEPTED,ACCEPTED,ACCEPTED,,,,,False,False,True,"{""motor_voltage_v"":0.0,""reason"":""sim_010_tick"",""relay_enable"":false,""sample_index"":2,""saturated"":false,""state"":""READY""}","{""encoder_liveness_established"":true,""encoder_stale_age_samples"":0,""relay_feedback_mismatch_samples"":0,""reset_accepted"":false,""reset_rejected"":false,""safe_output"":true,""sample_index"":2,""state"":""READY"",""supply_healthy"":true,""watchdog_missed_samples"":0}","{""command_disposition"":""ACCEPTED"",""command_saturated"":false,""encoder_disposition"":""ACCEPTED"",""encoder_position_rad"":0.0,""encoder_sequence"":3,""motor_command_v"":0.0,""relay_enable_command"":false,""relay_enable_feedback"":false,""requested_motor_voltage_v"":0.0,""safety_disposition"":""ACCEPTED"",""sample_index"":2,""state"":""READY"",""state_before"":""SAFE_STARTUP""}","{""active_raw_fault_sources"":[],""detected_faults"":[],""input_diagnostics"":[],""latched_faults"":[],""reset_accepted"":false,""reset_reason"":"""",""reset_rejected"":false,""sample_index"":2}"
supervisor_restart,3,0,3,READY,READY,False,False,False,True,0,6.0,4,0,0.0,0.0,False,False,False,0,ACCEPTED,ACCEPTED,ACCEPTED,,,,,False,False,True,"{""motor_voltage_v"":0.0,""reason"":""sim_010_tick"",""relay_enable"":false,""sample_index"":3,""saturated"":false,""state"":""READY""}","{""encoder_liveness_established"":true,""encoder_stale_age_samples"":0,""relay_feedback_mismatch_samples"":0,""reset_accepted"":false,""reset_rejected"":false,""safe_output"":true,""sample_index"":3,""state"":""READY"",""supply_healthy"":true,""watchdog_missed_samples"":0}","{""command_disposition"":""ACCEPTED"",""command_saturated"":false,""encoder_disposition"":""ACCEPTED"",""encoder_position_rad"":0.0,""encoder_sequence"":4,""motor_command_v"":0.0,""relay_enable_command"":false,""relay_enable_feedback"":false,""requested_motor_voltage_v"":0.0,""safety_disposition"":""ACCEPTED"",""sample_index"":3,""state"":""READY"",""state_before"":""READY""}","{""active_raw_fault_sources"":[],""detected_faults"":[],""input_diagnostics"":[],""latched_faults"":[],""reset_accepted"":false,""reset_reason"":"""",""reset_rejected"":false,""sample_index"":3}"
supervisor_restart,4,0,4,READY,RUNNING,True,True,False,True,0,6.0,5,0,2.0,2.0,False,True,True,0,ACCEPTED,ACCEPTED,ACCEPTED,,,,,False,False,False,"{""motor_voltage_v"":2.0,""reason"":""sim_010_tick"",""relay_enable"":true,""sample_index"":4,""saturated"":false,""state"":""RUNNING""}","{""encoder_liveness_established"":true,""encoder_stale_age_samples"":0,""relay_feedback_mismatch_samples"":0,""reset_accepted"":false,""reset_rejected"":false,""safe_output"":false,""sample_index"":4,""state"":""RUNNING"",""supply_healthy"":true,""watchdog_missed_samples"":0}","{""command_disposition"":""ACCEPTED"",""command_saturated"":false,""encoder_disposition"":""ACCEPTED"",""encoder_position_rad"":0.0,""encoder_sequence"":5,""motor_command_v"":2.0,""relay_enable_command"":true,""relay_enable_feedback"":true,""requested_motor_voltage_v"":2.0,""safety_disposition"":""ACCEPTED"",""sample_index"":4,""state"":""RUNNING"",""state_before"":""READY""}","{""active_raw_fault_sources"":[],""detected_faults"":[],""input_diagnostics"":[],""latched_faults"":[],""reset_accepted"":false,""reset_reason"":"""",""reset_rejected"":false,""sample_index"":4}"
supervisor_restart,5,1,0,SAFE_STARTUP,SAFE_STARTUP,False,False,False,False,1,6.0,0,0,0.0,0.0,False,False,False,0,MISSING,MISSING,MISSING,command_missing_safe_default|encoder_missing|encoder_no_accepted_advance_this_tick|safety_input_missing_safe_default,,,,False,False,True,"{""motor_voltage_v"":0.0,""reason"":""sim_010_tick"",""relay_enable"":false,""sample_index"":0,""saturated"":false,""state"":""SAFE_STARTUP""}","{""encoder_liveness_established"":false,""encoder_stale_age_samples"":0,""relay_feedback_mismatch_samples"":0,""reset_accepted"":false,""reset_rejected"":false,""safe_output"":true,""sample_index"":0,""state"":""SAFE_STARTUP"",""supply_healthy"":true,""watchdog_missed_samples"":1}","{""command_disposition"":""MISSING"",""command_saturated"":false,""encoder_disposition"":""MISSING"",""encoder_position_rad"":0.0,""encoder_sequence"":0,""motor_command_v"":0.0,""relay_enable_command"":false,""relay_enable_feedback"":false,""requested_motor_voltage_v"":0.0,""safety_disposition"":""MISSING"",""sample_index"":0,""state"":""SAFE_STARTUP"",""state_before"":""SAFE_STARTUP""}","{""active_raw_fault_sources"":[],""detected_faults"":[],""input_diagnostics"":[""command_missing_safe_default"",""encoder_missing"",""encoder_no_accepted_advance_this_tick"",""safety_input_missing_safe_default""],""latched_faults"":[],""reset_accepted"":false,""reset_reason"":"""",""reset_rejected"":false,""sample_index"":0}"
simulator_telemetry_disappearance,0,0,0,SAFE_STARTUP,SAFE_STARTUP,False,False,False,True,0,6.0,1,0,0.0,0.0,False,False,False,0,ACCEPTED,ACCEPTED,ACCEPTED,,,,,False,False,True,"{""motor_voltage_v"":0.0,""reason"":""sim_010_tick"",""relay_enable"":false,""sample_index"":0,""saturated"":false,""state"":""SAFE_STARTUP""}","{""encoder_liveness_established"":false,""encoder_stale_age_samples"":0,""relay_feedback_mismatch_samples"":0,""reset_accepted"":false,""reset_rejected"":false,""safe_output"":true,""sample_index"":0,""state"":""SAFE_STARTUP"",""supply_healthy"":true,""watchdog_missed_samples"":0}","{""command_disposition"":""ACCEPTED"",""command_saturated"":false,""encoder_disposition"":""ACCEPTED"",""encoder_position_rad"":0.0,""encoder_sequence"":1,""motor_command_v"":0.0,""relay_enable_command"":false,""relay_enable_feedback"":false,""requested_motor_voltage_v"":0.0,""safety_disposition"":""ACCEPTED"",""sample_index"":0,""state"":""SAFE_STARTUP"",""state_before"":""SAFE_STARTUP""}","{""active_raw_fault_sources"":[],""detected_faults"":[],""input_diagnostics"":[],""latched_faults"":[],""reset_accepted"":false,""reset_reason"":"""",""reset_rejected"":false,""sample_index"":0}"
simulator_telemetry_disappearance,1,0,1,SAFE_STARTUP,SAFE_STARTUP,False,False,False,True,0,6.0,2,0,0.0,0.0,False,False,False,0,ACCEPTED,ACCEPTED,ACCEPTED,,,,,False,False,True,"{""motor_voltage_v"":0.0,""reason"":""sim_010_tick"",""relay_enable"":false,""sample_index"":1,""saturated"":false,""state"":""SAFE_STARTUP""}","{""encoder_liveness_established"":true,""encoder_stale_age_samples"":0,""relay_feedback_mismatch_samples"":0,""reset_accepted"":false,""reset_rejected"":false,""safe_output"":true,""sample_index"":1,""state"":""SAFE_STARTUP"",""supply_healthy"":true,""watchdog_missed_samples"":0}","{""command_disposition"":""ACCEPTED"",""command_saturated"":false,""encoder_disposition"":""ACCEPTED"",""encoder_position_rad"":0.0,""encoder_sequence"":2,""motor_command_v"":0.0,""relay_enable_command"":false,""relay_enable_feedback"":false,""requested_motor_voltage_v"":0.0,""safety_disposition"":""ACCEPTED"",""sample_index"":1,""state"":""SAFE_STARTUP"",""state_before"":""SAFE_STARTUP""}","{""active_raw_fault_sources"":[],""detected_faults"":[],""input_diagnostics"":[],""latched_faults"":[],""reset_accepted"":false,""reset_reason"":"""",""reset_rejected"":false,""sample_index"":1}"
simulator_telemetry_disappearance,2,0,2,SAFE_STARTUP,READY,False,False,False,True,0,6.0,3,0,0.0,0.0,False,False,False,0,ACCEPTED,ACCEPTED,ACCEPTED,,,,,False,False,True,"{""motor_voltage_v"":0.0,""reason"":""sim_010_tick"",""relay_enable"":false,""sample_index"":2,""saturated"":false,""state"":""READY""}","{""encoder_liveness_established"":true,""encoder_stale_age_samples"":0,""relay_feedback_mismatch_samples"":0,""reset_accepted"":false,""reset_rejected"":false,""safe_output"":true,""sample_index"":2,""state"":""READY"",""supply_healthy"":true,""watchdog_missed_samples"":0}","{""command_disposition"":""ACCEPTED"",""command_saturated"":false,""encoder_disposition"":""ACCEPTED"",""encoder_position_rad"":0.0,""encoder_sequence"":3,""motor_command_v"":0.0,""relay_enable_command"":false,""relay_enable_feedback"":false,""requested_motor_voltage_v"":0.0,""safety_disposition"":""ACCEPTED"",""sample_index"":2,""state"":""READY"",""state_before"":""SAFE_STARTUP""}","{""active_raw_fault_sources"":[],""detected_faults"":[],""input_diagnostics"":[],""latched_faults"":[],""reset_accepted"":false,""reset_reason"":"""",""reset_rejected"":false,""sample_index"":2}"
simulator_telemetry_disappearance,3,0,3,READY,READY,False,False,False,True,0,6.0,4,0,0.0,0.0,False,False,False,0,ACCEPTED,ACCEPTED,ACCEPTED,,,,,False,False,True,"{""motor_voltage_v"":0.0,""reason"":""sim_010_tick"",""relay_enable"":false,""sample_index"":3,""saturated"":false,""state"":""READY""}","{""encoder_liveness_established"":true,""encoder_stale_age_samples"":0,""relay_feedback_mismatch_samples"":0,""reset_accepted"":false,""reset_rejected"":false,""safe_output"":true,""sample_index"":3,""state"":""READY"",""supply_healthy"":true,""watchdog_missed_samples"":0}","{""command_disposition"":""ACCEPTED"",""command_saturated"":false,""encoder_disposition"":""ACCEPTED"",""encoder_position_rad"":0.0,""encoder_sequence"":4,""motor_command_v"":0.0,""relay_enable_command"":false,""relay_enable_feedback"":false,""requested_motor_voltage_v"":0.0,""safety_disposition"":""ACCEPTED"",""sample_index"":3,""state"":""READY"",""state_before"":""READY""}","{""active_raw_fault_sources"":[],""detected_faults"":[],""input_diagnostics"":[],""latched_faults"":[],""reset_accepted"":false,""reset_reason"":"""",""reset_rejected"":false,""sample_index"":3}"
simulator_telemetry_disappearance,4,0,4,READY,RUNNING,True,True,False,True,0,6.0,5,0,2.0,2.0,False,True,True,0,ACCEPTED,ACCEPTED,ACCEPTED,,,,,False,False,False,"{""motor_voltage_v"":2.0,""reason"":""sim_010_tick"",""relay_enable"":true,""sample_index"":4,""saturated"":false,""state"":""RUNNING""}","{""encoder_liveness_established"":true,""encoder_stale_age_samples"":0,""relay_feedback_mismatch_samples"":0,""reset_accepted"":false,""reset_rejected"":false,""safe_output"":false,""sample_index"":4,""state"":""RUNNING"",""supply_healthy"":true,""watchdog_missed_samples"":0}","{""command_disposition"":""ACCEPTED"",""command_saturated"":false,""encoder_disposition"":""ACCEPTED"",""encoder_position_rad"":0.0,""encoder_sequence"":5,""motor_command_v"":2.0,""relay_enable_command"":true,""relay_enable_feedback"":true,""requested_motor_voltage_v"":2.0,""safety_disposition"":""ACCEPTED"",""sample_index"":4,""state"":""RUNNING"",""state_before"":""READY""}","{""active_raw_fault_sources"":[],""detected_faults"":[],""input_diagnostics"":[],""latched_faults"":[],""reset_accepted"":false,""reset_reason"":"""",""reset_rejected"":false,""sample_index"":4}"
simulator_telemetry_disappearance,5,0,5,RUNNING,RUNNING,True,True,False,False,1,6.0,5,1,2.0,0.0,False,True,False,1,ACCEPTED,STALE,STALE,encoder_no_accepted_advance_this_tick|heartbeat_not_refreshed,,,RELAY_FEEDBACK_FAILURE,False,False,False,"{""motor_voltage_v"":0.0,""reason"":""sim_010_tick"",""relay_enable"":true,""sample_index"":5,""saturated"":false,""state"":""RUNNING""}","{""encoder_liveness_established"":true,""encoder_stale_age_samples"":1,""relay_feedback_mismatch_samples"":1,""reset_accepted"":false,""reset_rejected"":false,""safe_output"":false,""sample_index"":5,""state"":""RUNNING"",""supply_healthy"":true,""watchdog_missed_samples"":1}","{""command_disposition"":""ACCEPTED"",""command_saturated"":false,""encoder_disposition"":""STALE"",""encoder_position_rad"":0.0,""encoder_sequence"":5,""motor_command_v"":0.0,""relay_enable_command"":true,""relay_enable_feedback"":false,""requested_motor_voltage_v"":2.0,""safety_disposition"":""STALE"",""sample_index"":5,""state"":""RUNNING"",""state_before"":""RUNNING""}","{""active_raw_fault_sources"":[""RELAY_FEEDBACK_FAILURE""],""detected_faults"":[],""input_diagnostics"":[""encoder_no_accepted_advance_this_tick"",""heartbeat_not_refreshed""],""latched_faults"":[],""reset_accepted"":false,""reset_reason"":"""",""reset_rejected"":false,""sample_index"":5}"
simulator_telemetry_disappearance,6,0,6,RUNNING,FAULT_LATCHED,True,True,False,False,2,6.0,5,2,2.0,0.0,False,False,False,2,ACCEPTED,STALE,STALE,encoder_no_accepted_advance_this_tick|heartbeat_not_refreshed,RELAY_FEEDBACK_FAILURE,RELAY_FEEDBACK_FAILURE,RELAY_FEEDBACK_FAILURE,False,False,True,"{""motor_voltage_v"":0.0,""reason"":""sim_010_tick"",""relay_enable"":false,""sample_index"":6,""saturated"":false,""state"":""FAULT_LATCHED""}","{""encoder_liveness_established"":true,""encoder_stale_age_samples"":2,""relay_feedback_mismatch_samples"":2,""reset_accepted"":false,""reset_rejected"":false,""safe_output"":true,""sample_index"":6,""state"":""FAULT_LATCHED"",""supply_healthy"":true,""watchdog_missed_samples"":2}","{""command_disposition"":""ACCEPTED"",""command_saturated"":false,""encoder_disposition"":""STALE"",""encoder_position_rad"":0.0,""encoder_sequence"":5,""motor_command_v"":0.0,""relay_enable_command"":false,""relay_enable_feedback"":false,""requested_motor_voltage_v"":2.0,""safety_disposition"":""STALE"",""sample_index"":6,""state"":""FAULT_LATCHED"",""state_before"":""RUNNING""}","{""active_raw_fault_sources"":[""RELAY_FEEDBACK_FAILURE""],""detected_faults"":[""RELAY_FEEDBACK_FAILURE""],""input_diagnostics"":[""encoder_no_accepted_advance_this_tick"",""heartbeat_not_refreshed""],""latched_faults"":[""RELAY_FEEDBACK_FAILURE""],""reset_accepted"":false,""reset_reason"":"""",""reset_rejected"":false,""sample_index"":6}"
simulator_telemetry_disappearance,7,0,7,FAULT_LATCHED,FAULT_LATCHED,True,True,False,False,3,6.0,5,3,2.0,0.0,False,False,False,0,ACCEPTED,STALE,STALE,encoder_no_accepted_advance_this_tick|heartbeat_not_refreshed,WATCHDOG_TIMEOUT|ENCODER_STALE,WATCHDOG_TIMEOUT|ENCODER_STALE|RELAY_FEEDBACK_FAILURE,,False,False,True,"{""motor_voltage_v"":0.0,""reason"":""sim_010_tick"",""relay_enable"":false,""sample_index"":7,""saturated"":false,""state"":""FAULT_LATCHED""}","{""encoder_liveness_established"":true,""encoder_stale_age_samples"":3,""relay_feedback_mismatch_samples"":0,""reset_accepted"":false,""reset_rejected"":false,""safe_output"":true,""sample_index"":7,""state"":""FAULT_LATCHED"",""supply_healthy"":true,""watchdog_missed_samples"":3}","{""command_disposition"":""ACCEPTED"",""command_saturated"":false,""encoder_disposition"":""STALE"",""encoder_position_rad"":0.0,""encoder_sequence"":5,""motor_command_v"":0.0,""relay_enable_command"":false,""relay_enable_feedback"":false,""requested_motor_voltage_v"":2.0,""safety_disposition"":""STALE"",""sample_index"":7,""state"":""FAULT_LATCHED"",""state_before"":""FAULT_LATCHED""}","{""active_raw_fault_sources"":[],""detected_faults"":[""WATCHDOG_TIMEOUT"",""ENCODER_STALE""],""input_diagnostics"":[""encoder_no_accepted_advance_this_tick"",""heartbeat_not_refreshed""],""latched_faults"":[""WATCHDOG_TIMEOUT"",""ENCODER_STALE"",""RELAY_FEEDBACK_FAILURE""],""reset_accepted"":false,""reset_reason"":"""",""reset_rejected"":false,""sample_index"":7}"
